"NCBI","POS","fst_LB","fst_SB","fst_PL","highest","chrom","start","end"
"NC_036838.1",4090000,0,0,0.203761,0.203761,"chr036838.1",4040001,4140000
"NC_036838.1",4100000,0,0,0.231148,0.231148,"chr036838.1",4050001,4150000
"NC_036838.1",4110000,0,0,0.276159,0.276159,"chr036838.1",4060001,4160000
"NC_036838.1",4120000,0,0,0.278893,0.278893,"chr036838.1",4070001,4170000
"NC_036838.1",4130000,0,0,0.229822,0.229822,"chr036838.1",4080001,4180000
"NC_036838.1",4730000,0.258103,0.00280853,0.32056,0.32056,"chr036838.1",4680001,4780000
"NC_036838.1",4740000,0.251829,0.000667216,0.340916,0.340916,"chr036838.1",4690001,4790000
"NC_036838.1",4750000,0.280508,0.00811491,0.373915,0.373915,"chr036838.1",4700001,4800000
"NC_036838.1",4760000,0.283666,0,0.377541,0.377541,"chr036838.1",4710001,4810000
"NC_036838.1",4770000,0.294759,0,0.395634,0.395634,"chr036838.1",4720001,4820000
"NC_036838.1",4780000,0.320323,0,0.434477,0.434477,"chr036838.1",4730001,4830000
"NC_036838.1",4790000,0.167929,0,0.221503,0.221503,"chr036838.1",4740001,4840000
"NC_036838.1",4800000,0.162225,0.00273733,0.213477,0.213477,"chr036838.1",4750001,4850000
"NC_036838.1",4810000,0.156662,0.00345568,0.206598,0.206598,"chr036838.1",4760001,4860000
"NC_036838.1",5240000,0,0.0115081,0.205283,0.205283,"chr036838.1",5190001,5290000
"NC_036838.1",5250000,0,0.010351,0.248364,0.248364,"chr036838.1",5200001,5300000
"NC_036838.1",5260000,0,0.00759391,0.260769,0.260769,"chr036838.1",5210001,5310000
"NC_036838.1",5270000,0,0.00368564,0.265015,0.265015,"chr036838.1",5220001,5320000
"NC_036838.1",5280000,0,0,0.295279,0.295279,"chr036838.1",5230001,5330000
"NC_036838.1",5290000,0,0,0.305217,0.305217,"chr036838.1",5240001,5340000
"NC_036838.1",5300000,0,0.0049291,0.253903,0.253903,"chr036838.1",5250001,5350000
"NC_036838.1",5310000,0,0,0.226033,0.226033,"chr036838.1",5260001,5360000
"NC_036838.1",5320000,0,0,0.219212,0.219212,"chr036838.1",5270001,5370000
"NC_036838.1",6920000,0,0.0182471,0.203084,0.203084,"chr036838.1",6870001,6970000
"NC_036838.1",6960000,0.000574505,0.0659097,0.214426,0.214426,"chr036838.1",6910001,7010000
"NC_036838.1",6970000,0.00586967,0.062041,0.205368,0.205368,"chr036838.1",6920001,7020000
"NC_036838.1",10080000,0.215143,0.212769,0,0.215143,"chr036838.1",10030001,10130000
"NC_036838.1",10090000,0.225766,0.226103,0,0.226103,"chr036838.1",10040001,10140000
"NC_036838.1",10100000,0.260542,0.218847,0.0228828,0.260542,"chr036838.1",10050001,10150000
"NC_036838.1",10110000,0.261709,0.257574,0.0664997,0.261709,"chr036838.1",10060001,10160000
"NC_036838.1",10820000,0.222472,0.110333,0.0641417,0.222472,"chr036838.1",10770001,10870000
"NC_036838.1",10830000,0.221654,0.13515,0.0791426,0.221654,"chr036838.1",10780001,10880000
"NC_036838.1",13530000,0.00794835,0.0648068,0.251964,0.251964,"chr036838.1",13480001,13580000
"NC_036838.1",13540000,0.0156413,0.0716058,0.262487,0.262487,"chr036838.1",13490001,13590000
"NC_036838.1",13550000,0.0682524,0.0866321,0.339136,0.339136,"chr036838.1",13500001,13600000
"NC_036838.1",13560000,0.0412988,0.0557753,0.235705,0.235705,"chr036838.1",13510001,13610000
"NC_036838.1",13570000,0.0320271,0.0586671,0.199965,0.199965,"chr036838.1",13520001,13620000
"NC_036838.1",13580000,0.0446629,0.0647979,0.208908,0.208908,"chr036838.1",13530001,13630000
"NC_036838.1",13590000,0.0617138,0.0745112,0.221078,0.221078,"chr036838.1",13540001,13640000
"NC_036838.1",13600000,0.0645277,0.071228,0.219459,0.219459,"chr036838.1",13550001,13650000
"NC_036838.1",13610000,0.0696721,0.0746565,0.215653,0.215653,"chr036838.1",13560001,13660000
"NC_036838.1",13620000,0.0663549,0.0747843,0.203576,0.203576,"chr036838.1",13570001,13670000
"NC_036838.1",13670000,0.0718763,0.0918674,0.238975,0.238975,"chr036838.1",13620001,13720000
"NC_036838.1",13680000,0.059387,0.0878348,0.220759,0.220759,"chr036838.1",13630001,13730000
"NC_036838.1",13690000,0.0254779,0.076977,0.211179,0.211179,"chr036838.1",13640001,13740000
"NC_036838.1",13700000,0.031235,0.0918534,0.239464,0.239464,"chr036838.1",13650001,13750000
"NC_036838.1",13710000,0.0131498,0.0855748,0.280052,0.280052,"chr036838.1",13660001,13760000
"NC_036838.1",13720000,0.0310515,0.0876942,0.300158,0.300158,"chr036838.1",13670001,13770000
"NC_036838.1",13730000,0.0533688,0.10242,0.369177,0.369177,"chr036838.1",13680001,13780000
"NC_036838.1",13740000,0.0958256,0.108209,0.390802,0.390802,"chr036838.1",13690001,13790000
"NC_036838.1",13750000,0.0679415,0.0920395,0.340567,0.340567,"chr036838.1",13700001,13800000
"NC_036838.1",13760000,0.0803981,0.0759087,0.345322,0.345322,"chr036838.1",13710001,13810000
"NC_036838.1",13770000,0.0755074,0.0635754,0.347001,0.347001,"chr036838.1",13720001,13820000
"NC_036838.1",13780000,0.0899748,0.0732103,0.353609,0.353609,"chr036838.1",13730001,13830000
"NC_036838.1",13790000,0.0788554,0.0649984,0.328453,0.328453,"chr036838.1",13740001,13840000
"NC_036838.1",13800000,0.074885,0.0561957,0.318854,0.318854,"chr036838.1",13750001,13850000
"NC_036838.1",13810000,0.0635462,0.0524782,0.267367,0.267367,"chr036838.1",13760001,13860000
"NC_036838.1",13820000,0.0308951,0.0395013,0.2193,0.2193,"chr036838.1",13770001,13870000
"NC_036838.1",14030000,0.0231706,0.078004,0.214682,0.214682,"chr036838.1",13980001,14080000
"NC_036838.1",14040000,0.0509864,0.0941088,0.245129,0.245129,"chr036838.1",13990001,14090000
"NC_036838.1",14050000,0.044561,0.0885522,0.232979,0.232979,"chr036838.1",14000001,14100000
"NC_036838.1",14060000,0.0337159,0.0990756,0.23613,0.23613,"chr036838.1",14010001,14110000
"NC_036838.1",14070000,0.0304407,0.0903629,0.211407,0.211407,"chr036838.1",14020001,14120000
"NC_036838.1",14090000,0.0394929,0.091097,0.231376,0.231376,"chr036838.1",14040001,14140000
"NC_036838.1",14100000,0.0424921,0.0806364,0.222813,0.222813,"chr036838.1",14050001,14150000
"NC_036838.1",14110000,0.0245681,0.0789674,0.210386,0.210386,"chr036838.1",14060001,14160000
"NC_036838.1",14290000,0.22313,0.151114,0.1527,0.22313,"chr036838.1",14240001,14340000
"NC_036838.1",14300000,0.247083,0.206417,0.19667,0.247083,"chr036838.1",14250001,14350000
"NC_036838.1",14310000,0.16015,0.147924,0.235274,0.235274,"chr036838.1",14260001,14360000
"NC_036838.1",14320000,0.118981,0.119344,0.241846,0.241846,"chr036838.1",14270001,14370000
"NC_036838.1",14330000,0.102519,0.113707,0.228087,0.228087,"chr036838.1",14280001,14380000
"NC_036838.1",14340000,0.103364,0.103307,0.215979,0.215979,"chr036838.1",14290001,14390000
"NC_036838.1",14350000,0.0823138,0.0758153,0.221429,0.221429,"chr036838.1",14300001,14400000
"NC_036838.1",14360000,0.0484436,0.0440089,0.200969,0.200969,"chr036838.1",14310001,14410000
"NC_036838.1",14370000,0.0322622,0.0294126,0.200042,0.200042,"chr036838.1",14320001,14420000
"NC_036838.1",14390000,0,0,0.20004,0.20004,"chr036838.1",14340001,14440000
"NC_036838.1",14400000,0,0,0.199688,0.199688,"chr036838.1",14350001,14450000
"NC_036838.1",14530000,0.0202453,0.0599387,0.27731,0.27731,"chr036838.1",14480001,14580000
"NC_036838.1",14540000,0.00687848,0.0684801,0.312633,0.312633,"chr036838.1",14490001,14590000
"NC_036838.1",14550000,0,0.0413862,0.262039,0.262039,"chr036838.1",14500001,14600000
"NC_036838.1",14590000,0,0.0426249,0.236427,0.236427,"chr036838.1",14540001,14640000
"NC_036838.1",14800000,0.270822,0.0460949,0,0.270822,"chr036838.1",14750001,14850000
"NC_036838.1",14810000,0.263658,0.0592608,0,0.263658,"chr036838.1",14760001,14860000
"NC_036838.1",14820000,0.251679,0.0501109,0,0.251679,"chr036838.1",14770001,14870000
"NC_036838.1",14830000,0.229904,0.0629449,0,0.229904,"chr036838.1",14780001,14880000
"NC_036838.1",14940000,0.210355,0.0265761,0,0.210355,"chr036838.1",14890001,14990000
"NC_036838.1",14950000,0.225515,0.0321626,0,0.225515,"chr036838.1",14900001,1.5e+07
"NC_036838.1",14960000,0.235195,0.0424632,0,0.235195,"chr036838.1",14910001,15010000
"NC_036838.1",14970000,0.236317,0.0403634,0,0.236317,"chr036838.1",14920001,15020000
"NC_036838.1",14980000,0.218523,0.0304988,0,0.218523,"chr036838.1",14930001,15030000
"NC_036838.1",16970000,0.20199,0,0,0.20199,"chr036838.1",16920001,17020000
"NC_036838.1",16980000,0.271008,0,0,0.271008,"chr036838.1",16930001,17030000
"NC_036838.1",16990000,0.374685,0,0,0.374685,"chr036838.1",16940001,17040000
"NC_036838.1",1.7e+07,0.393993,0,0,0.393993,"chr036838.1",16950001,17050000
"NC_036838.1",17010000,0.421151,0,0,0.421151,"chr036838.1",16960001,17060000
"NC_036838.1",17020000,0.432153,0.0302485,0,0.432153,"chr036838.1",16970001,17070000
"NC_036838.1",17030000,0.416654,0.0304808,0,0.416654,"chr036838.1",16980001,17080000
"NC_036838.1",17040000,0.347108,0.048887,0,0.347108,"chr036838.1",16990001,17090000
"NC_036838.1",17050000,0.281688,0.0494322,0.0125012,0.281688,"chr036838.1",17000001,17100000
"NC_036838.1",17060000,0.294871,0.0486448,0.0193583,0.294871,"chr036838.1",17010001,17110000
"NC_036838.1",17070000,0.237053,0.0352959,0,0.237053,"chr036838.1",17020001,17120000
"NC_036838.1",17240000,0.0167733,0.223692,0.00367352,0.223692,"chr036838.1",17190001,17290000
"NC_036838.1",17250000,0.0161483,0.281278,0.00466688,0.281278,"chr036838.1",17200001,17300000
"NC_036838.1",17260000,0.02224,0.343456,0.0203564,0.343456,"chr036838.1",17210001,17310000
"NC_036838.1",17270000,0.0305787,0.312626,0.0224804,0.312626,"chr036838.1",17220001,17320000
"NC_036838.1",17280000,0.0320801,0.273918,0.0342767,0.273918,"chr036838.1",17230001,17330000
"NC_036838.1",17290000,0.0382162,0.276827,0.0351071,0.276827,"chr036838.1",17240001,17340000
"NC_036838.1",17300000,0.029194,0.248335,0.036407,0.248335,"chr036838.1",17250001,17350000
"NC_036838.1",17310000,0.0298115,0.232355,0.0312273,0.232355,"chr036838.1",17260001,17360000
"NC_036838.1",17320000,0.0223131,0.219427,0.0294782,0.219427,"chr036838.1",17270001,17370000
"NC_036838.1",17330000,0.0212684,0.207064,0.0282016,0.207064,"chr036838.1",17280001,17380000
"NC_036838.1",17780000,0.0603117,0.239733,0,0.239733,"chr036838.1",17730001,17830000
"NC_036838.1",17790000,0.0349566,0.212425,0,0.212425,"chr036838.1",17740001,17840000
"NC_036838.1",18560000,0.0700262,0,0.204042,0.204042,"chr036838.1",18510001,18610000
"NC_036838.1",18570000,0.0462542,0.0224465,0.240453,0.240453,"chr036838.1",18520001,18620000
"NC_036838.1",18580000,0.0416335,0.0243212,0.23613,0.23613,"chr036838.1",18530001,18630000
"NC_036838.1",18590000,0.0576688,0.0136233,0.231608,0.231608,"chr036838.1",18540001,18640000
"NC_036838.1",18600000,0.052709,0.0100578,0.22965,0.22965,"chr036838.1",18550001,18650000
"NC_036838.1",18610000,0.0531202,0.00269056,0.227295,0.227295,"chr036838.1",18560001,18660000
"NC_036838.1",18620000,0.0543786,0.00597477,0.23242,0.23242,"chr036838.1",18570001,18670000
"NC_036838.1",18630000,0.0577281,0,0.227702,0.227702,"chr036838.1",18580001,18680000
"NC_036838.1",18640000,0.0461649,0.0103452,0.256092,0.256092,"chr036838.1",18590001,18690000
"NC_036838.1",18650000,0.0460783,0.0346017,0.259884,0.259884,"chr036838.1",18600001,18700000
"NC_036838.1",18660000,0.0251054,0.074536,0.217621,0.217621,"chr036838.1",18610001,18710000
"NC_036838.1",20190000,0.086008,0.199005,0.0585365,0.199005,"chr036838.1",20140001,20240000
"NC_036838.1",20200000,0.0731265,0.206115,0.0483546,0.206115,"chr036838.1",20150001,20250000
"NC_036838.1",20210000,0.0697481,0.204018,0.0543522,0.204018,"chr036838.1",20160001,20260000
"NC_036838.1",20670000,0,0.277454,0,0.277454,"chr036838.1",20620001,20720000
"NC_036838.1",20680000,0,0.310345,0,0.310345,"chr036838.1",20630001,20730000
"NC_036838.1",20690000,0,0.325665,0,0.325665,"chr036838.1",20640001,20740000
"NC_036838.1",20700000,0,0.340292,0,0.340292,"chr036838.1",20650001,20750000
"NC_036838.1",20710000,0,0.417491,0,0.417491,"chr036838.1",20660001,20760000
"NC_036838.1",20720000,0.00295201,0.457746,0,0.457746,"chr036838.1",20670001,20770000
"NC_036838.1",20730000,0.00228256,0.550576,0,0.550576,"chr036838.1",20680001,20780000
"NC_036838.1",20740000,0.00859209,0.543417,0,0.543417,"chr036838.1",20690001,20790000
"NC_036838.1",20750000,0.0157743,0.508798,0,0.508798,"chr036838.1",20700001,20800000
"NC_036838.1",20760000,0.0293661,0.449739,0.021338,0.449739,"chr036838.1",20710001,20810000
"NC_036838.1",20770000,0.0654127,0.270052,0.0459325,0.270052,"chr036838.1",20720001,20820000
"NC_036838.1",20780000,0.0461419,0.216229,0.0361798,0.216229,"chr036838.1",20730001,20830000
"NC_036838.1",20930000,0.15442,0.156267,0.248189,0.248189,"chr036838.1",20880001,20980000
"NC_036838.1",20940000,0.194475,0.168267,0.320448,0.320448,"chr036838.1",20890001,20990000
"NC_036838.1",20950000,0.241662,0.156668,0.411019,0.411019,"chr036838.1",20900001,2.1e+07
"NC_036838.1",20960000,0.233153,0.157698,0.441597,0.441597,"chr036838.1",20910001,21010000
"NC_036838.1",20970000,0.225565,0.158705,0.419641,0.419641,"chr036838.1",20920001,21020000
"NC_036838.1",20980000,0.226035,0.140524,0.410507,0.410507,"chr036838.1",20930001,21030000
"NC_036838.1",20990000,0.221022,0.144474,0.439038,0.439038,"chr036838.1",20940001,21040000
"NC_036838.1",2.1e+07,0.214908,0.132057,0.452134,0.452134,"chr036838.1",20950001,21050000
"NC_036838.1",21010000,0.193252,0.0869983,0.438388,0.438388,"chr036838.1",20960001,21060000
"NC_036838.1",21020000,0.18585,0.052934,0.41608,0.41608,"chr036838.1",20970001,21070000
"NC_036838.1",21030000,0.174462,0.0523132,0.389248,0.389248,"chr036838.1",20980001,21080000
"NC_036838.1",21040000,0.129256,0.0412441,0.364688,0.364688,"chr036838.1",20990001,21090000
"NC_036838.1",21050000,0,0.0221034,0.290015,0.290015,"chr036838.1",21000001,21100000
"NC_036838.1",21060000,0,0.025428,0.259589,0.259589,"chr036838.1",21010001,21110000
"NC_036838.1",21070000,0,0.0157481,0.247546,0.247546,"chr036838.1",21020001,21120000
"NC_036838.1",21080000,0.000685987,0.00937338,0.249857,0.249857,"chr036838.1",21030001,21130000
"NC_036838.1",21090000,0.00587913,0,0.218642,0.218642,"chr036838.1",21040001,21140000
"NC_036838.1",21100000,0.00662929,0,0.206058,0.206058,"chr036838.1",21050001,21150000
"NC_036838.1",22300000,0.0484915,0,0.201808,0.201808,"chr036838.1",22250001,22350000
"NC_036838.1",25670000,0.202681,0.0607543,0.0683658,0.202681,"chr036838.1",25620001,25720000
"NC_036838.1",25680000,0.242533,0.0768981,0.0692847,0.242533,"chr036838.1",25630001,25730000
"NC_036838.1",26930000,0,0,0.271179,0.271179,"chr036838.1",26880001,26980000
"NC_036838.1",26940000,0,0.00593451,0.349271,0.349271,"chr036838.1",26890001,26990000
"NC_036838.1",26950000,0,0,0.350239,0.350239,"chr036838.1",26900001,2.7e+07
"NC_036838.1",26960000,0,0,0.348079,0.348079,"chr036838.1",26910001,27010000
"NC_036838.1",26970000,0,0,0.362848,0.362848,"chr036838.1",26920001,27020000
"NC_036838.1",26980000,0.00998289,0,0.361399,0.361399,"chr036838.1",26930001,27030000
"NC_036838.1",27480000,0.0603863,0.255463,0,0.255463,"chr036838.1",27430001,27530000
"NC_036838.1",27490000,0.0616336,0.269008,0,0.269008,"chr036838.1",27440001,27540000
"NC_036838.1",27500000,0.0698771,0.235293,0,0.235293,"chr036838.1",27450001,27550000
"NC_036838.1",27510000,0.0637688,0.238823,0,0.238823,"chr036838.1",27460001,27560000
"NC_036838.1",27520000,0.055594,0.261964,0,0.261964,"chr036838.1",27470001,27570000
"NC_036838.1",27530000,0.0592075,0.265307,0,0.265307,"chr036838.1",27480001,27580000
"NC_036838.1",27540000,0.0628686,0.271541,0,0.271541,"chr036838.1",27490001,27590000
"NC_036838.1",27610000,0.202362,0.0455498,0,0.202362,"chr036838.1",27560001,27660000
"NC_036838.1",27620000,0.217622,0.0325835,0,0.217622,"chr036838.1",27570001,27670000
"NC_036838.1",27630000,0.233419,0.0184168,0,0.233419,"chr036838.1",27580001,27680000
"NC_036838.1",27640000,0.241932,0.0205877,0,0.241932,"chr036838.1",27590001,27690000
"NC_036838.1",27750000,0.0241384,0.249664,0,0.249664,"chr036838.1",27700001,27800000
"NC_036838.1",27760000,0.0241884,0.264715,0.00890611,0.264715,"chr036838.1",27710001,27810000
"NC_036838.1",27770000,0.0320937,0.287774,0.0161848,0.287774,"chr036838.1",27720001,27820000
"NC_036838.1",27780000,0.0332861,0.302535,0.0177916,0.302535,"chr036838.1",27730001,27830000
"NC_036838.1",27790000,0.0377113,0.332562,0.0176057,0.332562,"chr036838.1",27740001,27840000
"NC_036838.1",27800000,0.0343765,0.321838,0.0206765,0.321838,"chr036838.1",27750001,27850000
"NC_036838.1",27810000,0.0332016,0.306903,0.0174215,0.306903,"chr036838.1",27760001,27860000
"NC_036838.1",27820000,0.033867,0.288793,0.0213371,0.288793,"chr036838.1",27770001,27870000
"NC_036838.1",27830000,0.0377667,0.300932,0.023172,0.300932,"chr036838.1",27780001,27880000
"NC_036838.1",27840000,0.037978,0.301541,0.0314023,0.301541,"chr036838.1",27790001,27890000
"NC_036838.1",28130000,0.202664,0,0,0.202664,"chr036838.1",28080001,28180000
"NC_036838.1",28140000,0.211269,0,0,0.211269,"chr036838.1",28090001,28190000
"NC_036838.1",28150000,0.223343,0,0,0.223343,"chr036838.1",28100001,28200000
"NC_036838.1",28160000,0.208979,0,0,0.208979,"chr036838.1",28110001,28210000
"NC_036838.1",28300000,0.234908,0,0.0547294,0.234908,"chr036838.1",28250001,28350000
"NC_036838.1",28310000,0.39045,0,0.0214602,0.39045,"chr036838.1",28260001,28360000
"NC_036838.1",28320000,0.426148,0,0.0111246,0.426148,"chr036838.1",28270001,28370000
"NC_036838.1",28330000,0.437724,0,0.00840313,0.437724,"chr036838.1",28280001,28380000
"NC_036838.1",28340000,0.462089,0,0.00493442,0.462089,"chr036838.1",28290001,28390000
"NC_036838.1",28350000,0.400541,0,0,0.400541,"chr036838.1",28300001,28400000
"NC_036838.1",28360000,0.375927,0,0,0.375927,"chr036838.1",28310001,28410000
"NC_036838.1",28370000,0.35827,0,0,0.35827,"chr036838.1",28320001,28420000
"NC_036838.1",28380000,0.250686,0,0.0020915,0.250686,"chr036838.1",28330001,28430000
"NC_036838.1",28390000,0.214882,0,0,0.214882,"chr036838.1",28340001,28440000
"NC_036838.1",28730000,0.0185198,0.00638445,0.220214,0.220214,"chr036838.1",28680001,28780000
"NC_036838.1",28740000,0.0270454,0.00448258,0.249413,0.249413,"chr036838.1",28690001,28790000
"NC_036838.1",28750000,0.0346458,0.019179,0.234032,0.234032,"chr036838.1",28700001,28800000
"NC_036838.1",28760000,0.0438535,0.00771456,0.228538,0.228538,"chr036838.1",28710001,28810000
"NC_036838.1",28770000,0.0380322,0.0137151,0.219792,0.219792,"chr036838.1",28720001,28820000
"NC_036838.1",29550000,0.255524,0,0.0415704,0.255524,"chr036838.1",29500001,29600000
"NC_036838.1",29560000,0.248696,0,0.0384335,0.248696,"chr036838.1",29510001,29610000
"NC_036838.1",29570000,0.253702,0,0.0377833,0.253702,"chr036838.1",29520001,29620000
"NC_036838.1",29580000,0.258248,0,0.0243295,0.258248,"chr036838.1",29530001,29630000
"NC_036838.1",29590000,0.199145,0.0130588,0.00788886,0.199145,"chr036838.1",29540001,29640000
"NC_036838.1",29600000,0.20587,0.0357624,0,0.20587,"chr036838.1",29550001,29650000
"NC_036838.1",29610000,0.209089,0.0370618,0,0.209089,"chr036838.1",29560001,29660000
"NC_036838.1",29620000,0.22462,0.0400221,0,0.22462,"chr036838.1",29570001,29670000
"NC_036838.1",30980000,0,0.0176107,0.214942,0.214942,"chr036838.1",30930001,31030000
"NC_036838.1",30990000,0,0.0323847,0.226952,0.226952,"chr036838.1",30940001,31040000
"NC_036838.1",3.1e+07,0,0.0177497,0.211739,0.211739,"chr036838.1",30950001,31050000
"NC_036838.1",31010000,0,0.0222994,0.223946,0.223946,"chr036838.1",30960001,31060000
"NC_036838.1",31180000,0.0238416,0.0436036,0.243827,0.243827,"chr036838.1",31130001,31230000
"NC_036838.1",31190000,0.0133965,0.0348908,0.209831,0.209831,"chr036838.1",31140001,31240000
"NC_036838.1",31200000,0.0140002,0.0344005,0.204102,0.204102,"chr036838.1",31150001,31250000
"NC_036838.1",31210000,0.0265334,0.0198081,0.215489,0.215489,"chr036838.1",31160001,31260000
"NC_036838.1",31220000,0.0279869,0.0183348,0.209627,0.209627,"chr036838.1",31170001,31270000
"NC_036838.1",31330000,0.0397321,0.0616456,0.208964,0.208964,"chr036838.1",31280001,31380000
"NC_036838.1",31350000,0.0289996,0.0840148,0.222119,0.222119,"chr036838.1",31300001,31400000
"NC_036838.1",31360000,0.0205036,0.0799241,0.212653,0.212653,"chr036838.1",31310001,31410000
"NC_036838.1",33090000,0.238655,0.122018,0,0.238655,"chr036838.1",33040001,33140000
"NC_036838.1",33100000,0.281294,0.128968,0,0.281294,"chr036838.1",33050001,33150000
"NC_036838.1",35170000,0,0.205929,0.0611636,0.205929,"chr036838.1",35120001,35220000
"NC_036838.1",35180000,0,0.224652,0.087408,0.224652,"chr036838.1",35130001,35230000
"NC_036838.1",35190000,0,0.306111,0.148223,0.306111,"chr036838.1",35140001,35240000
"NC_036838.1",35200000,0.00357415,0.315925,0.158385,0.315925,"chr036838.1",35150001,35250000
"NC_036838.1",35210000,0.00848572,0.346686,0.196374,0.346686,"chr036838.1",35160001,35260000
"NC_036838.1",35220000,0.000271376,0.251636,0.141989,0.251636,"chr036838.1",35170001,35270000
"NC_036838.1",35230000,0.00508031,0.25998,0.148248,0.25998,"chr036838.1",35180001,35280000
"NC_036838.1",35240000,0.00115089,0.265751,0.167374,0.265751,"chr036838.1",35190001,35290000
"NC_036838.1",35250000,0.00782658,0.263503,0.168613,0.263503,"chr036838.1",35200001,35300000
"NC_036838.1",35260000,0.0078548,0.275684,0.179092,0.275684,"chr036838.1",35210001,35310000
"NC_036838.1",35270000,0.00463396,0.284995,0.176964,0.284995,"chr036838.1",35220001,35320000
"NC_036838.1",35280000,0,0.241111,0.167489,0.241111,"chr036838.1",35230001,35330000
"NC_036838.1",35290000,0,0.221116,0.144075,0.221116,"chr036838.1",35240001,35340000
"NC_036838.1",35300000,0,0.208123,0.141489,0.208123,"chr036838.1",35250001,35350000
"NC_036838.1",35320000,0,0.232089,0.173533,0.232089,"chr036838.1",35270001,35370000
"NC_036838.1",35330000,0,0.24642,0.185807,0.24642,"chr036838.1",35280001,35380000
"NC_036838.1",35340000,0,0.235707,0.143208,0.235707,"chr036838.1",35290001,35390000
"NC_036838.1",35350000,0,0.212251,0.110252,0.212251,"chr036838.1",35300001,35400000
"NC_036838.1",35390000,0.00637262,0.208168,0.0526042,0.208168,"chr036838.1",35340001,35440000
"NC_036838.1",35400000,0.0092221,0.219663,0.058672,0.219663,"chr036838.1",35350001,35450000
"NC_036838.1",35410000,0.0105389,0.233148,0.0574193,0.233148,"chr036838.1",35360001,35460000
"NC_036838.1",35420000,0,0.204876,0.0139692,0.204876,"chr036838.1",35370001,35470000
"NC_036838.1",35550000,0,0.237488,0.00540713,0.237488,"chr036838.1",35500001,35600000
"NC_036838.1",35580000,0,0.25268,0,0.25268,"chr036838.1",35530001,35630000
"NC_036838.1",35600000,0.0176922,0.23041,0,0.23041,"chr036838.1",35550001,35650000
"NC_036838.1",35610000,0.0189853,0.211121,0,0.211121,"chr036838.1",35560001,35660000
"NC_036838.1",36400000,0,0.0834056,0.211303,0.211303,"chr036838.1",36350001,36450000
"NC_036838.1",36410000,0,0.0773694,0.215975,0.215975,"chr036838.1",36360001,36460000
"NC_036838.1",36420000,0,0.0626806,0.205148,0.205148,"chr036838.1",36370001,36470000
"NC_036838.1",36430000,0,0.0650225,0.223587,0.223587,"chr036838.1",36380001,36480000
"NC_036838.1",36440000,0,0.0708961,0.218011,0.218011,"chr036838.1",36390001,36490000
"NC_036838.1",36450000,0,0.0712208,0.200445,0.200445,"chr036838.1",36400001,36500000
"NC_036838.1",36460000,0,0.073993,0.205642,0.205642,"chr036838.1",36410001,36510000
"NC_036838.1",36470000,0,0.094028,0.201109,0.201109,"chr036838.1",36420001,36520000
"NC_036838.1",37660000,0,0.247123,0,0.247123,"chr036838.1",37610001,37710000
"NC_036838.1",37670000,0,0.247795,0,0.247795,"chr036838.1",37620001,37720000
"NC_036838.1",37680000,0,0.25872,0,0.25872,"chr036838.1",37630001,37730000
"NC_036838.1",37690000,0,0.270397,0,0.270397,"chr036838.1",37640001,37740000
"NC_036838.1",37700000,0,0.290753,0,0.290753,"chr036838.1",37650001,37750000
"NC_036838.1",37710000,0,0.272808,0,0.272808,"chr036838.1",37660001,37760000
"NC_036838.1",37720000,0,0.279452,0,0.279452,"chr036838.1",37670001,37770000
"NC_036838.1",37730000,0,0.258812,0,0.258812,"chr036838.1",37680001,37780000
"NC_036838.1",37740000,0,0.25004,0,0.25004,"chr036838.1",37690001,37790000
"NC_036838.1",37750000,0,0.235507,0,0.235507,"chr036838.1",37700001,37800000
"NC_036838.1",39380000,0.0297697,0.201811,0.0496488,0.201811,"chr036838.1",39330001,39430000
"NC_036838.1",40400000,0.219292,0.0120027,0,0.219292,"chr036838.1",40350001,40450000
"NC_036838.1",40410000,0.29556,0.00559673,0,0.29556,"chr036838.1",40360001,40460000
"NC_036838.1",40420000,0.314064,0.00104397,0,0.314064,"chr036838.1",40370001,40470000
"NC_036838.1",40430000,0.332151,0,0,0.332151,"chr036838.1",40380001,40480000
"NC_036838.1",40440000,0.307405,0,0,0.307405,"chr036838.1",40390001,40490000
"NC_036838.1",40450000,0.350418,0,0,0.350418,"chr036838.1",40400001,40500000
"NC_036838.1",40460000,0.408075,0,0.00760608,0.408075,"chr036838.1",40410001,40510000
"NC_036838.1",40470000,0.371884,0,0.0319406,0.371884,"chr036838.1",40420001,40520000
"NC_036838.1",40480000,0.354685,0,0.0183747,0.354685,"chr036838.1",40430001,40530000
"NC_036838.1",40490000,0.371114,0,0.0164598,0.371114,"chr036838.1",40440001,40540000
"NC_036838.1",40500000,0.377878,0,0.0112344,0.377878,"chr036838.1",40450001,40550000
"NC_036838.1",40510000,0.375906,0,0.031734,0.375906,"chr036838.1",40460001,40560000
"NC_036838.1",40520000,0.390114,0,0.0410465,0.390114,"chr036838.1",40470001,40570000
"NC_036838.1",40530000,0.368453,0,0.0534521,0.368453,"chr036838.1",40480001,40580000
"NC_036838.1",40540000,0.368681,0,0.0535823,0.368681,"chr036838.1",40490001,40590000
"NC_036838.1",40550000,0.343149,0,0.0584628,0.343149,"chr036838.1",40500001,40600000
"NC_036838.1",40560000,0.267674,0.000118819,0.0561543,0.267674,"chr036838.1",40510001,40610000
"NC_036838.1",40570000,0.267137,0,0.0506698,0.267137,"chr036838.1",40520001,40620000
"NC_036838.1",40580000,0.262574,0,0.0602484,0.262574,"chr036838.1",40530001,40630000
"NC_036838.1",40590000,0.25111,0,0.0646195,0.25111,"chr036838.1",40540001,40640000
"NC_036838.1",40600000,0.211917,0,0.0708538,0.211917,"chr036838.1",40550001,40650000
"NC_036838.1",41070000,0.205996,0.000320574,0.0480713,0.205996,"chr036838.1",41020001,41120000
"NC_036838.1",41080000,0.206378,0.00199278,0.0468563,0.206378,"chr036838.1",41030001,41130000
"NC_036838.1",41090000,0.351242,0.0259757,0.0616267,0.351242,"chr036838.1",41040001,41140000
"NC_036838.1",41100000,0.424858,0.0728886,0.0740786,0.424858,"chr036838.1",41050001,41150000
"NC_036838.1",41110000,0.382798,0.0655065,0.0994581,0.382798,"chr036838.1",41060001,41160000
"NC_036838.1",41120000,0.409986,0.0663662,0.0873363,0.409986,"chr036838.1",41070001,41170000
"NC_036838.1",41130000,0.431302,0.076562,0.0669507,0.431302,"chr036838.1",41080001,41180000
"NC_036838.1",41140000,0.428012,0.0672001,0.062633,0.428012,"chr036838.1",41090001,41190000
"NC_036838.1",41150000,0.417706,0.0732935,0.0557183,0.417706,"chr036838.1",41100001,41200000
"NC_036838.1",41160000,0.44419,0.0505943,0.0499015,0.44419,"chr036838.1",41110001,41210000
"NC_036838.1",41170000,0.445232,0.0187058,0.0575809,0.445232,"chr036838.1",41120001,41220000
"NC_036838.1",41180000,0.433513,0.0213418,0.0511175,0.433513,"chr036838.1",41130001,41230000
"NC_036838.1",41190000,0.42351,0.0155895,0.0531542,0.42351,"chr036838.1",41140001,41240000
"NC_036838.1",41200000,0.430405,0,0.0483579,0.430405,"chr036838.1",41150001,41250000
"NC_036838.1",41210000,0.478326,0,0.0109624,0.478326,"chr036838.1",41160001,41260000
"NC_036838.1",41220000,0.393327,0,0.0128063,0.393327,"chr036838.1",41170001,41270000
"NC_036838.1",41230000,0.393144,0,0.018084,0.393144,"chr036838.1",41180001,41280000
"NC_036838.1",41240000,0.415682,0,0.0239596,0.415682,"chr036838.1",41190001,41290000
"NC_036838.1",41250000,0.355915,0,0.0234274,0.355915,"chr036838.1",41200001,41300000
"NC_036838.1",41260000,0.300538,0.0060068,0.0266642,0.300538,"chr036838.1",41210001,41310000
"NC_036838.1",41270000,0.224249,0.0116686,0.000421977,0.224249,"chr036838.1",41220001,41320000
"NC_036838.1",41280000,0.20415,0.00664824,0.00402165,0.20415,"chr036838.1",41230001,41330000
"NC_036838.1",41290000,0.215091,0.00842181,0.00602622,0.215091,"chr036838.1",41240001,41340000
"NC_036838.1",41400000,0.234745,0,0.00738438,0.234745,"chr036838.1",41350001,41450000
"NC_036838.1",41410000,0.246411,0.00224161,0,0.246411,"chr036838.1",41360001,41460000
"NC_036838.1",41420000,0.246546,0.00249508,0.00247678,0.246546,"chr036838.1",41370001,41470000
"NC_036838.1",41430000,0.230182,0.00822899,0,0.230182,"chr036838.1",41380001,41480000
"NC_036838.1",41440000,0.228995,0.00966478,0,0.228995,"chr036838.1",41390001,41490000
"NC_036838.1",41450000,0.249661,0.0428252,0,0.249661,"chr036838.1",41400001,41500000
"NC_036838.1",41460000,0.223801,0.0510405,0,0.223801,"chr036838.1",41410001,41510000
"NC_036838.1",41470000,0.252081,0.105342,0,0.252081,"chr036838.1",41420001,41520000
"NC_036838.1",41480000,0.227514,0.109827,0,0.227514,"chr036838.1",41430001,41530000
"NC_036838.1",42370000,0,0.203107,0.0384178,0.203107,"chr036838.1",42320001,42420000
"NC_036838.1",42380000,0,0.207067,0.041932,0.207067,"chr036838.1",42330001,42430000
"NC_036838.1",42390000,0,0.216553,0.0481365,0.216553,"chr036838.1",42340001,42440000
"NC_036838.1",42400000,0,0.204214,0.0492818,0.204214,"chr036838.1",42350001,42450000
"NC_036838.1",44530000,0,0.226932,0,0.226932,"chr036838.1",44480001,44580000
"NC_036838.1",44540000,0,0.234613,0,0.234613,"chr036838.1",44490001,44590000
"NC_036838.1",52420000,0.220086,0,0,0.220086,"chr036838.1",52370001,52470000
"NC_036838.1",52430000,0.271245,0,0,0.271245,"chr036838.1",52380001,52480000
"NC_036838.1",52440000,0.255692,0,0,0.255692,"chr036838.1",52390001,52490000
"NC_036838.1",52450000,0.247702,0,0,0.247702,"chr036838.1",52400001,52500000
"NC_036838.1",52460000,0.241299,0,0,0.241299,"chr036838.1",52410001,52510000
"NC_036838.1",52470000,0.262457,0,0,0.262457,"chr036838.1",52420001,52520000
"NC_036838.1",52480000,0.227958,0,0,0.227958,"chr036838.1",52430001,52530000
"NC_036838.1",52490000,0.210952,0,0,0.210952,"chr036838.1",52440001,52540000
"NC_036838.1",52500000,0.211761,0,0,0.211761,"chr036838.1",52450001,52550000
"NC_036838.1",52510000,0.199159,0,0,0.199159,"chr036838.1",52460001,52560000
"NC_036838.1",55090000,0,0.201087,0,0.201087,"chr036838.1",55040001,55140000
"NC_036838.1",55100000,0,0.275062,0,0.275062,"chr036838.1",55050001,55150000
"NC_036838.1",55110000,0,0.237345,0,0.237345,"chr036838.1",55060001,55160000
"NC_036838.1",55120000,0,0.212991,0,0.212991,"chr036838.1",55070001,55170000
"NC_036838.1",55130000,0,0.20043,0,0.20043,"chr036838.1",55080001,55180000
"NC_036838.1",55940000,0.253757,0.098153,0.233022,0.253757,"chr036838.1",55890001,55990000
"NC_036838.1",55980000,0.200973,0.140809,0.180121,0.200973,"chr036838.1",55930001,56030000
"NC_036838.1",55990000,0.224346,0.180004,0.215895,0.224346,"chr036838.1",55940001,56040000
"NC_036838.1",5.6e+07,0.226708,0.17424,0.208608,0.226708,"chr036838.1",55950001,56050000
"NC_036838.1",56010000,0.21366,0.162167,0.186104,0.21366,"chr036838.1",55960001,56060000
"NC_036838.1",57590000,0.00141119,0.228346,0,0.228346,"chr036838.1",57540001,57640000
"NC_036838.1",57600000,0.0055651,0.219768,0,0.219768,"chr036838.1",57550001,57650000
"NC_036838.1",57610000,0.00866996,0.238872,0,0.238872,"chr036838.1",57560001,57660000
"NC_036838.1",57620000,0.0145,0.250533,0,0.250533,"chr036838.1",57570001,57670000
"NC_036838.1",57630000,0.0222904,0.263023,0,0.263023,"chr036838.1",57580001,57680000
"NC_036838.1",57640000,0.0290056,0.242183,0,0.242183,"chr036838.1",57590001,57690000
"NC_036839.1",1040000,0.204378,0,0.0364308,0.204378,"chr036839.1",990001,1090000
"NC_036839.1",1050000,0.211488,0,0.0402206,0.211488,"chr036839.1",1000001,1100000
"NC_036839.1",1060000,0.215548,0,0.0394556,0.215548,"chr036839.1",1010001,1110000
"NC_036839.1",1070000,0.218707,0.00581342,0.060712,0.218707,"chr036839.1",1020001,1120000
"NC_036839.1",1150000,0.25016,0.242216,0.292095,0.292095,"chr036839.1",1100001,1200000
"NC_036839.1",1160000,0.25944,0.26292,0.288512,0.288512,"chr036839.1",1110001,1210000
"NC_036839.1",1170000,0.2496,0.258148,0.281313,0.281313,"chr036839.1",1120001,1220000
"NC_036839.1",1180000,0.261552,0.291345,0.288244,0.291345,"chr036839.1",1130001,1230000
"NC_036839.1",1190000,0.277822,0.302094,0.324992,0.324992,"chr036839.1",1140001,1240000
"NC_036839.1",1200000,0.284643,0.305752,0.339455,0.339455,"chr036839.1",1150001,1250000
"NC_036839.1",1210000,0.31762,0.348135,0.364532,0.364532,"chr036839.1",1160001,1260000
"NC_036839.1",1220000,0.314249,0.346196,0.365361,0.365361,"chr036839.1",1170001,1270000
"NC_036839.1",1230000,0.306444,0.341324,0.366746,0.366746,"chr036839.1",1180001,1280000
"NC_036839.1",1240000,0.288223,0.344554,0.388175,0.388175,"chr036839.1",1190001,1290000
"NC_036839.1",1250000,0.165001,0.275544,0.360014,0.360014,"chr036839.1",1200001,1300000
"NC_036839.1",1260000,0.141899,0.193899,0.322113,0.322113,"chr036839.1",1210001,1310000
"NC_036839.1",1270000,0.125416,0.159872,0.282736,0.282736,"chr036839.1",1220001,1320000
"NC_036839.1",1280000,0.113277,0.142341,0.28593,0.28593,"chr036839.1",1230001,1330000
"NC_036839.1",1290000,0.0824272,0.1205,0.288931,0.288931,"chr036839.1",1240001,1340000
"NC_036839.1",1300000,0.0299171,0.105176,0.307924,0.307924,"chr036839.1",1250001,1350000
"NC_036839.1",1310000,0.0426049,0.0895693,0.291552,0.291552,"chr036839.1",1260001,1360000
"NC_036839.1",1320000,0.0405318,0.0870523,0.293414,0.293414,"chr036839.1",1270001,1370000
"NC_036839.1",1330000,0.0422612,0.0796175,0.293719,0.293719,"chr036839.1",1280001,1380000
"NC_036839.1",1340000,0.0384628,0.0490617,0.279662,0.279662,"chr036839.1",1290001,1390000
"NC_036839.1",1360000,0,0,0.20679,0.20679,"chr036839.1",1310001,1410000
"NC_036839.1",1370000,0,0,0.252699,0.252699,"chr036839.1",1320001,1420000
"NC_036839.1",1380000,0,0,0.228565,0.228565,"chr036839.1",1330001,1430000
"NC_036839.1",1500000,0,0,0.207339,0.207339,"chr036839.1",1450001,1550000
"NC_036839.1",1510000,0,0,0.33017,0.33017,"chr036839.1",1460001,1560000
"NC_036839.1",1520000,0,0,0.356093,0.356093,"chr036839.1",1470001,1570000
"NC_036839.1",1530000,0,0,0.365128,0.365128,"chr036839.1",1480001,1580000
"NC_036839.1",1540000,0,0,0.357224,0.357224,"chr036839.1",1490001,1590000
"NC_036839.1",1550000,0,0,0.399055,0.399055,"chr036839.1",1500001,1600000
"NC_036839.1",1560000,0,0,0.41284,0.41284,"chr036839.1",1510001,1610000
"NC_036839.1",1570000,0,0,0.409823,0.409823,"chr036839.1",1520001,1620000
"NC_036839.1",1580000,0,0,0.403659,0.403659,"chr036839.1",1530001,1630000
"NC_036839.1",1590000,0,0,0.476008,0.476008,"chr036839.1",1540001,1640000
"NC_036839.1",1600000,0,0,0.453556,0.453556,"chr036839.1",1550001,1650000
"NC_036839.1",1610000,0,0,0.242322,0.242322,"chr036839.1",1560001,1660000
"NC_036839.1",1620000,0,0,0.207473,0.207473,"chr036839.1",1570001,1670000
"NC_036839.1",2380000,0.0220923,0,0.259338,0.259338,"chr036839.1",2330001,2430000
"NC_036839.1",2390000,0,0,0.209788,0.209788,"chr036839.1",2340001,2440000
"NC_036839.1",2400000,0,0,0.2088,0.2088,"chr036839.1",2350001,2450000
"NC_036839.1",2420000,0.0162518,0,0.208277,0.208277,"chr036839.1",2370001,2470000
"NC_036839.1",2540000,0,0,0.235561,0.235561,"chr036839.1",2490001,2590000
"NC_036839.1",2550000,0,0,0.260591,0.260591,"chr036839.1",2500001,2600000
"NC_036839.1",2560000,0,0,0.25854,0.25854,"chr036839.1",2510001,2610000
"NC_036839.1",2570000,0,0,0.263826,0.263826,"chr036839.1",2520001,2620000
"NC_036839.1",2580000,0,0,0.261177,0.261177,"chr036839.1",2530001,2630000
"NC_036839.1",2590000,0,0.00695641,0.238281,0.238281,"chr036839.1",2540001,2640000
"NC_036839.1",2600000,0,0.0026231,0.235206,0.235206,"chr036839.1",2550001,2650000
"NC_036839.1",2610000,0,0,0.258843,0.258843,"chr036839.1",2560001,2660000
"NC_036839.1",2620000,0,0,0.297064,0.297064,"chr036839.1",2570001,2670000
"NC_036839.1",7880000,0.0634493,0.211817,0.0064854,0.211817,"chr036839.1",7830001,7930000
"NC_036839.1",7890000,0.0651628,0.216392,0,0.216392,"chr036839.1",7840001,7940000
"NC_036839.1",7900000,0.0514566,0.239011,0.00341251,0.239011,"chr036839.1",7850001,7950000
"NC_036839.1",7910000,0.0504004,0.210971,0,0.210971,"chr036839.1",7860001,7960000
"NC_036839.1",8620000,0.0212322,0.263511,0.0225234,0.263511,"chr036839.1",8570001,8670000
"NC_036839.1",8630000,0.00196016,0.283282,0.0159884,0.283282,"chr036839.1",8580001,8680000
"NC_036839.1",8640000,0,0.333505,0,0.333505,"chr036839.1",8590001,8690000
"NC_036839.1",8650000,0,0.334384,0,0.334384,"chr036839.1",8600001,8700000
"NC_036839.1",8660000,0,0.295759,0,0.295759,"chr036839.1",8610001,8710000
"NC_036839.1",8670000,0,0.284778,0,0.284778,"chr036839.1",8620001,8720000
"NC_036839.1",8680000,0,0.306207,0,0.306207,"chr036839.1",8630001,8730000
"NC_036839.1",8690000,0,0.278422,0,0.278422,"chr036839.1",8640001,8740000
"NC_036839.1",8700000,0,0.238512,0,0.238512,"chr036839.1",8650001,8750000
"NC_036839.1",8710000,0,0.227413,0,0.227413,"chr036839.1",8660001,8760000
"NC_036839.1",12170000,0.202024,0,0,0.202024,"chr036839.1",12120001,12220000
"NC_036839.1",12180000,0.231161,0,0,0.231161,"chr036839.1",12130001,12230000
"NC_036839.1",12190000,0.244089,0,0,0.244089,"chr036839.1",12140001,12240000
"NC_036839.1",12200000,0.246492,0,0,0.246492,"chr036839.1",12150001,12250000
"NC_036839.1",12210000,0.224347,0,0,0.224347,"chr036839.1",12160001,12260000
"NC_036839.1",12220000,0.229694,0,0,0.229694,"chr036839.1",12170001,12270000
"NC_036839.1",13200000,0.0950601,0.0886319,0.208379,0.208379,"chr036839.1",13150001,13250000
"NC_036839.1",13210000,0.0600597,0.100509,0.244375,0.244375,"chr036839.1",13160001,13260000
"NC_036839.1",13220000,0.0999289,0.125326,0.267927,0.267927,"chr036839.1",13170001,13270000
"NC_036839.1",13230000,0.130838,0.166503,0.289284,0.289284,"chr036839.1",13180001,13280000
"NC_036839.1",13240000,0.15109,0.156806,0.260314,0.260314,"chr036839.1",13190001,13290000
"NC_036839.1",16550000,0,0.259484,0,0.259484,"chr036839.1",16500001,16600000
"NC_036839.1",16560000,0,0.307812,0,0.307812,"chr036839.1",16510001,16610000
"NC_036839.1",16570000,0,0.338995,0,0.338995,"chr036839.1",16520001,16620000
"NC_036839.1",16580000,0,0.365473,0,0.365473,"chr036839.1",16530001,16630000
"NC_036839.1",16590000,0,0.364109,0,0.364109,"chr036839.1",16540001,16640000
"NC_036839.1",16600000,0,0.386948,0,0.386948,"chr036839.1",16550001,16650000
"NC_036839.1",16610000,0,0.395394,0,0.395394,"chr036839.1",16560001,16660000
"NC_036839.1",16620000,0,0.378654,0,0.378654,"chr036839.1",16570001,16670000
"NC_036839.1",16630000,0,0.397481,0,0.397481,"chr036839.1",16580001,16680000
"NC_036839.1",16640000,0,0.385325,0,0.385325,"chr036839.1",16590001,16690000
"NC_036839.1",16650000,0,0.338119,0,0.338119,"chr036839.1",16600001,16700000
"NC_036839.1",16660000,0,0.332616,0,0.332616,"chr036839.1",16610001,16710000
"NC_036839.1",16670000,0,0.29771,0,0.29771,"chr036839.1",16620001,16720000
"NC_036839.1",16680000,0,0.245339,0,0.245339,"chr036839.1",16630001,16730000
"NC_036839.1",16750000,0,0.00932296,0.207327,0.207327,"chr036839.1",16700001,16800000
"NC_036839.1",16760000,0,0.00279771,0.212787,0.212787,"chr036839.1",16710001,16810000
"NC_036839.1",16770000,0,0.00220024,0.239285,0.239285,"chr036839.1",16720001,16820000
"NC_036839.1",16780000,0,0.0014204,0.251521,0.251521,"chr036839.1",16730001,16830000
"NC_036839.1",16790000,0,0,0.279463,0.279463,"chr036839.1",16740001,16840000
"NC_036839.1",16800000,0,0.0180247,0.252814,0.252814,"chr036839.1",16750001,16850000
"NC_036839.1",16810000,0,0.00114677,0.261259,0.261259,"chr036839.1",16760001,16860000
"NC_036839.1",16820000,0,0.0392953,0.412602,0.412602,"chr036839.1",16770001,16870000
"NC_036839.1",16830000,0.0137886,0.0331941,0.471047,0.471047,"chr036839.1",16780001,16880000
"NC_036839.1",16840000,0.0158612,0.0455129,0.461025,0.461025,"chr036839.1",16790001,16890000
"NC_036839.1",16850000,0.0345615,0.0730594,0.440509,0.440509,"chr036839.1",16800001,16900000
"NC_036839.1",16860000,0.0385248,0.0513924,0.449117,0.449117,"chr036839.1",16810001,16910000
"NC_036839.1",16870000,0.0457024,0.0439774,0.455642,0.455642,"chr036839.1",16820001,16920000
"NC_036839.1",16880000,0.0501309,0.0538037,0.442295,0.442295,"chr036839.1",16830001,16930000
"NC_036839.1",16890000,0.0436191,0.0582444,0.429807,0.429807,"chr036839.1",16840001,16940000
"NC_036839.1",16900000,0.0175421,0.0455047,0.42197,0.42197,"chr036839.1",16850001,16950000
"NC_036839.1",16910000,0.0035571,0.0487889,0.384941,0.384941,"chr036839.1",16860001,16960000
"NC_036839.1",16920000,0,0.0383745,0.378517,0.378517,"chr036839.1",16870001,16970000
"NC_036839.1",16930000,0,0.0314813,0.226463,0.226463,"chr036839.1",16880001,16980000
"NC_036839.1",22120000,0,0.210692,0,0.210692,"chr036839.1",22070001,22170000
"NC_036839.1",23390000,0.207974,0.0576341,0.218139,0.218139,"chr036839.1",23340001,23440000
"NC_036839.1",23400000,0.211877,0.056029,0.239204,0.239204,"chr036839.1",23350001,23450000
"NC_036839.1",23410000,0.218198,0.0395879,0.254447,0.254447,"chr036839.1",23360001,23460000
"NC_036839.1",23420000,0.214766,0.0346106,0.251066,0.251066,"chr036839.1",23370001,23470000
"NC_036839.1",23430000,0.192982,0.0258693,0.226928,0.226928,"chr036839.1",23380001,23480000
"NC_036839.1",23440000,0.219318,0.00823597,0.254749,0.254749,"chr036839.1",23390001,23490000
"NC_036839.1",23450000,0.217484,0.00131845,0.257295,0.257295,"chr036839.1",23400001,23500000
"NC_036839.1",23460000,0.218628,0.00350675,0.256695,0.256695,"chr036839.1",23410001,23510000
"NC_036839.1",23470000,0.215598,0.00983304,0.268295,0.268295,"chr036839.1",23420001,23520000
"NC_036839.1",23480000,0.145989,0.010389,0.219156,0.219156,"chr036839.1",23430001,23530000
"NC_036839.1",23700000,0.0884737,0.0101463,0.204346,0.204346,"chr036839.1",23650001,23750000
"NC_036839.1",24070000,0.236406,0.0284593,0.0035042,0.236406,"chr036839.1",24020001,24120000
"NC_036839.1",24080000,0.233812,0.0261318,0.00553942,0.233812,"chr036839.1",24030001,24130000
"NC_036839.1",24090000,0.259873,0.0216904,0.00553456,0.259873,"chr036839.1",24040001,24140000
"NC_036839.1",24100000,0.238782,0.0232198,0.0058076,0.238782,"chr036839.1",24050001,24150000
"NC_036839.1",24110000,0.236048,0.0275002,0.00706966,0.236048,"chr036839.1",24060001,24160000
"NC_036839.1",24120000,0.269152,0.0246742,0.0120058,0.269152,"chr036839.1",24070001,24170000
"NC_036839.1",24130000,0.280486,0.0237253,0.0127852,0.280486,"chr036839.1",24080001,24180000
"NC_036839.1",24140000,0.267729,0.0225863,0.0063758,0.267729,"chr036839.1",24090001,24190000
"NC_036839.1",24150000,0.212274,0.0164169,0.00563768,0.212274,"chr036839.1",24100001,24200000
"NC_036839.1",25070000,0.231115,0,0,0.231115,"chr036839.1",25020001,25120000
"NC_036839.1",25080000,0.223165,0,0,0.223165,"chr036839.1",25030001,25130000
"NC_036839.1",25490000,0.22907,0.0382397,0.0924433,0.22907,"chr036839.1",25440001,25540000
"NC_036839.1",25500000,0.291092,0.041854,0.0756462,0.291092,"chr036839.1",25450001,25550000
"NC_036839.1",25510000,0.294984,0.0312617,0.0888169,0.294984,"chr036839.1",25460001,25560000
"NC_036839.1",25520000,0.27398,0.0176333,0.0862949,0.27398,"chr036839.1",25470001,25570000
"NC_036839.1",25530000,0.282458,0.013147,0.0888211,0.282458,"chr036839.1",25480001,25580000
"NC_036839.1",25540000,0.28903,0.0247539,0.0939868,0.28903,"chr036839.1",25490001,25590000
"NC_036839.1",25550000,0.289539,0.0325359,0.100752,0.289539,"chr036839.1",25500001,25600000
"NC_036839.1",25560000,0.346235,0.0288471,0.128134,0.346235,"chr036839.1",25510001,25610000
"NC_036839.1",25570000,0.351547,0.031446,0.137541,0.351547,"chr036839.1",25520001,25620000
"NC_036839.1",25580000,0.352635,0.0523441,0.163184,0.352635,"chr036839.1",25530001,25630000
"NC_036839.1",25590000,0.332921,0.054609,0.165161,0.332921,"chr036839.1",25540001,25640000
"NC_036839.1",25600000,0.327461,0.0449918,0.208773,0.327461,"chr036839.1",25550001,25650000
"NC_036839.1",25610000,0.336592,0.062856,0.225832,0.336592,"chr036839.1",25560001,25660000
"NC_036839.1",25620000,0.444621,0.109265,0.287386,0.444621,"chr036839.1",25570001,25670000
"NC_036839.1",25630000,0.388378,0.0866022,0.252649,0.388378,"chr036839.1",25580001,25680000
"NC_036839.1",25640000,0.370949,0.0662946,0.24335,0.370949,"chr036839.1",25590001,25690000
"NC_036839.1",25650000,0.395354,0.037547,0.249579,0.395354,"chr036839.1",25600001,25700000
"NC_036839.1",25660000,0.35003,0.0461168,0.202726,0.35003,"chr036839.1",25610001,25710000
"NC_036839.1",25670000,0.358506,0.0123983,0.18524,0.358506,"chr036839.1",25620001,25720000
"NC_036839.1",33990000,0.0288133,0.244837,0,0.244837,"chr036839.1",33940001,34040000
"NC_036839.1",3.4e+07,0.0212186,0.257868,0,0.257868,"chr036839.1",33950001,34050000
"NC_036839.1",34010000,0.0227262,0.2483,0,0.2483,"chr036839.1",33960001,34060000
"NC_036839.1",34020000,0.0204271,0.256623,0,0.256623,"chr036839.1",33970001,34070000
"NC_036839.1",34030000,0.0173791,0.244657,0,0.244657,"chr036839.1",33980001,34080000
"NC_036839.1",34040000,0.0247774,0.235007,0,0.235007,"chr036839.1",33990001,34090000
"NC_036839.1",34050000,0.039165,0.223641,0.00369778,0.223641,"chr036839.1",34000001,34100000
"NC_036839.1",35070000,0.025425,0.229805,0.0167365,0.229805,"chr036839.1",35020001,35120000
"NC_036839.1",35080000,0.0233207,0.235492,0.0234398,0.235492,"chr036839.1",35030001,35130000
"NC_036839.1",35090000,0.0275544,0.304318,0.0130009,0.304318,"chr036839.1",35040001,35140000
"NC_036839.1",35100000,0.0309037,0.310721,0.0105795,0.310721,"chr036839.1",35050001,35150000
"NC_036839.1",35110000,0.0292584,0.271746,0.00890421,0.271746,"chr036839.1",35060001,35160000
"NC_036839.1",35120000,0.0277608,0.257102,0,0.257102,"chr036839.1",35070001,35170000
"NC_036839.1",35130000,0.0281613,0.263166,0,0.263166,"chr036839.1",35080001,35180000
"NC_036839.1",35140000,0.0309428,0.274882,0,0.274882,"chr036839.1",35090001,35190000
"NC_036839.1",35150000,0.0377139,0.279925,0,0.279925,"chr036839.1",35100001,35200000
"NC_036839.1",35160000,0.0303025,0.24842,0,0.24842,"chr036839.1",35110001,35210000
"NC_036839.1",35170000,0.0370168,0.239141,0,0.239141,"chr036839.1",35120001,35220000
"NC_036839.1",35180000,0.0495875,0.244313,0,0.244313,"chr036839.1",35130001,35230000
"NC_036839.1",35210000,0.0288726,0.209832,0,0.209832,"chr036839.1",35160001,35260000
"NC_036839.1",35220000,0.0301639,0.224659,0,0.224659,"chr036839.1",35170001,35270000
"NC_036839.1",35230000,0.0262222,0.206318,0,0.206318,"chr036839.1",35180001,35280000
"NC_036839.1",35240000,0.0258884,0.207941,0,0.207941,"chr036839.1",35190001,35290000
"NC_036839.1",35250000,0.0149903,0.222488,0,0.222488,"chr036839.1",35200001,35300000
"NC_036839.1",35260000,0.0178224,0.229174,0,0.229174,"chr036839.1",35210001,35310000
"NC_036839.1",37880000,0.179849,0.224706,0.168429,0.224706,"chr036839.1",37830001,37930000
"NC_036839.1",37890000,0.197879,0.26009,0.166259,0.26009,"chr036839.1",37840001,37940000
"NC_036839.1",37900000,0.194569,0.250285,0.167676,0.250285,"chr036839.1",37850001,37950000
"NC_036839.1",37910000,0.243187,0.308658,0.22163,0.308658,"chr036839.1",37860001,37960000
"NC_036839.1",37920000,0.303175,0.339715,0.268501,0.339715,"chr036839.1",37870001,37970000
"NC_036839.1",37930000,0.295814,0.32928,0.244205,0.32928,"chr036839.1",37880001,37980000
"NC_036839.1",37940000,0.276413,0.293094,0.215291,0.293094,"chr036839.1",37890001,37990000
"NC_036839.1",37950000,0.278489,0.294915,0.212488,0.294915,"chr036839.1",37900001,3.8e+07
"NC_036839.1",37960000,0.318785,0.258123,0.310065,0.318785,"chr036839.1",37910001,38010000
"NC_036839.1",37970000,0.322334,0.257703,0.330316,0.330316,"chr036839.1",37920001,38020000
"NC_036839.1",37980000,0.32618,0.257946,0.323661,0.32618,"chr036839.1",37930001,38030000
"NC_036839.1",37990000,0.316786,0.245452,0.299216,0.316786,"chr036839.1",37940001,38040000
"NC_036839.1",3.8e+07,0.316786,0.245452,0.299216,0.316786,"chr036839.1",37950001,38050000
"NC_036839.1",38010000,0.317366,0.239811,0.302297,0.317366,"chr036839.1",37960001,38060000
"NC_036839.1",38020000,0.304757,0.219903,0.304462,0.304757,"chr036839.1",37970001,38070000
"NC_036839.1",38030000,0.307574,0.217494,0.310976,0.310976,"chr036839.1",37980001,38080000
"NC_036839.1",38040000,0.272268,0.177188,0.26998,0.272268,"chr036839.1",37990001,38090000
"NC_036839.1",38050000,0.269699,0.183396,0.275196,0.275196,"chr036839.1",38000001,38100000
"NC_036839.1",38060000,0.228542,0.187482,0.214454,0.228542,"chr036839.1",38010001,38110000
"NC_036839.1",38070000,0.201255,0.1756,0.169042,0.201255,"chr036839.1",38020001,38120000
"NC_036839.1",38710000,0.0453058,0.221152,0,0.221152,"chr036839.1",38660001,38760000
"NC_036839.1",38720000,0.0603948,0.222913,0,0.222913,"chr036839.1",38670001,38770000
"NC_036839.1",38730000,0.0546757,0.24294,0,0.24294,"chr036839.1",38680001,38780000
"NC_036839.1",38740000,0.0470659,0.248358,0,0.248358,"chr036839.1",38690001,38790000
"NC_036839.1",38750000,0.0396124,0.23243,0.00168527,0.23243,"chr036839.1",38700001,38800000
"NC_036839.1",38760000,0.0415394,0.199462,0,0.199462,"chr036839.1",38710001,38810000
"NC_036840.1",970000,0.212546,0,0,0.212546,"chr036840.1",920001,1020000
"NC_036840.1",980000,0.221499,0,0,0.221499,"chr036840.1",930001,1030000
"NC_036840.1",990000,0.245834,0,0,0.245834,"chr036840.1",940001,1040000
"NC_036840.1",1020000,0.244129,0,0,0.244129,"chr036840.1",970001,1070000
"NC_036840.1",1030000,0.290015,0,0,0.290015,"chr036840.1",980001,1080000
"NC_036840.1",1040000,0.295053,0,0,0.295053,"chr036840.1",990001,1090000
"NC_036840.1",1050000,0.270822,0,0,0.270822,"chr036840.1",1000001,1100000
"NC_036840.1",1060000,0.268348,0,0,0.268348,"chr036840.1",1010001,1110000
"NC_036840.1",1070000,0.276729,0,0,0.276729,"chr036840.1",1020001,1120000
"NC_036840.1",1080000,0.255988,0,0,0.255988,"chr036840.1",1030001,1130000
"NC_036840.1",1090000,0.231311,0,0,0.231311,"chr036840.1",1040001,1140000
"NC_036840.1",1100000,0.34382,0,0,0.34382,"chr036840.1",1050001,1150000
"NC_036840.1",1110000,0.301051,0,0,0.301051,"chr036840.1",1060001,1160000
"NC_036840.1",1120000,0.213961,0,0,0.213961,"chr036840.1",1070001,1170000
"NC_036840.1",2270000,0.0869839,0.208263,0.179637,0.208263,"chr036840.1",2220001,2320000
"NC_036840.1",3920000,0.22907,0,0.0458055,0.22907,"chr036840.1",3870001,3970000
"NC_036840.1",3930000,0.237914,0,0.0476224,0.237914,"chr036840.1",3880001,3980000
"NC_036840.1",3940000,0.221272,0,0.070784,0.221272,"chr036840.1",3890001,3990000
"NC_036840.1",3950000,0.264317,0,0.0841867,0.264317,"chr036840.1",3900001,4e+06
"NC_036840.1",3960000,0.298348,0,0.0982401,0.298348,"chr036840.1",3910001,4010000
"NC_036840.1",3970000,0.328164,0,0.124646,0.328164,"chr036840.1",3920001,4020000
"NC_036840.1",3980000,0.320138,0,0.125487,0.320138,"chr036840.1",3930001,4030000
"NC_036840.1",3990000,0.312072,0,0.136111,0.312072,"chr036840.1",3940001,4040000
"NC_036840.1",4e+06,0.276781,0,0.127596,0.276781,"chr036840.1",3950001,4050000
"NC_036840.1",4010000,0.255995,0,0.169389,0.255995,"chr036840.1",3960001,4060000
"NC_036840.1",4020000,0.211237,0,0.17751,0.211237,"chr036840.1",3970001,4070000
"NC_036840.1",9060000,0.255467,0,0,0.255467,"chr036840.1",9010001,9110000
"NC_036840.1",9070000,0.255087,0,0,0.255087,"chr036840.1",9020001,9120000
"NC_036840.1",9080000,0.228239,0,0,0.228239,"chr036840.1",9030001,9130000
"NC_036840.1",9090000,0.228942,0.00346914,0,0.228942,"chr036840.1",9040001,9140000
"NC_036840.1",9370000,0,0.199818,0,0.199818,"chr036840.1",9320001,9420000
"NC_036840.1",10970000,0.0553788,0,0.258036,0.258036,"chr036840.1",10920001,11020000
"NC_036840.1",10980000,0.0596735,0,0.292629,0.292629,"chr036840.1",10930001,11030000
"NC_036840.1",10990000,0.056387,0,0.335599,0.335599,"chr036840.1",10940001,11040000
"NC_036840.1",1.1e+07,0.035824,0,0.222497,0.222497,"chr036840.1",10950001,11050000
"NC_036840.1",11010000,0.0154559,0,0.232632,0.232632,"chr036840.1",10960001,11060000
"NC_036840.1",11020000,0.0300711,0,0.215024,0.215024,"chr036840.1",10970001,11070000
"NC_036840.1",11030000,0.027311,0,0.203024,0.203024,"chr036840.1",10980001,11080000
"NC_036840.1",17490000,0.215187,0.0383189,0.00442016,0.215187,"chr036840.1",17440001,17540000
"NC_036840.1",17500000,0.201314,0.0359377,0.00605991,0.201314,"chr036840.1",17450001,17550000
"NC_036840.1",19220000,0,0.242587,0,0.242587,"chr036840.1",19170001,19270000
"NC_036840.1",19230000,0,0.252882,0,0.252882,"chr036840.1",19180001,19280000
"NC_036840.1",23410000,0.204739,0.0327176,0.0956342,0.204739,"chr036840.1",23360001,23460000
"NC_036840.1",23420000,0.205785,0.0314877,0.0954601,0.205785,"chr036840.1",23370001,23470000
"NC_036840.1",23430000,0.199227,0.0326003,0.0946409,0.199227,"chr036840.1",23380001,23480000
"NC_036840.1",23440000,0.21111,0.0344756,0.092338,0.21111,"chr036840.1",23390001,23490000
"NC_036840.1",23450000,0.216695,0.0475209,0.0910219,0.216695,"chr036840.1",23400001,23500000
"NC_036840.1",23460000,0.224961,0.0628609,0.0967658,0.224961,"chr036840.1",23410001,23510000
"NC_036840.1",23470000,0.290075,0.0925735,0.121939,0.290075,"chr036840.1",23420001,23520000
"NC_036840.1",23480000,0.305069,0.101897,0.12655,0.305069,"chr036840.1",23430001,23530000
"NC_036840.1",23490000,0.288747,0.102623,0.116906,0.288747,"chr036840.1",23440001,23540000
"NC_036840.1",25260000,0,0.215781,0.0285741,0.215781,"chr036840.1",25210001,25310000
"NC_036840.1",27210000,0.294974,0.0336114,0.218891,0.294974,"chr036840.1",27160001,27260000
"NC_036840.1",27220000,0.30608,0.047506,0.209332,0.30608,"chr036840.1",27170001,27270000
"NC_036840.1",27230000,0.345352,0.0532553,0.22756,0.345352,"chr036840.1",27180001,27280000
"NC_036840.1",27240000,0.348162,0.0693454,0.219057,0.348162,"chr036840.1",27190001,27290000
"NC_036840.1",27250000,0.336123,0.0617799,0.20779,0.336123,"chr036840.1",27200001,27300000
"NC_036840.1",27260000,0.344437,0.0587447,0.221209,0.344437,"chr036840.1",27210001,27310000
"NC_036840.1",27270000,0.354297,0.0636851,0.235428,0.354297,"chr036840.1",27220001,27320000
"NC_036840.1",27280000,0.348839,0.0645212,0.233795,0.348839,"chr036840.1",27230001,27330000
"NC_036840.1",27290000,0.330826,0.0635335,0.250194,0.330826,"chr036840.1",27240001,27340000
"NC_036840.1",27300000,0.174176,0.0322712,0.2184,0.2184,"chr036840.1",27250001,27350000
"NC_036840.1",27330000,0.0390731,0.00562895,0.231753,0.231753,"chr036840.1",27280001,27380000
"NC_036840.1",27340000,0.0359621,0,0.266431,0.266431,"chr036840.1",27290001,27390000
"NC_036840.1",27350000,0.0392995,0,0.298473,0.298473,"chr036840.1",27300001,27400000
"NC_036840.1",27360000,0.0365714,0,0.257251,0.257251,"chr036840.1",27310001,27410000
"NC_036840.1",27590000,0.0336463,0.204108,0.0193105,0.204108,"chr036840.1",27540001,27640000
"NC_036840.1",27600000,0.0475667,0.290977,0.040083,0.290977,"chr036840.1",27550001,27650000
"NC_036840.1",27610000,0.0478037,0.292664,0.0552919,0.292664,"chr036840.1",27560001,27660000
"NC_036840.1",27620000,0.0501843,0.306272,0.058315,0.306272,"chr036840.1",27570001,27670000
"NC_036840.1",27630000,0.0882539,0.305739,0.0626113,0.305739,"chr036840.1",27580001,27680000
"NC_036840.1",27790000,0.137404,0.23324,0.0221465,0.23324,"chr036840.1",27740001,27840000
"NC_036840.1",27800000,0.228322,0.33005,0.0219859,0.33005,"chr036840.1",27750001,27850000
"NC_036840.1",27810000,0.242567,0.356954,0.0299403,0.356954,"chr036840.1",27760001,27860000
"NC_036840.1",27820000,0.227729,0.320239,0.0425532,0.320239,"chr036840.1",27770001,27870000
"NC_036840.1",27830000,0.198756,0.273318,0.0251813,0.273318,"chr036840.1",27780001,27880000
"NC_036840.1",27840000,0.16753,0.218866,0.0240184,0.218866,"chr036840.1",27790001,27890000
"NC_036840.1",27850000,0.177399,0.229762,0.010657,0.229762,"chr036840.1",27800001,27900000
"NC_036840.1",27860000,0.175591,0.230228,0.0118753,0.230228,"chr036840.1",27810001,27910000
"NC_036840.1",27870000,0.188891,0.250401,0.0103708,0.250401,"chr036840.1",27820001,27920000
"NC_036840.1",27880000,0.188161,0.231345,0.00774412,0.231345,"chr036840.1",27830001,27930000
"NC_036840.1",28330000,0.000212675,0.220598,0.0245442,0.220598,"chr036840.1",28280001,28380000
"NC_036840.1",28340000,0,0.217018,0.0283971,0.217018,"chr036840.1",28290001,28390000
"NC_036840.1",28350000,0,0.243616,0.0407698,0.243616,"chr036840.1",28300001,28400000
"NC_036840.1",28360000,0,0.245181,0.0448911,0.245181,"chr036840.1",28310001,28410000
"NC_036840.1",28370000,0.00373135,0.221235,0.034494,0.221235,"chr036840.1",28320001,28420000
"NC_036840.1",28380000,0.00823497,0.214484,0.0349065,0.214484,"chr036840.1",28330001,28430000
"NC_036840.1",28390000,0,0.274131,0.0440496,0.274131,"chr036840.1",28340001,28440000
"NC_036840.1",28400000,0.00209927,0.266697,0.047984,0.266697,"chr036840.1",28350001,28450000
"NC_036840.1",28410000,0.00888245,0.254354,0.0420641,0.254354,"chr036840.1",28360001,28460000
"NC_036840.1",28420000,0.00573139,0.232453,0.0368144,0.232453,"chr036840.1",28370001,28470000
"NC_036840.1",28430000,0.011551,0.206815,0.0261391,0.206815,"chr036840.1",28380001,28480000
"NC_036840.1",28580000,0.214668,0.0223307,0.048255,0.214668,"chr036840.1",28530001,28630000
"NC_036840.1",28590000,0.300964,0.032582,0.0492196,0.300964,"chr036840.1",28540001,28640000
"NC_036840.1",28600000,0.305279,0.0322731,0.0462331,0.305279,"chr036840.1",28550001,28650000
"NC_036840.1",28610000,0.307488,0.0451286,0.0355462,0.307488,"chr036840.1",28560001,28660000
"NC_036840.1",28620000,0.307979,0.0636869,0.0499457,0.307979,"chr036840.1",28570001,28670000
"NC_036840.1",28630000,0.234834,0.0352139,0.0217204,0.234834,"chr036840.1",28580001,28680000
"NC_036840.1",28640000,0.227306,0.00820031,0.00996543,0.227306,"chr036840.1",28590001,28690000
"NC_036840.1",28650000,0.225914,0.00782553,0.0127753,0.225914,"chr036840.1",28600001,28700000
"NC_036840.1",28660000,0.21399,0.0105956,0.0147444,0.21399,"chr036840.1",28610001,28710000
"NC_036840.1",29130000,0.229867,0.0553385,0.066571,0.229867,"chr036840.1",29080001,29180000
"NC_036840.1",29140000,0.260963,0.0625176,0.102431,0.260963,"chr036840.1",29090001,29190000
"NC_036840.1",29150000,0.281648,0.0681507,0.110485,0.281648,"chr036840.1",29100001,29200000
"NC_036840.1",29160000,0.298973,0.0711079,0.122197,0.298973,"chr036840.1",29110001,29210000
"NC_036840.1",29170000,0.301336,0.0712044,0.147797,0.301336,"chr036840.1",29120001,29220000
"NC_036840.1",29180000,0.279743,0.0707862,0.135487,0.279743,"chr036840.1",29130001,29230000
"NC_036840.1",29190000,0.24666,0.0494523,0.125063,0.24666,"chr036840.1",29140001,29240000
"NC_036840.1",29200000,0.212127,0,0.108267,0.212127,"chr036840.1",29150001,29250000
"NC_036840.1",29210000,0.201692,0,0.0871327,0.201692,"chr036840.1",29160001,29260000
"NC_036840.1",31260000,0.0116366,0.202474,0.0203397,0.202474,"chr036840.1",31210001,31310000
"NC_036840.1",32030000,0,0.217323,0,0.217323,"chr036840.1",31980001,32080000
"NC_036840.1",32040000,0,0.280565,0,0.280565,"chr036840.1",31990001,32090000
"NC_036840.1",32050000,0,0.281465,0,0.281465,"chr036840.1",32000001,32100000
"NC_036840.1",32060000,0,0.364373,0,0.364373,"chr036840.1",32010001,32110000
"NC_036840.1",32070000,0,0.419229,0,0.419229,"chr036840.1",32020001,32120000
"NC_036840.1",32080000,0,0.398423,0,0.398423,"chr036840.1",32030001,32130000
"NC_036840.1",32090000,0,0.396131,0,0.396131,"chr036840.1",32040001,32140000
"NC_036840.1",32100000,0,0.413834,0,0.413834,"chr036840.1",32050001,32150000
"NC_036840.1",32110000,0,0.440981,0,0.440981,"chr036840.1",32060001,32160000
"NC_036840.1",32120000,0,0.380565,0,0.380565,"chr036840.1",32070001,32170000
"NC_036840.1",32130000,0,0.332602,0,0.332602,"chr036840.1",32080001,32180000
"NC_036840.1",32140000,0,0.265541,0,0.265541,"chr036840.1",32090001,32190000
"NC_036840.1",32150000,0,0.271414,0,0.271414,"chr036840.1",32100001,32200000
"NC_036840.1",32180000,0,0.211845,0,0.211845,"chr036840.1",32130001,32230000
"NC_036840.1",32220000,0,0.25821,0,0.25821,"chr036840.1",32170001,32270000
"NC_036840.1",32230000,0,0.234136,0,0.234136,"chr036840.1",32180001,32280000
"NC_036840.1",32240000,0,0.228454,0,0.228454,"chr036840.1",32190001,32290000
"NC_036840.1",32250000,0,0.202088,0.0019724,0.202088,"chr036840.1",32200001,32300000
"NC_036840.1",33330000,0.0143412,0.215492,0.0177883,0.215492,"chr036840.1",33280001,33380000
"NC_036840.1",33340000,0.0114465,0.216368,0.0168734,0.216368,"chr036840.1",33290001,33390000
"NC_036840.1",33350000,0.0238042,0.24479,0.0183575,0.24479,"chr036840.1",33300001,33400000
"NC_036840.1",33360000,0.0162684,0.234029,0.0273522,0.234029,"chr036840.1",33310001,33410000
"NC_036840.1",33370000,0.00814307,0.254552,0.0360995,0.254552,"chr036840.1",33320001,33420000
"NC_036840.1",33380000,0.00327323,0.234836,0.0364355,0.234836,"chr036840.1",33330001,33430000
"NC_036840.1",33390000,0.0183569,0.237576,0.0421954,0.237576,"chr036840.1",33340001,33440000
"NC_036840.1",33760000,0.024071,0.034097,0.237891,0.237891,"chr036840.1",33710001,33810000
"NC_036840.1",33770000,0.0145907,0.0216509,0.243684,0.243684,"chr036840.1",33720001,33820000
"NC_036840.1",33780000,0.0210126,0.0296836,0.305148,0.305148,"chr036840.1",33730001,33830000
"NC_036840.1",33790000,0.0107218,0.0217738,0.309161,0.309161,"chr036840.1",33740001,33840000
"NC_036840.1",33800000,0.00989739,0.0452422,0.359907,0.359907,"chr036840.1",33750001,33850000
"NC_036840.1",33810000,0.00211881,0.0546333,0.368236,0.368236,"chr036840.1",33760001,33860000
"NC_036840.1",33820000,0.00316469,0.0559731,0.387442,0.387442,"chr036840.1",33770001,33870000
"NC_036840.1",33830000,0.00931508,0.0641674,0.460551,0.460551,"chr036840.1",33780001,33880000
"NC_036840.1",33840000,0.00802222,0.0644307,0.455857,0.455857,"chr036840.1",33790001,33890000
"NC_036840.1",33850000,0.00924831,0.0868532,0.443736,0.443736,"chr036840.1",33800001,33900000
"NC_036840.1",33860000,0.0104222,0.0864582,0.458403,0.458403,"chr036840.1",33810001,33910000
"NC_036840.1",33870000,0.0106574,0.0881794,0.536604,0.536604,"chr036840.1",33820001,33920000
"NC_036840.1",33880000,0.0218817,0.0795086,0.527255,0.527255,"chr036840.1",33830001,33930000
"NC_036840.1",33890000,0.0218354,0.0809799,0.526366,0.526366,"chr036840.1",33840001,33940000
"NC_036840.1",33900000,0.0138635,0.0389512,0.454856,0.454856,"chr036840.1",33850001,33950000
"NC_036840.1",33910000,0.0224317,0.0215296,0.432622,0.432622,"chr036840.1",33860001,33960000
"NC_036840.1",33920000,0.0194377,0.0238818,0.40517,0.40517,"chr036840.1",33870001,33970000
"NC_036840.1",33930000,0,0.00839072,0.313681,0.313681,"chr036840.1",33880001,33980000
"NC_036840.1",33940000,0,0.00241954,0.257657,0.257657,"chr036840.1",33890001,33990000
"NC_036840.1",33950000,0,0,0.23713,0.23713,"chr036840.1",33900001,3.4e+07
"NC_036840.1",33960000,0,0,0.212416,0.212416,"chr036840.1",33910001,34010000
"NC_036840.1",34210000,0.06027,0.100743,0.2667,0.2667,"chr036840.1",34160001,34260000
"NC_036840.1",34220000,0.0549595,0.0827139,0.273046,0.273046,"chr036840.1",34170001,34270000
"NC_036840.1",34230000,0.0511687,0.0753483,0.262983,0.262983,"chr036840.1",34180001,34280000
"NC_036840.1",34240000,0.0459289,0.0908804,0.238241,0.238241,"chr036840.1",34190001,34290000
"NC_036840.1",34250000,0.0638844,0.0680996,0.238598,0.238598,"chr036840.1",34200001,34300000
"NC_036840.1",34260000,0.0906783,0.10745,0.29451,0.29451,"chr036840.1",34210001,34310000
"NC_036840.1",34270000,0.0617156,0.084034,0.216939,0.216939,"chr036840.1",34220001,34320000
"NC_036840.1",34280000,0.1044,0.167769,0.24699,0.24699,"chr036840.1",34230001,34330000
"NC_036840.1",34290000,0.154857,0.247174,0.244949,0.247174,"chr036840.1",34240001,34340000
"NC_036840.1",34300000,0.154642,0.242481,0.222001,0.242481,"chr036840.1",34250001,34350000
"NC_036840.1",34310000,0.138357,0.213791,0.171357,0.213791,"chr036840.1",34260001,34360000
"NC_036841.1",3490000,0.00952579,0,0.200872,0.200872,"chr036841.1",3440001,3540000
"NC_036841.1",3960000,0,0,0.23248,0.23248,"chr036841.1",3910001,4010000
"NC_036841.1",3970000,0,0,0.247318,0.247318,"chr036841.1",3920001,4020000
"NC_036841.1",3980000,0,0,0.25902,0.25902,"chr036841.1",3930001,4030000
"NC_036841.1",3990000,0,0,0.238601,0.238601,"chr036841.1",3940001,4040000
"NC_036841.1",4e+06,0,0,0.23851,0.23851,"chr036841.1",3950001,4050000
"NC_036841.1",4010000,0,0,0.226028,0.226028,"chr036841.1",3960001,4060000
"NC_036841.1",4020000,0,0,0.211021,0.211021,"chr036841.1",3970001,4070000
"NC_036841.1",9650000,0.00411282,0.162589,0.202811,0.202811,"chr036841.1",9600001,9700000
"NC_036841.1",9660000,0,0.168103,0.259917,0.259917,"chr036841.1",9610001,9710000
"NC_036841.1",9670000,0.0118156,0.18732,0.313033,0.313033,"chr036841.1",9620001,9720000
"NC_036841.1",9680000,0.0138836,0.186227,0.31998,0.31998,"chr036841.1",9630001,9730000
"NC_036841.1",9690000,0.016541,0.18818,0.337016,0.337016,"chr036841.1",9640001,9740000
"NC_036841.1",9700000,0.0198357,0.182545,0.319245,0.319245,"chr036841.1",9650001,9750000
"NC_036841.1",9710000,0.0118826,0.193788,0.336605,0.336605,"chr036841.1",9660001,9760000
"NC_036841.1",9720000,0.0149539,0.260707,0.423127,0.423127,"chr036841.1",9670001,9770000
"NC_036841.1",9730000,0.0376563,0.203341,0.349551,0.349551,"chr036841.1",9680001,9780000
"NC_036841.1",9740000,0.0727484,0.214982,0.33015,0.33015,"chr036841.1",9690001,9790000
"NC_036841.1",9750000,0.0806128,0.2412,0.30418,0.30418,"chr036841.1",9700001,9800000
"NC_036841.1",9760000,0.111836,0.251248,0.259666,0.259666,"chr036841.1",9710001,9810000
"NC_036841.1",9890000,0.202582,0.235541,0.205347,0.235541,"chr036841.1",9840001,9940000
"NC_036841.1",9900000,0.250778,0.30494,0.264459,0.30494,"chr036841.1",9850001,9950000
"NC_036841.1",9910000,0.232831,0.291807,0.211011,0.291807,"chr036841.1",9860001,9960000
"NC_036841.1",9920000,0.182695,0.276437,0.137553,0.276437,"chr036841.1",9870001,9970000
"NC_036841.1",13780000,0.199568,0.0342884,0,0.199568,"chr036841.1",13730001,13830000
"NC_036841.1",16260000,0.0515928,0.202099,0,0.202099,"chr036841.1",16210001,16310000
"NC_036841.1",16270000,0.0543553,0.246261,0,0.246261,"chr036841.1",16220001,16320000
"NC_036841.1",16280000,0.0479643,0.258906,0,0.258906,"chr036841.1",16230001,16330000
"NC_036841.1",16290000,0.0458327,0.253531,0,0.253531,"chr036841.1",16240001,16340000
"NC_036841.1",16300000,0.0487599,0.266243,0,0.266243,"chr036841.1",16250001,16350000
"NC_036841.1",16310000,0.0515835,0.286221,0,0.286221,"chr036841.1",16260001,16360000
"NC_036841.1",16320000,0.0511924,0.253597,0.0204056,0.253597,"chr036841.1",16270001,16370000
"NC_036841.1",16540000,0.0183528,0.116806,0.214632,0.214632,"chr036841.1",16490001,16590000
"NC_036841.1",16550000,0.0174618,0.142596,0.2641,0.2641,"chr036841.1",16500001,16600000
"NC_036841.1",16560000,0.0238961,0.146479,0.245644,0.245644,"chr036841.1",16510001,16610000
"NC_036841.1",17240000,0,0.204027,0.050191,0.204027,"chr036841.1",17190001,17290000
"NC_036841.1",25030000,0.228474,0,0,0.228474,"chr036841.1",24980001,25080000
"NC_036841.1",25040000,0.215247,0,0,0.215247,"chr036841.1",24990001,25090000
"NC_036841.1",25050000,0.20426,0,0,0.20426,"chr036841.1",25000001,25100000
"NC_036841.1",25060000,0.216617,0,0,0.216617,"chr036841.1",25010001,25110000
"NC_036841.1",25390000,0.199065,0,0,0.199065,"chr036841.1",25340001,25440000
"NC_036841.1",25400000,0.244617,0,0,0.244617,"chr036841.1",25350001,25450000
"NC_036841.1",25410000,0.208723,0,0,0.208723,"chr036841.1",25360001,25460000
"NC_036841.1",25430000,0.255244,0,0,0.255244,"chr036841.1",25380001,25480000
"NC_036841.1",25440000,0.25314,0,0,0.25314,"chr036841.1",25390001,25490000
"NC_036841.1",25480000,0.0849488,0,0.221981,0.221981,"chr036841.1",25430001,25530000
"NC_036841.1",25490000,0.057489,0,0.293253,0.293253,"chr036841.1",25440001,25540000
"NC_036841.1",25500000,0.0475928,0,0.295659,0.295659,"chr036841.1",25450001,25550000
"NC_036841.1",25510000,0.0359285,0,0.317006,0.317006,"chr036841.1",25460001,25560000
"NC_036841.1",25520000,0.0239017,0,0.29944,0.29944,"chr036841.1",25470001,25570000
"NC_036841.1",25530000,0,0,0.361816,0.361816,"chr036841.1",25480001,25580000
"NC_036841.1",25540000,0,0,0.279531,0.279531,"chr036841.1",25490001,25590000
"NC_036841.1",26300000,0.219983,0.00546714,0.0157583,0.219983,"chr036841.1",26250001,26350000
"NC_036841.1",26310000,0.239761,0.00628236,0.00860939,0.239761,"chr036841.1",26260001,26360000
"NC_036841.1",26320000,0.295549,0.0102397,0.00964475,0.295549,"chr036841.1",26270001,26370000
"NC_036841.1",26330000,0.28746,0.00707129,0.00947061,0.28746,"chr036841.1",26280001,26380000
"NC_036841.1",26340000,0.259325,0.00771036,0.00559571,0.259325,"chr036841.1",26290001,26390000
"NC_036841.1",26350000,0.209472,0.0042672,0.00131316,0.209472,"chr036841.1",26300001,26400000
"NC_036841.1",26360000,0.224844,0.00534687,0,0.224844,"chr036841.1",26310001,26410000
"NC_036841.1",26370000,0.210433,0.00289222,0,0.210433,"chr036841.1",26320001,26420000
"NC_036841.1",26380000,0.209346,0.00146276,0,0.209346,"chr036841.1",26330001,26430000
"NC_036841.1",26390000,0.206887,0.00285169,0,0.206887,"chr036841.1",26340001,26440000
"NC_036842.1",1130000,0,0.204705,0,0.204705,"chr036842.1",1080001,1180000
"NC_036842.1",1140000,0,0.242095,0,0.242095,"chr036842.1",1090001,1190000
"NC_036842.1",1150000,0,0.225484,0,0.225484,"chr036842.1",1100001,1200000
"NC_036842.1",1160000,0,0.259963,0,0.259963,"chr036842.1",1110001,1210000
"NC_036842.1",1170000,0,0.234778,0,0.234778,"chr036842.1",1120001,1220000
"NC_036842.1",1180000,0,0.2184,0,0.2184,"chr036842.1",1130001,1230000
"NC_036842.1",1190000,0,0.212334,0,0.212334,"chr036842.1",1140001,1240000
"NC_036842.1",1660000,0.019272,0.0404673,0.235851,0.235851,"chr036842.1",1610001,1710000
"NC_036842.1",1670000,0.0353348,0.0278579,0.255503,0.255503,"chr036842.1",1620001,1720000
"NC_036842.1",1680000,0.029501,0.0105244,0.200454,0.200454,"chr036842.1",1630001,1730000
"NC_036842.1",2420000,0.217712,0.0399869,0,0.217712,"chr036842.1",2370001,2470000
"NC_036842.1",2890000,0.203085,0,0,0.203085,"chr036842.1",2840001,2940000
"NC_036842.1",3010000,0.0704686,0.207029,0,0.207029,"chr036842.1",2960001,3060000
"NC_036842.1",3750000,0.245639,0,0,0.245639,"chr036842.1",3700001,3800000
"NC_036842.1",3760000,0.272388,0,0,0.272388,"chr036842.1",3710001,3810000
"NC_036842.1",3770000,0.26957,0,0,0.26957,"chr036842.1",3720001,3820000
"NC_036842.1",3780000,0.273455,0,0,0.273455,"chr036842.1",3730001,3830000
"NC_036842.1",3790000,0.253294,0,0,0.253294,"chr036842.1",3740001,3840000
"NC_036842.1",3800000,0.242632,0,0,0.242632,"chr036842.1",3750001,3850000
"NC_036842.1",3810000,0.218336,0,0,0.218336,"chr036842.1",3760001,3860000
"NC_036842.1",3820000,0.207401,0,0,0.207401,"chr036842.1",3770001,3870000
"NC_036842.1",4890000,0.213546,0,0,0.213546,"chr036842.1",4840001,4940000
"NC_036842.1",4980000,0,0,0.207341,0.207341,"chr036842.1",4930001,5030000
"NC_036842.1",5010000,0,0.350996,0,0.350996,"chr036842.1",4960001,5060000
"NC_036842.1",5020000,0,0.360716,0,0.360716,"chr036842.1",4970001,5070000
"NC_036842.1",5030000,0,0.388722,0,0.388722,"chr036842.1",4980001,5080000
"NC_036842.1",5040000,0,0.340935,0,0.340935,"chr036842.1",4990001,5090000
"NC_036842.1",5050000,0,0.31623,0,0.31623,"chr036842.1",5000001,5100000
"NC_036842.1",5060000,0,0.314871,0,0.314871,"chr036842.1",5010001,5110000
"NC_036842.1",5070000,0,0.319997,0,0.319997,"chr036842.1",5020001,5120000
"NC_036842.1",5080000,0,0.305977,0,0.305977,"chr036842.1",5030001,5130000
"NC_036842.1",5090000,0,0.290077,0,0.290077,"chr036842.1",5040001,5140000
"NC_036842.1",5100000,0,0.282534,0,0.282534,"chr036842.1",5050001,5150000
"NC_036842.1",6490000,0.207704,0.0194001,0,0.207704,"chr036842.1",6440001,6540000
"NC_036842.1",6500000,0.217833,0.0141296,0,0.217833,"chr036842.1",6450001,6550000
"NC_036842.1",6510000,0.232289,0.0161708,0,0.232289,"chr036842.1",6460001,6560000
"NC_036842.1",6520000,0.243326,0.0178818,0,0.243326,"chr036842.1",6470001,6570000
"NC_036842.1",6530000,0.242952,0.0163892,0,0.242952,"chr036842.1",6480001,6580000
"NC_036842.1",6540000,0.242507,0.0162613,0,0.242507,"chr036842.1",6490001,6590000
"NC_036842.1",6550000,0.242759,0.015026,0,0.242759,"chr036842.1",6500001,6600000
"NC_036842.1",6560000,0.268125,0.0198761,0,0.268125,"chr036842.1",6510001,6610000
"NC_036842.1",6570000,0.269157,0.0221883,0,0.269157,"chr036842.1",6520001,6620000
"NC_036842.1",6580000,0.240004,0.025659,0,0.240004,"chr036842.1",6530001,6630000
"NC_036842.1",6590000,0.236708,0.0119815,0,0.236708,"chr036842.1",6540001,6640000
"NC_036842.1",6600000,0.219928,0.0236453,0,0.219928,"chr036842.1",6550001,6650000
"NC_036842.1",6610000,0.202238,0.023974,0,0.202238,"chr036842.1",6560001,6660000
"NC_036842.1",8040000,0.229904,0.0221157,0,0.229904,"chr036842.1",7990001,8090000
"NC_036842.1",8050000,0.408176,0.0111142,0.125838,0.408176,"chr036842.1",8000001,8100000
"NC_036842.1",8060000,0.438155,0.00973154,0.15435,0.438155,"chr036842.1",8010001,8110000
"NC_036842.1",8070000,0.426795,0.0142883,0.152425,0.426795,"chr036842.1",8020001,8120000
"NC_036842.1",8080000,0.465862,0.0110373,0.169289,0.465862,"chr036842.1",8030001,8130000
"NC_036842.1",8090000,0.422385,0.00476758,0.161829,0.422385,"chr036842.1",8040001,8140000
"NC_036842.1",8100000,0.41388,0,0.153196,0.41388,"chr036842.1",8050001,8150000
"NC_036842.1",8110000,0.43398,0.012297,0.143795,0.43398,"chr036842.1",8060001,8160000
"NC_036842.1",8120000,0.45534,0.00981089,0.142086,0.45534,"chr036842.1",8070001,8170000
"NC_036842.1",8130000,0.477441,0.00596497,0.14078,0.477441,"chr036842.1",8080001,8180000
"NC_036842.1",8140000,0.477803,0.00213763,0.153694,0.477803,"chr036842.1",8090001,8190000
"NC_036842.1",8150000,0.401962,0.00688919,0.0690672,0.401962,"chr036842.1",8100001,8200000
"NC_036842.1",8160000,0.381707,0.0090039,0.0204678,0.381707,"chr036842.1",8110001,8210000
"NC_036842.1",8170000,0.427624,0.00696739,0.012603,0.427624,"chr036842.1",8120001,8220000
"NC_036842.1",8180000,0.261185,0.00616562,0,0.261185,"chr036842.1",8130001,8230000
"NC_036842.1",8190000,0.279172,0,0,0.279172,"chr036842.1",8140001,8240000
"NC_036842.1",8200000,0.278799,0,0,0.278799,"chr036842.1",8150001,8250000
"NC_036842.1",8210000,0.232004,0,0,0.232004,"chr036842.1",8160001,8260000
"NC_036842.1",8220000,0.212203,0,0,0.212203,"chr036842.1",8170001,8270000
"NC_036842.1",9290000,0.224882,0.0249798,0,0.224882,"chr036842.1",9240001,9340000
"NC_036842.1",9300000,0.252838,0.0272276,0,0.252838,"chr036842.1",9250001,9350000
"NC_036842.1",9310000,0.330409,0.0242941,0,0.330409,"chr036842.1",9260001,9360000
"NC_036842.1",9320000,0.330012,0.0241108,0,0.330012,"chr036842.1",9270001,9370000
"NC_036842.1",9330000,0.295812,0.0323234,0,0.295812,"chr036842.1",9280001,9380000
"NC_036842.1",9340000,0.236557,0.0116667,0,0.236557,"chr036842.1",9290001,9390000
"NC_036842.1",10200000,0.261408,0,0,0.261408,"chr036842.1",10150001,10250000
"NC_036842.1",10210000,0.309534,0,0,0.309534,"chr036842.1",10160001,10260000
"NC_036842.1",10220000,0.328345,0,0,0.328345,"chr036842.1",10170001,10270000
"NC_036842.1",10230000,0.319845,0,0,0.319845,"chr036842.1",10180001,10280000
"NC_036842.1",10240000,0.298348,0,0,0.298348,"chr036842.1",10190001,10290000
"NC_036842.1",10250000,0.28691,0,0,0.28691,"chr036842.1",10200001,10300000
"NC_036842.1",10260000,0.297344,0,0,0.297344,"chr036842.1",10210001,10310000
"NC_036842.1",10270000,0.302485,0,0,0.302485,"chr036842.1",10220001,10320000
"NC_036842.1",10280000,0.308231,0,0,0.308231,"chr036842.1",10230001,10330000
"NC_036842.1",10290000,0.320734,0,0,0.320734,"chr036842.1",10240001,10340000
"NC_036842.1",10300000,0.248341,0,0,0.248341,"chr036842.1",10250001,10350000
"NC_036842.1",10310000,0.235898,0,0.00529246,0.235898,"chr036842.1",10260001,10360000
"NC_036842.1",10320000,0.221876,0.00679362,0.00936421,0.221876,"chr036842.1",10270001,10370000
"NC_036842.1",10330000,0.2167,0.00980262,0.0047386,0.2167,"chr036842.1",10280001,10380000
"NC_036842.1",10340000,0.252132,0.00863543,0.00471281,0.252132,"chr036842.1",10290001,10390000
"NC_036842.1",10350000,0.3048,0.0093964,0.00637416,0.3048,"chr036842.1",10300001,10400000
"NC_036842.1",10360000,0.317784,0.00543269,0.00758368,0.317784,"chr036842.1",10310001,10410000
"NC_036842.1",10370000,0.264474,0.00386362,0.0113219,0.264474,"chr036842.1",10320001,10420000
"NC_036842.1",10380000,0.273863,0.00681072,0.00760906,0.273863,"chr036842.1",10330001,10430000
"NC_036842.1",10390000,0.261124,0.00799743,0.0062318,0.261124,"chr036842.1",10340001,10440000
"NC_036842.1",10400000,0.251202,0.00520667,0.00622529,0.251202,"chr036842.1",10350001,10450000
"NC_036842.1",10410000,0.217873,0.00435345,0.00482797,0.217873,"chr036842.1",10360001,10460000
"NC_036842.1",11760000,0.242401,0,0,0.242401,"chr036842.1",11710001,11810000
"NC_036842.1",11770000,0.295937,0,0,0.295937,"chr036842.1",11720001,11820000
"NC_036842.1",11780000,0.280282,0,0,0.280282,"chr036842.1",11730001,11830000
"NC_036842.1",11790000,0.327205,0.0240707,0,0.327205,"chr036842.1",11740001,11840000
"NC_036842.1",11800000,0.317081,0,0,0.317081,"chr036842.1",11750001,11850000
"NC_036842.1",11810000,0.297617,0.0194558,0.010862,0.297617,"chr036842.1",11760001,11860000
"NC_036842.1",11820000,0.309558,0.083031,0.0500356,0.309558,"chr036842.1",11770001,11870000
"NC_036842.1",11830000,0.470968,0.113446,0.0636542,0.470968,"chr036842.1",11780001,11880000
"NC_036842.1",11840000,0.472756,0.110622,0.0367244,0.472756,"chr036842.1",11790001,11890000
"NC_036842.1",11850000,0.438717,0.110905,0.0339287,0.438717,"chr036842.1",11800001,11900000
"NC_036842.1",11860000,0.355114,0.108709,0.0215136,0.355114,"chr036842.1",11810001,11910000
"NC_036842.1",11870000,0.332226,0.127712,0,0.332226,"chr036842.1",11820001,11920000
"NC_036842.1",11880000,0.346681,0.115539,0,0.346681,"chr036842.1",11830001,11930000
"NC_036842.1",11890000,0.316366,0.104178,0,0.316366,"chr036842.1",11840001,11940000
"NC_036842.1",11900000,0.34656,0.106569,0,0.34656,"chr036842.1",11850001,11950000
"NC_036842.1",11910000,0.305325,0,0,0.305325,"chr036842.1",11860001,11960000
"NC_036842.1",11920000,0.370796,0,0,0.370796,"chr036842.1",11870001,11970000
"NC_036842.1",11930000,0.390138,0,0,0.390138,"chr036842.1",11880001,11980000
"NC_036842.1",11940000,0.373742,0,0,0.373742,"chr036842.1",11890001,11990000
"NC_036842.1",11950000,0.354141,0,0,0.354141,"chr036842.1",11900001,1.2e+07
"NC_036842.1",11960000,0.361247,0,0,0.361247,"chr036842.1",11910001,12010000
"NC_036842.1",11970000,0.370083,0,0,0.370083,"chr036842.1",11920001,12020000
"NC_036842.1",11980000,0.375866,0.00137682,0,0.375866,"chr036842.1",11930001,12030000
"NC_036842.1",11990000,0.367441,0.016966,0,0.367441,"chr036842.1",11940001,12040000
"NC_036842.1",1.2e+07,0.361669,0.0131811,0,0.361669,"chr036842.1",11950001,12050000
"NC_036842.1",12010000,0.359853,0.0600261,0,0.359853,"chr036842.1",11960001,12060000
"NC_036842.1",12020000,0.345123,0.0616521,0,0.345123,"chr036842.1",11970001,12070000
"NC_036842.1",12030000,0.279696,0.0479597,0,0.279696,"chr036842.1",11980001,12080000
"NC_036842.1",12040000,0.283358,0.0709511,0,0.283358,"chr036842.1",11990001,12090000
"NC_036842.1",12050000,0.297667,0.0592748,0,0.297667,"chr036842.1",12000001,12100000
"NC_036842.1",12060000,0.30379,0.0499164,0,0.30379,"chr036842.1",12010001,12110000
"NC_036842.1",12070000,0.291922,0,0,0.291922,"chr036842.1",12020001,12120000
"NC_036842.1",12080000,0.294607,0,0,0.294607,"chr036842.1",12030001,12130000
"NC_036842.1",12090000,0.270756,0,0,0.270756,"chr036842.1",12040001,12140000
"NC_036842.1",12100000,0.217678,0,0,0.217678,"chr036842.1",12050001,12150000
"NC_036842.1",12580000,0.234492,0.0738134,0.0491935,0.234492,"chr036842.1",12530001,12630000
"NC_036842.1",12590000,0.212856,0.0197945,0.020434,0.212856,"chr036842.1",12540001,12640000
"NC_036842.1",13520000,0,0.199484,0.0648212,0.199484,"chr036842.1",13470001,13570000
"NC_036842.1",13530000,0.0155946,0.204884,0.0454629,0.204884,"chr036842.1",13480001,13580000
"NC_036842.1",13540000,0.0171514,0.200772,0.0590878,0.200772,"chr036842.1",13490001,13590000
"NC_036842.1",13550000,0.0261531,0.236485,0.0716824,0.236485,"chr036842.1",13500001,13600000
"NC_036842.1",15370000,0.00494745,0.22757,0,0.22757,"chr036842.1",15320001,15420000
"NC_036842.1",18560000,0.156469,0,0.276269,0.276269,"chr036842.1",18510001,18610000
"NC_036842.1",18570000,0.180937,0.0274924,0.307227,0.307227,"chr036842.1",18520001,18620000
"NC_036842.1",18580000,0.185722,0.0415519,0.330678,0.330678,"chr036842.1",18530001,18630000
"NC_036842.1",18590000,0.191613,0.0599764,0.351621,0.351621,"chr036842.1",18540001,18640000
"NC_036842.1",18600000,0.207285,0.0687665,0.346496,0.346496,"chr036842.1",18550001,18650000
"NC_036842.1",18610000,0.198569,0.0861348,0.355874,0.355874,"chr036842.1",18560001,18660000
"NC_036842.1",18620000,0.199027,0.1052,0.393003,0.393003,"chr036842.1",18570001,18670000
"NC_036842.1",18630000,0.199738,0.104044,0.397403,0.397403,"chr036842.1",18580001,18680000
"NC_036842.1",18640000,0.203519,0.0823768,0.381794,0.381794,"chr036842.1",18590001,18690000
"NC_036842.1",18650000,0.191125,0.0596561,0.307477,0.307477,"chr036842.1",18600001,18700000
"NC_036842.1",18660000,0.194072,0.0198732,0.279793,0.279793,"chr036842.1",18610001,18710000
"NC_036842.1",18670000,0.168762,0.000807268,0.248965,0.248965,"chr036842.1",18620001,18720000
"NC_036842.1",18680000,0.152937,0,0.228735,0.228735,"chr036842.1",18630001,18730000
"NC_036842.1",24500000,0.2298,0,0.0095179,0.2298,"chr036842.1",24450001,24550000
"NC_036842.1",24510000,0.231182,0,0.0125773,0.231182,"chr036842.1",24460001,24560000
"NC_036842.1",24520000,0.209535,0,0.0207094,0.209535,"chr036842.1",24470001,24570000
"NC_036842.1",24530000,0.206111,0,0.0241744,0.206111,"chr036842.1",24480001,24580000
"NC_036842.1",24540000,0.206421,0,0.0341285,0.206421,"chr036842.1",24490001,24590000
"NC_036842.1",24550000,0.219187,0,0.0415821,0.219187,"chr036842.1",24500001,24600000
"NC_036842.1",24560000,0.237365,0,0.0432654,0.237365,"chr036842.1",24510001,24610000
"NC_036842.1",24570000,0.221349,0,0.048212,0.221349,"chr036842.1",24520001,24620000
"NC_036842.1",24580000,0.209204,0,0.0466586,0.209204,"chr036842.1",24530001,24630000
"NC_036842.1",24930000,0.209446,0.012809,0.0319809,0.209446,"chr036842.1",24880001,24980000
"NC_036842.1",24940000,0.202959,0.0110682,0.0328753,0.202959,"chr036842.1",24890001,24990000
"NC_036842.1",25590000,0.25788,0.0699717,0.124421,0.25788,"chr036842.1",25540001,25640000
"NC_036842.1",25600000,0.284834,0.0456905,0.142181,0.284834,"chr036842.1",25550001,25650000
"NC_036842.1",25610000,0.275482,0.0404521,0.14406,0.275482,"chr036842.1",25560001,25660000
"NC_036842.1",25620000,0.244773,0.0314526,0.13994,0.244773,"chr036842.1",25570001,25670000
"NC_036842.1",25630000,0.212782,0.0163063,0.12767,0.212782,"chr036842.1",25580001,25680000
"NC_036842.1",25640000,0.240508,0.0276959,0.142956,0.240508,"chr036842.1",25590001,25690000
"NC_036842.1",25760000,0.210579,0.0861962,0.191512,0.210579,"chr036842.1",25710001,25810000
"NC_036842.1",27440000,0.199353,0.101188,0,0.199353,"chr036842.1",27390001,27490000
"NC_036842.1",27450000,0.212523,0.0905512,0,0.212523,"chr036842.1",27400001,27500000
"NC_036842.1",27460000,0.217966,0.101636,0,0.217966,"chr036842.1",27410001,27510000
"NC_036842.1",27470000,0.246173,0.114766,0.0121344,0.246173,"chr036842.1",27420001,27520000
"NC_036842.1",27480000,0.268284,0.123667,0.040971,0.268284,"chr036842.1",27430001,27530000
"NC_036842.1",27490000,0.271905,0.142548,0.0610123,0.271905,"chr036842.1",27440001,27540000
"NC_036842.1",27500000,0.217338,0.0844832,0.0541065,0.217338,"chr036842.1",27450001,27550000
"NC_036842.1",27510000,0.201029,0.0468383,0.0502891,0.201029,"chr036842.1",27460001,27560000
"NC_036842.1",27520000,0.201868,0.04952,0.0534387,0.201868,"chr036842.1",27470001,27570000
"NC_036842.1",27530000,0.200333,0.0508584,0.0561705,0.200333,"chr036842.1",27480001,27580000
"NC_036842.1",27540000,0.202242,0.0523253,0.0558479,0.202242,"chr036842.1",27490001,27590000
"NC_036842.1",27890000,0.224063,0.0685658,0.0338881,0.224063,"chr036842.1",27840001,27940000
"NC_036842.1",27900000,0.213986,0.0768323,0.0243275,0.213986,"chr036842.1",27850001,27950000
"NC_036842.1",27910000,0.21102,0.066513,0.0149367,0.21102,"chr036842.1",27860001,27960000
"NC_036842.1",31800000,0.209865,0.109809,0.121822,0.209865,"chr036842.1",31750001,31850000
"NC_036842.1",31810000,0.218221,0.12489,0.137652,0.218221,"chr036842.1",31760001,31860000
"NC_036842.1",32630000,0.22411,0,0,0.22411,"chr036842.1",32580001,32680000
"NC_036842.1",36120000,0.203443,0,0,0.203443,"chr036842.1",36070001,36170000
"NC_036842.1",36130000,0.211107,0,0.00672729,0.211107,"chr036842.1",36080001,36180000
"NC_036842.1",36140000,0.246852,0,0.0087719,0.246852,"chr036842.1",36090001,36190000
"NC_036842.1",36730000,0.0715626,0.202335,0.0342201,0.202335,"chr036842.1",36680001,36780000
"NC_036842.1",36750000,0.0764915,0.21952,0.0447852,0.21952,"chr036842.1",36700001,36800000
"NC_036842.1",36760000,0.073793,0.210941,0.0393686,0.210941,"chr036842.1",36710001,36810000
"NC_036842.1",36770000,0.0752979,0.206546,0.0459084,0.206546,"chr036842.1",36720001,36820000
"NC_036842.1",36920000,0,0.2389,0.0195853,0.2389,"chr036842.1",36870001,36970000
"NC_036842.1",36930000,0,0.258552,0.0151225,0.258552,"chr036842.1",36880001,36980000
"NC_036842.1",36940000,0.00240502,0.274876,0.033729,0.274876,"chr036842.1",36890001,36990000
"NC_036842.1",36950000,0,0.302318,0.0325425,0.302318,"chr036842.1",36900001,3.7e+07
"NC_036842.1",36960000,0.000496948,0.309574,0.0303419,0.309574,"chr036842.1",36910001,37010000
"NC_036842.1",36970000,0.00763336,0.37266,0.0395441,0.37266,"chr036842.1",36920001,37020000
"NC_036842.1",36980000,0.00277662,0.376793,0.0423773,0.376793,"chr036842.1",36930001,37030000
"NC_036842.1",36990000,0,0.404741,0.039005,0.404741,"chr036842.1",36940001,37040000
"NC_036842.1",3.7e+07,0,0.394667,0.0363503,0.394667,"chr036842.1",36950001,37050000
"NC_036842.1",37010000,0.0156891,0.397727,0.0352685,0.397727,"chr036842.1",36960001,37060000
"NC_036842.1",37020000,0.01211,0.255621,0.0238695,0.255621,"chr036842.1",36970001,37070000
"NC_036842.1",37200000,0.0397502,0.0831525,0.288526,0.288526,"chr036842.1",37150001,37250000
"NC_036842.1",37210000,0.0144805,0.120288,0.381771,0.381771,"chr036842.1",37160001,37260000
"NC_036842.1",37220000,0.0145027,0.126572,0.373517,0.373517,"chr036842.1",37170001,37270000
"NC_036842.1",37230000,0.0163519,0.130795,0.389525,0.389525,"chr036842.1",37180001,37280000
"NC_036842.1",37240000,0.0301133,0.138665,0.38359,0.38359,"chr036842.1",37190001,37290000
"NC_036842.1",37250000,0.0303423,0.135001,0.389739,0.389739,"chr036842.1",37200001,37300000
"NC_036842.1",37260000,0.0380835,0.139391,0.387196,0.387196,"chr036842.1",37210001,37310000
"NC_036842.1",37270000,0.0328036,0.12798,0.371526,0.371526,"chr036842.1",37220001,37320000
"NC_036842.1",37280000,0.035994,0.127625,0.371642,0.371642,"chr036842.1",37230001,37330000
"NC_036842.1",37290000,0.0356896,0.132454,0.361597,0.361597,"chr036842.1",37240001,37340000
"NC_036842.1",37300000,0.0531316,0.133602,0.333346,0.333346,"chr036842.1",37250001,37350000
"NC_036842.1",38040000,0.20545,0,0.0322495,0.20545,"chr036842.1",37990001,38090000
"NC_036842.1",38050000,0.209464,0,0.0235901,0.209464,"chr036842.1",38000001,38100000
"NC_036842.1",38060000,0.230985,0,0.0140847,0.230985,"chr036842.1",38010001,38110000
"NC_036842.1",38070000,0.224514,0,0,0.224514,"chr036842.1",38020001,38120000
"NC_036842.1",38080000,0.282873,0,0,0.282873,"chr036842.1",38030001,38130000
"NC_036842.1",38090000,0.296176,0,0,0.296176,"chr036842.1",38040001,38140000
"NC_036842.1",38100000,0.308978,0,0,0.308978,"chr036842.1",38050001,38150000
"NC_036842.1",38110000,0.255343,0,0,0.255343,"chr036842.1",38060001,38160000
"NC_036842.1",38120000,0.217336,0,0,0.217336,"chr036842.1",38070001,38170000
"NC_036842.1",39080000,0,0.244712,0,0.244712,"chr036842.1",39030001,39130000
"NC_036842.1",39090000,0,0.205796,0,0.205796,"chr036842.1",39040001,39140000
"NC_036842.1",39100000,0,0.228901,0,0.228901,"chr036842.1",39050001,39150000
"NC_036842.1",39110000,0,0.250227,0,0.250227,"chr036842.1",39060001,39160000
"NC_036842.1",39120000,0,0.224722,0,0.224722,"chr036842.1",39070001,39170000
"NC_036842.1",39130000,0,0.220598,0,0.220598,"chr036842.1",39080001,39180000
"NC_036842.1",39240000,0.0551197,0.209639,0,0.209639,"chr036842.1",39190001,39290000
"NC_036842.1",39700000,0.218467,0.00439124,0,0.218467,"chr036842.1",39650001,39750000
"NC_036842.1",39710000,0.256895,0.0103595,0,0.256895,"chr036842.1",39660001,39760000
"NC_036842.1",39720000,0.288338,0.00733961,0,0.288338,"chr036842.1",39670001,39770000
"NC_036842.1",39730000,0.297416,0.019066,0,0.297416,"chr036842.1",39680001,39780000
"NC_036842.1",39740000,0.302464,0.0281037,0,0.302464,"chr036842.1",39690001,39790000
"NC_036842.1",39750000,0.252871,0.024332,0,0.252871,"chr036842.1",39700001,39800000
"NC_036842.1",39760000,0.257488,0.0212897,0,0.257488,"chr036842.1",39710001,39810000
"NC_036842.1",39770000,0.238005,0.012637,0,0.238005,"chr036842.1",39720001,39820000
"NC_036842.1",39780000,0.256736,0.0100904,0.00728205,0.256736,"chr036842.1",39730001,39830000
"NC_036842.1",39790000,0.254045,0.0122008,0.0168707,0.254045,"chr036842.1",39740001,39840000
"NC_036842.1",39800000,0.283839,0,0.0228375,0.283839,"chr036842.1",39750001,39850000
"NC_036842.1",39810000,0.262031,0,0.0267659,0.262031,"chr036842.1",39760001,39860000
"NC_036842.1",39820000,0.266675,0,0.0290021,0.266675,"chr036842.1",39770001,39870000
"NC_036842.1",39830000,0.267887,0,0.00678886,0.267887,"chr036842.1",39780001,39880000
"NC_036842.1",39840000,0.229575,0,0.0240286,0.229575,"chr036842.1",39790001,39890000
"NC_036842.1",39850000,0.265106,0,0.0298813,0.265106,"chr036842.1",39800001,39900000
"NC_036842.1",39860000,0.280401,0.00202688,0.022552,0.280401,"chr036842.1",39810001,39910000
"NC_036842.1",39870000,0.304286,0.00484482,0.0268221,0.304286,"chr036842.1",39820001,39920000
"NC_036842.1",39880000,0.291948,0.00556705,0.0178225,0.291948,"chr036842.1",39830001,39930000
"NC_036842.1",39890000,0.281855,0.00397727,0.00950008,0.281855,"chr036842.1",39840001,39940000
"NC_036842.1",39900000,0.292226,0.0126744,0.00462926,0.292226,"chr036842.1",39850001,39950000
"NC_036842.1",39910000,0.296781,0.0139371,0.0024145,0.296781,"chr036842.1",39860001,39960000
"NC_036842.1",39920000,0.301849,0.0137087,0,0.301849,"chr036842.1",39870001,39970000
"NC_036842.1",39930000,0.30324,0.0181898,0.00854135,0.30324,"chr036842.1",39880001,39980000
"NC_036842.1",39940000,0.258476,0.0179731,0,0.258476,"chr036842.1",39890001,39990000
"NC_036842.1",39950000,0.260885,0.0169961,0,0.260885,"chr036842.1",39900001,4e+07
"NC_036842.1",39960000,0.240231,0.0119105,0,0.240231,"chr036842.1",39910001,40010000
"NC_036842.1",39990000,0.206278,0.0162008,0.00214145,0.206278,"chr036842.1",39940001,40040000
"NC_036842.1",40070000,0.246407,0,0.0185372,0.246407,"chr036842.1",40020001,40120000
"NC_036842.1",40080000,0.207492,0,0.0148469,0.207492,"chr036842.1",40030001,40130000
"NC_036842.1",40240000,0.206971,0,0.0217462,0.206971,"chr036842.1",40190001,40290000
"NC_036842.1",40540000,0.234027,0,0,0.234027,"chr036842.1",40490001,40590000
"NC_036842.1",40550000,0.20794,0,0,0.20794,"chr036842.1",40500001,40600000
"NC_036842.1",40570000,0.212201,0.00896807,0,0.212201,"chr036842.1",40520001,40620000
"NC_036842.1",40580000,0.209996,0.00721462,0,0.209996,"chr036842.1",40530001,40630000
"NC_036842.1",40590000,0.227376,0.0129353,0,0.227376,"chr036842.1",40540001,40640000
"NC_036842.1",40600000,0.210693,0.00950222,0,0.210693,"chr036842.1",40550001,40650000
"NC_036842.1",40630000,0.20177,0.00491093,0,0.20177,"chr036842.1",40580001,40680000
"NC_036842.1",40650000,0.225496,0.0402485,0,0.225496,"chr036842.1",40600001,40700000
"NC_036842.1",40660000,0.200366,0.0294278,0,0.200366,"chr036842.1",40610001,40710000
"NC_036842.1",40810000,0.211451,0.0264661,0,0.211451,"chr036842.1",40760001,40860000
"NC_036842.1",40820000,0.223271,0.030944,0,0.223271,"chr036842.1",40770001,40870000
"NC_036842.1",40830000,0.250411,0.0277854,0,0.250411,"chr036842.1",40780001,40880000
"NC_036842.1",40840000,0.249194,0.0158136,0,0.249194,"chr036842.1",40790001,40890000
"NC_036842.1",40850000,0.215853,0.0125713,0,0.215853,"chr036842.1",40800001,40900000
"NC_036842.1",40860000,0.214278,0.018031,0,0.214278,"chr036842.1",40810001,40910000
"NC_036842.1",40870000,0.245742,0.0172561,0,0.245742,"chr036842.1",40820001,40920000
"NC_036842.1",40880000,0.250607,0.012405,0,0.250607,"chr036842.1",40830001,40930000
"NC_036842.1",40890000,0.239114,0.0197903,0,0.239114,"chr036842.1",40840001,40940000
"NC_036842.1",40900000,0.285333,0.0152171,0,0.285333,"chr036842.1",40850001,40950000
"NC_036842.1",40910000,0.256311,0,0,0.256311,"chr036842.1",40860001,40960000
"NC_036842.1",40920000,0.217116,0,0,0.217116,"chr036842.1",40870001,40970000
"NC_036842.1",40930000,0.23261,0,0,0.23261,"chr036842.1",40880001,40980000
"NC_036842.1",40940000,0.240886,0,0,0.240886,"chr036842.1",40890001,40990000
"NC_036842.1",40950000,0.239247,0,0,0.239247,"chr036842.1",40900001,4.1e+07
"NC_036842.1",40960000,0.2528,0,0,0.2528,"chr036842.1",40910001,41010000
"NC_036842.1",40970000,0.23638,0,0,0.23638,"chr036842.1",40920001,41020000
"NC_036842.1",40980000,0.219442,0,0,0.219442,"chr036842.1",40930001,41030000
"NC_036842.1",41190000,0.207617,0.173679,0.0906377,0.207617,"chr036842.1",41140001,41240000
"NC_036842.1",41200000,0.223638,0.197873,0.111972,0.223638,"chr036842.1",41150001,41250000
"NC_036842.1",41210000,0.359677,0.23311,0.141771,0.359677,"chr036842.1",41160001,41260000
"NC_036842.1",41220000,0.366362,0.233028,0.140184,0.366362,"chr036842.1",41170001,41270000
"NC_036842.1",41230000,0.398985,0.248912,0.185151,0.398985,"chr036842.1",41180001,41280000
"NC_036842.1",41240000,0.425563,0.271948,0.234975,0.425563,"chr036842.1",41190001,41290000
"NC_036842.1",41250000,0.39286,0.269112,0.214756,0.39286,"chr036842.1",41200001,41300000
"NC_036842.1",41260000,0.416783,0.260189,0.2284,0.416783,"chr036842.1",41210001,41310000
"NC_036842.1",41270000,0.394772,0.245256,0.222688,0.394772,"chr036842.1",41220001,41320000
"NC_036842.1",41280000,0.367008,0.222881,0.195886,0.367008,"chr036842.1",41230001,41330000
"NC_036842.1",41290000,0.327925,0.216626,0.157641,0.327925,"chr036842.1",41240001,41340000
"NC_036842.1",41300000,0.336574,0.203483,0.133843,0.336574,"chr036842.1",41250001,41350000
"NC_036842.1",41310000,0.3167,0.207905,0.129235,0.3167,"chr036842.1",41260001,41360000
"NC_036842.1",41320000,0.299264,0.179821,0.0964209,0.299264,"chr036842.1",41270001,41370000
"NC_036842.1",41330000,0.237559,0.136327,0.0619811,0.237559,"chr036842.1",41280001,41380000
"NC_036842.1",41340000,0.245851,0.121699,0.0328881,0.245851,"chr036842.1",41290001,41390000
"NC_036842.1",41350000,0.274688,0.11325,0.0101811,0.274688,"chr036842.1",41300001,41400000
"NC_036842.1",41360000,0.264982,0.101807,0.0162741,0.264982,"chr036842.1",41310001,41410000
"NC_036842.1",41370000,0.284111,0.0989814,0.0122929,0.284111,"chr036842.1",41320001,41420000
"NC_036842.1",41380000,0.282867,0.0794441,0.0152032,0.282867,"chr036842.1",41330001,41430000
"NC_036842.1",41390000,0.312464,0.0794148,0.0284417,0.312464,"chr036842.1",41340001,41440000
"NC_036842.1",41400000,0.28792,0.0695208,0.0271304,0.28792,"chr036842.1",41350001,41450000
"NC_036842.1",41410000,0.279763,0.0609053,0.037012,0.279763,"chr036842.1",41360001,41460000
"NC_036842.1",41420000,0.276725,0.0615774,0.0430504,0.276725,"chr036842.1",41370001,41470000
"NC_036842.1",41430000,0.33423,0.0907377,0.029143,0.33423,"chr036842.1",41380001,41480000
"NC_036842.1",41440000,0.330904,0.0853934,0.0155826,0.330904,"chr036842.1",41390001,41490000
"NC_036842.1",41450000,0.317192,0.0831436,0.0308399,0.317192,"chr036842.1",41400001,41500000
"NC_036842.1",41460000,0.314692,0.0835667,0.0215976,0.314692,"chr036842.1",41410001,41510000
"NC_036842.1",41470000,0.28796,0.0635708,0.0302775,0.28796,"chr036842.1",41420001,41520000
"NC_036842.1",41480000,0.300278,0.081397,0.00127742,0.300278,"chr036842.1",41430001,41530000
"NC_036842.1",41490000,0.236421,0.0546662,0,0.236421,"chr036842.1",41440001,41540000
"NC_036842.1",41500000,0.241056,0.0506687,0,0.241056,"chr036842.1",41450001,41550000
"NC_036842.1",41510000,0.244723,0.0551208,0,0.244723,"chr036842.1",41460001,41560000
"NC_036842.1",41520000,0.244163,0.0415761,0,0.244163,"chr036842.1",41470001,41570000
"NC_036842.1",41830000,0.217579,0.0775833,0.00742341,0.217579,"chr036842.1",41780001,41880000
"NC_036842.1",41840000,0.230515,0.0852168,0,0.230515,"chr036842.1",41790001,41890000
"NC_036842.1",41850000,0.206042,0.0774104,0,0.206042,"chr036842.1",41800001,41900000
"NC_036842.1",41860000,0.221426,0.0929652,0,0.221426,"chr036842.1",41810001,41910000
"NC_036842.1",41870000,0.209958,0.0970856,0,0.209958,"chr036842.1",41820001,41920000
"NC_036842.1",41880000,0.259415,0.118525,0,0.259415,"chr036842.1",41830001,41930000
"NC_036842.1",41890000,0.251387,0.114436,0,0.251387,"chr036842.1",41840001,41940000
"NC_036842.1",41900000,0.261918,0.126728,0,0.261918,"chr036842.1",41850001,41950000
"NC_036842.1",4.5e+07,0,0.212405,0,0.212405,"chr036842.1",44950001,45050000
"NC_036842.1",45010000,0,0.203341,0,0.203341,"chr036842.1",44960001,45060000
"NC_036842.1",45140000,0.102184,0.204632,0.00945955,0.204632,"chr036842.1",45090001,45190000
"NC_036842.1",45490000,0.230173,0.0368086,0,0.230173,"chr036842.1",45440001,45540000
"NC_036842.1",45540000,0.203273,0.0192712,0,0.203273,"chr036842.1",45490001,45590000
"NC_036842.1",45560000,0.207604,0.0420621,0,0.207604,"chr036842.1",45510001,45610000
"NC_036842.1",47490000,0,0,0.199487,0.199487,"chr036842.1",47440001,47540000
"NC_036842.1",47500000,0,0,0.226554,0.226554,"chr036842.1",47450001,47550000
"NC_036842.1",47510000,0,0,0.253576,0.253576,"chr036842.1",47460001,47560000
"NC_036842.1",47520000,0,0,0.259175,0.259175,"chr036842.1",47470001,47570000
"NC_036842.1",47530000,0,0,0.240106,0.240106,"chr036842.1",47480001,47580000
"NC_036842.1",47830000,0.267551,0,0.0173372,0.267551,"chr036842.1",47780001,47880000
"NC_036842.1",49010000,0.205298,0,0,0.205298,"chr036842.1",48960001,49060000
"NC_036842.1",49020000,0.205009,0,0,0.205009,"chr036842.1",48970001,49070000
"NC_036842.1",49030000,0.224996,0.0074453,0,0.224996,"chr036842.1",48980001,49080000
"NC_036842.1",51100000,0.21898,0.164988,0.161822,0.21898,"chr036842.1",51050001,51150000
"NC_036842.1",51110000,0.224131,0.196271,0.196644,0.224131,"chr036842.1",51060001,51160000
"NC_036842.1",51120000,0.22756,0.194149,0.198138,0.22756,"chr036842.1",51070001,51170000
"NC_036842.1",51130000,0.215592,0.173469,0.187253,0.215592,"chr036842.1",51080001,51180000
"NC_036842.1",51160000,0.320469,0.194071,0.193792,0.320469,"chr036842.1",51110001,51210000
"NC_036842.1",51170000,0.303326,0.246194,0.201748,0.303326,"chr036842.1",51120001,51220000
"NC_036842.1",51180000,0.304672,0.261308,0.267291,0.304672,"chr036842.1",51130001,51230000
"NC_036842.1",51190000,0.278412,0.222478,0.274798,0.278412,"chr036842.1",51140001,51240000
"NC_036842.1",51200000,0.256705,0.218965,0.277536,0.277536,"chr036842.1",51150001,51250000
"NC_036842.1",51210000,0.113426,0.105498,0.267736,0.267736,"chr036842.1",51160001,51260000
"NC_036842.1",51220000,0.0473513,0.0590304,0.246215,0.246215,"chr036842.1",51170001,51270000
"NC_036842.1",52690000,0.0353976,0,0.218792,0.218792,"chr036842.1",52640001,52740000
"NC_036842.1",52700000,0.0609632,0,0.212554,0.212554,"chr036842.1",52650001,52750000
"NC_036842.1",53790000,0,0.0619894,0.203415,0.203415,"chr036842.1",53740001,53840000
"NC_036842.1",53800000,0,0.0536942,0.222288,0.222288,"chr036842.1",53750001,53850000
"NC_036842.1",53810000,0,0.0421395,0.220527,0.220527,"chr036842.1",53760001,53860000
"NC_036842.1",53820000,0,0.0384022,0.203065,0.203065,"chr036842.1",53770001,53870000
"NC_036842.1",53840000,0,0.0316,0.217163,0.217163,"chr036842.1",53790001,53890000
"NC_036842.1",53850000,0,0.0258316,0.244387,0.244387,"chr036842.1",53800001,53900000
"NC_036842.1",53860000,0,0.0210799,0.252965,0.252965,"chr036842.1",53810001,53910000
"NC_036842.1",53870000,0,0.0169907,0.266164,0.266164,"chr036842.1",53820001,53920000
"NC_036842.1",53880000,0,0.0239465,0.27361,0.27361,"chr036842.1",53830001,53930000
"NC_036842.1",53890000,0.0110963,0.0208793,0.24232,0.24232,"chr036842.1",53840001,53940000
"NC_036842.1",53900000,0.0263465,0.0235252,0.254181,0.254181,"chr036842.1",53850001,53950000
"NC_036842.1",53910000,0.0303404,0.0345277,0.26202,0.26202,"chr036842.1",53860001,53960000
"NC_036842.1",53920000,0.0343586,0.0414542,0.29458,0.29458,"chr036842.1",53870001,53970000
"NC_036842.1",53930000,0.0428696,0.0497329,0.27623,0.27623,"chr036842.1",53880001,53980000
"NC_036842.1",53940000,0.0672896,0.0531994,0.246126,0.246126,"chr036842.1",53890001,53990000
"NC_036842.1",53980000,0.262244,0.244833,0.21711,0.262244,"chr036842.1",53930001,54030000
"NC_036842.1",53990000,0.335356,0.298852,0.281649,0.335356,"chr036842.1",53940001,54040000
"NC_036842.1",5.4e+07,0.305816,0.269013,0.232504,0.305816,"chr036842.1",53950001,54050000
"NC_036842.1",54010000,0.298316,0.255446,0.217777,0.298316,"chr036842.1",53960001,54060000
"NC_036842.1",54020000,0.293926,0.248587,0.215561,0.293926,"chr036842.1",53970001,54070000
"NC_036842.1",54030000,0.305722,0.258311,0.237689,0.305722,"chr036842.1",53980001,54080000
"NC_036842.1",54040000,0.28677,0.240679,0.215601,0.28677,"chr036842.1",53990001,54090000
"NC_036842.1",54050000,0.301542,0.25353,0.22837,0.301542,"chr036842.1",54000001,54100000
"NC_036842.1",54060000,0.293948,0.232141,0.207757,0.293948,"chr036842.1",54010001,54110000
"NC_036842.1",54070000,0.286247,0.216975,0.189114,0.286247,"chr036842.1",54020001,54120000
"NC_036842.1",54080000,0.240905,0.146146,0.155216,0.240905,"chr036842.1",54030001,54130000
"NC_036842.1",54120000,0.213793,0.080833,0.160672,0.213793,"chr036842.1",54070001,54170000
"NC_036842.1",54130000,0.231879,0.10634,0.195795,0.231879,"chr036842.1",54080001,54180000
"NC_036842.1",54140000,0.280123,0.138592,0.291652,0.291652,"chr036842.1",54090001,54190000
"NC_036842.1",54150000,0.242328,0.105566,0.278389,0.278389,"chr036842.1",54100001,54200000
"NC_036842.1",54160000,0.254068,0.100611,0.309455,0.309455,"chr036842.1",54110001,54210000
"NC_036842.1",54170000,0.268762,0.0836741,0.345555,0.345555,"chr036842.1",54120001,54220000
"NC_036842.1",54180000,0.223202,0.0849325,0.302466,0.302466,"chr036842.1",54130001,54230000
"NC_036842.1",54190000,0.214979,0.084293,0.304186,0.304186,"chr036842.1",54140001,54240000
"NC_036842.1",54200000,0.198979,0.0632513,0.304829,0.304829,"chr036842.1",54150001,54250000
"NC_036842.1",54210000,0.181981,0.0500702,0.273937,0.273937,"chr036842.1",54160001,54260000
"NC_036842.1",54220000,0.164064,0.0312741,0.242519,0.242519,"chr036842.1",54170001,54270000
"NC_036842.1",54230000,0.145412,0.00284506,0.224057,0.224057,"chr036842.1",54180001,54280000
"NC_036842.1",54550000,0.0511745,0.0762362,0.199338,0.199338,"chr036842.1",54500001,54600000
"NC_036842.1",54560000,0.0841891,0.0182932,0.276272,0.276272,"chr036842.1",54510001,54610000
"NC_036842.1",54880000,0.0284393,0,0.250695,0.250695,"chr036842.1",54830001,54930000
"NC_036842.1",54890000,0.0222748,0,0.295116,0.295116,"chr036842.1",54840001,54940000
"NC_036842.1",54900000,0.0136704,0,0.313293,0.313293,"chr036842.1",54850001,54950000
"NC_036842.1",54910000,0.00230473,0.00151929,0.2904,0.2904,"chr036842.1",54860001,54960000
"NC_036842.1",54920000,0.0135581,0,0.282441,0.282441,"chr036842.1",54870001,54970000
"NC_036842.1",54930000,0.0120022,0,0.281625,0.281625,"chr036842.1",54880001,54980000
"NC_036842.1",54940000,0.00490496,0,0.277902,0.277902,"chr036842.1",54890001,54990000
"NC_036842.1",54950000,0.00486878,0,0.273637,0.273637,"chr036842.1",54900001,5.5e+07
"NC_036842.1",54960000,0.00714225,0,0.25906,0.25906,"chr036842.1",54910001,55010000
"NC_036842.1",54970000,0.0117291,0,0.253084,0.253084,"chr036842.1",54920001,55020000
"NC_036842.1",57030000,0.217686,0,0,0.217686,"chr036842.1",56980001,57080000
"NC_036842.1",57040000,0.216429,0,0.00372199,0.216429,"chr036842.1",56990001,57090000
"NC_036842.1",57050000,0.266774,0,0,0.266774,"chr036842.1",57000001,57100000
"NC_036842.1",57970000,0.20827,0.0417523,0.0511978,0.20827,"chr036842.1",57920001,58020000
"NC_036842.1",58150000,0.0567023,0,0.216917,0.216917,"chr036842.1",58100001,58200000
"NC_036842.1",58160000,0.0531794,0,0.248874,0.248874,"chr036842.1",58110001,58210000
"NC_036842.1",58170000,0.054712,0,0.253848,0.253848,"chr036842.1",58120001,58220000
"NC_036842.1",58180000,0.0479617,0,0.23653,0.23653,"chr036842.1",58130001,58230000
"NC_036842.1",58190000,0.0377379,0,0.217163,0.217163,"chr036842.1",58140001,58240000
"NC_036842.1",58200000,0.0417675,0,0.215869,0.215869,"chr036842.1",58150001,58250000
"NC_036842.1",59680000,0.103279,0.0184123,0.199605,0.199605,"chr036842.1",59630001,59730000
"NC_036842.1",59690000,0.121872,0.0365377,0.22121,0.22121,"chr036842.1",59640001,59740000
"NC_036842.1",59700000,0.188888,0.0753264,0.373927,0.373927,"chr036842.1",59650001,59750000
"NC_036842.1",59710000,0.170212,0.061074,0.312343,0.312343,"chr036842.1",59660001,59760000
"NC_036842.1",59720000,0.169798,0.037114,0.297001,0.297001,"chr036842.1",59670001,59770000
"NC_036842.1",59730000,0.138658,0.0324174,0.227664,0.227664,"chr036842.1",59680001,59780000
"NC_036842.1",59740000,0.128363,0.0327243,0.212925,0.212925,"chr036842.1",59690001,59790000
"NC_036842.1",59750000,0.118734,0.0340514,0.205932,0.205932,"chr036842.1",59700001,59800000
"NC_036842.1",59930000,0,0.0989853,0.207754,0.207754,"chr036842.1",59880001,59980000
"NC_036842.1",59940000,0,0.23092,0.340886,0.340886,"chr036842.1",59890001,59990000
"NC_036842.1",59950000,0,0.31679,0.414217,0.414217,"chr036842.1",59900001,6e+07
"NC_036842.1",59960000,0.00241892,0.393622,0.512743,0.512743,"chr036842.1",59910001,60010000
"NC_036842.1",59970000,0.000355233,0.384721,0.506519,0.506519,"chr036842.1",59920001,60020000
"NC_036842.1",59980000,0,0.364735,0.47954,0.47954,"chr036842.1",59930001,60030000
"NC_036842.1",59990000,0,0.374027,0.493008,0.493008,"chr036842.1",59940001,60040000
"NC_036842.1",6e+07,0,0.365676,0.473782,0.473782,"chr036842.1",59950001,60050000
"NC_036842.1",60010000,0.00194302,0.353742,0.470059,0.470059,"chr036842.1",59960001,60060000
"NC_036842.1",60020000,0,0.34982,0.451324,0.451324,"chr036842.1",59970001,60070000
"NC_036842.1",60030000,0.0054506,0.31206,0.39804,0.39804,"chr036842.1",59980001,60080000
"NC_036842.1",60040000,0.0287536,0.247044,0.313985,0.313985,"chr036842.1",59990001,60090000
"NC_036842.1",66210000,0.3,0,5.08852e-17,0.3,"chr036842.1",66160001,66260000
"NC_036842.1",66220000,0.3,0,0,0.3,"chr036842.1",66170001,66270000
"NC_036842.1",66230000,0.3,0,0,0.3,"chr036842.1",66180001,66280000
"NC_036842.1",66240000,0.3,0,0,0.3,"chr036842.1",66190001,66290000
"NC_036842.1",66250000,0.3,0,0,0.3,"chr036842.1",66200001,66300000
"NC_036842.1",66260000,0.3,0,0,0.3,"chr036842.1",66210001,66310000
"NC_036842.1",66270000,0.3,0,0,0.3,"chr036842.1",66220001,66320000
"NC_036842.1",66280000,0.545455,0,0,0.545455,"chr036842.1",66230001,66330000
"NC_036842.1",66290000,0.5,0,0,0.5,"chr036842.1",66240001,66340000
"NC_036842.1",66300000,0.5,0,0,0.5,"chr036842.1",66250001,66350000
"NC_036842.1",66450000,0,0.260248,0.260248,0.260248,"chr036842.1",66400001,66500000
"NC_036842.1",66460000,0,0.260248,0.260248,0.260248,"chr036842.1",66410001,66510000
"NC_036842.1",66470000,0,0.260248,0.260248,0.260248,"chr036842.1",66420001,66520000
"NC_036842.1",67870000,0,0.193436,0.204052,0.204052,"chr036842.1",67820001,67920000
"NC_036842.1",67880000,0.0148684,0.223494,0.277367,0.277367,"chr036842.1",67830001,67930000
"NC_036842.1",67890000,0.0420492,0.31859,0.435849,0.435849,"chr036842.1",67840001,67940000
"NC_036842.1",67900000,0.0333611,0.313344,0.469795,0.469795,"chr036842.1",67850001,67950000
"NC_036842.1",67910000,0.0409741,0.307816,0.489648,0.489648,"chr036842.1",67860001,67960000
"NC_036842.1",67920000,0.0215761,0.283943,0.487201,0.487201,"chr036842.1",67870001,67970000
"NC_036842.1",67930000,0.0024349,0.273973,0.471885,0.471885,"chr036842.1",67880001,67980000
"NC_036842.1",67940000,0.00214316,0.277889,0.481533,0.481533,"chr036842.1",67890001,67990000
"NC_036842.1",67950000,0,0.265116,0.48736,0.48736,"chr036842.1",67900001,6.8e+07
"NC_036842.1",67960000,0,0.241569,0.462147,0.462147,"chr036842.1",67910001,68010000
"NC_036842.1",67970000,0,0.151866,0.277059,0.277059,"chr036842.1",67920001,68020000
"NC_036842.1",67980000,0,0.144718,0.262392,0.262392,"chr036842.1",67930001,68030000
"NC_036842.1",67990000,0,0.143982,0.27226,0.27226,"chr036842.1",67940001,68040000
"NC_036842.1",6.8e+07,0,0.144827,0.271398,0.271398,"chr036842.1",67950001,68050000
"NC_036842.1",68010000,0,0.144246,0.276093,0.276093,"chr036842.1",67960001,68060000
"NC_036842.1",68020000,0.000116247,0.154761,0.278616,0.278616,"chr036842.1",67970001,68070000
"NC_036842.1",68030000,0.000261499,0.163726,0.290591,0.290591,"chr036842.1",67980001,68080000
"NC_036842.1",68040000,0,0.141729,0.274365,0.274365,"chr036842.1",67990001,68090000
"NC_036842.1",68050000,0.000388442,0.125582,0.237906,0.237906,"chr036842.1",68000001,68100000
"NC_036842.1",68070000,0.00917468,0.100815,0.263877,0.263877,"chr036842.1",68020001,68120000
"NC_036842.1",68080000,0.00922794,0.103876,0.270506,0.270506,"chr036842.1",68030001,68130000
"NC_036842.1",68090000,0.0185885,0.0929336,0.23644,0.23644,"chr036842.1",68040001,68140000
"NC_036842.1",68310000,0.226216,0.0316692,0,0.226216,"chr036842.1",68260001,68360000
"NC_036842.1",68320000,0.242991,0.0841578,0.00994137,0.242991,"chr036842.1",68270001,68370000
"NC_036842.1",68330000,0.280255,0.119733,0.0119096,0.280255,"chr036842.1",68280001,68380000
"NC_036842.1",68340000,0.357381,0.232957,0.0175748,0.357381,"chr036842.1",68290001,68390000
"NC_036842.1",68350000,0.3919,0.278772,0.00628077,0.3919,"chr036842.1",68300001,68400000
"NC_036842.1",68360000,0.46571,0.346784,0.00119313,0.46571,"chr036842.1",68310001,68410000
"NC_036842.1",68370000,0.483187,0.373268,0.00274791,0.483187,"chr036842.1",68320001,68420000
"NC_036842.1",68380000,0.481667,0.358002,0.00895897,0.481667,"chr036842.1",68330001,68430000
"NC_036842.1",68390000,0.491843,0.378328,0.0126738,0.491843,"chr036842.1",68340001,68440000
"NC_036842.1",68400000,0.490557,0.380358,0.0233599,0.490557,"chr036842.1",68350001,68450000
"NC_036842.1",68410000,0.491628,0.392658,0.051632,0.491628,"chr036842.1",68360001,68460000
"NC_036842.1",68420000,0.490839,0.394196,0.0880196,0.490839,"chr036842.1",68370001,68470000
"NC_036842.1",68430000,0.4883,0.396231,0.115736,0.4883,"chr036842.1",68380001,68480000
"NC_036842.1",68440000,0.497297,0.405533,0.140253,0.497297,"chr036842.1",68390001,68490000
"NC_036842.1",68450000,0.503707,0.414941,0.188531,0.503707,"chr036842.1",68400001,68500000
"NC_036842.1",68460000,0.472228,0.388297,0.195164,0.472228,"chr036842.1",68410001,68510000
"NC_036842.1",68470000,0.449822,0.373146,0.220606,0.449822,"chr036842.1",68420001,68520000
"NC_036842.1",68480000,0.384525,0.377665,0.278069,0.384525,"chr036842.1",68430001,68530000
"NC_036842.1",68490000,0.216478,0.240916,0.170738,0.240916,"chr036842.1",68440001,68540000
"NC_036842.1",68500000,0.203805,0.229108,0.164978,0.229108,"chr036842.1",68450001,68550000
"NC_036842.1",77720000,0.205779,0,0,0.205779,"chr036842.1",77670001,77770000
"NC_036842.1",77730000,0.253237,0,0,0.253237,"chr036842.1",77680001,77780000
"NC_036842.1",77740000,0.300115,0,0,0.300115,"chr036842.1",77690001,77790000
"NC_036842.1",77750000,0.305928,0,0,0.305928,"chr036842.1",77700001,77800000
"NC_036842.1",77760000,0.355784,0,0,0.355784,"chr036842.1",77710001,77810000
"NC_036842.1",77770000,0.373158,0,0,0.373158,"chr036842.1",77720001,77820000
"NC_036842.1",77780000,0.359549,0,0,0.359549,"chr036842.1",77730001,77830000
"NC_036842.1",77790000,0.358262,0,0,0.358262,"chr036842.1",77740001,77840000
"NC_036842.1",77800000,0.359966,0,0,0.359966,"chr036842.1",77750001,77850000
"NC_036842.1",77810000,0.349203,0,0,0.349203,"chr036842.1",77760001,77860000
"NC_036842.1",77820000,0.324029,0,0,0.324029,"chr036842.1",77770001,77870000
"NC_036842.1",77830000,0.302387,0,0,0.302387,"chr036842.1",77780001,77880000
"NC_036842.1",77840000,0.284324,0,0,0.284324,"chr036842.1",77790001,77890000
"NC_036842.1",77850000,0.273636,0,0,0.273636,"chr036842.1",77800001,77900000
"NC_036842.1",77860000,0.25088,0,0,0.25088,"chr036842.1",77810001,77910000
"NC_036842.1",77870000,0.205451,0,0,0.205451,"chr036842.1",77820001,77920000
"NC_036842.1",77880000,0.211926,0,0,0.211926,"chr036842.1",77830001,77930000
"NC_036842.1",77890000,0.204424,0,0,0.204424,"chr036842.1",77840001,77940000
"NC_036842.1",77920000,0.203129,0,0,0.203129,"chr036842.1",77870001,77970000
"NC_036842.1",77930000,0.216376,0,0,0.216376,"chr036842.1",77880001,77980000
"NC_036842.1",77940000,0.209282,0,0,0.209282,"chr036842.1",77890001,77990000
"NC_036842.1",77950000,0.214645,0,0,0.214645,"chr036842.1",77900001,7.8e+07
"NC_036842.1",77960000,0.216153,0,0,0.216153,"chr036842.1",77910001,78010000
"NC_036842.1",83250000,0,0.233039,0.00355969,0.233039,"chr036842.1",83200001,83300000
"NC_036842.1",83260000,0.0131707,0.27155,0.00950139,0.27155,"chr036842.1",83210001,83310000
"NC_036842.1",83270000,0.0212917,0.310777,0.015148,0.310777,"chr036842.1",83220001,83320000
"NC_036842.1",83280000,0.0707048,0.400518,0.0569337,0.400518,"chr036842.1",83230001,83330000
"NC_036842.1",83290000,0.0655545,0.41116,0.0560362,0.41116,"chr036842.1",83240001,83340000
"NC_036842.1",83300000,0.0490126,0.377161,0.0290127,0.377161,"chr036842.1",83250001,83350000
"NC_036842.1",83310000,0.0499502,0.415385,0.0350871,0.415385,"chr036842.1",83260001,83360000
"NC_036842.1",83320000,0.0536653,0.408237,0.0349626,0.408237,"chr036842.1",83270001,83370000
"NC_036842.1",83330000,0.0387445,0.327624,0.0320136,0.327624,"chr036842.1",83280001,83380000
"NC_036842.1",83340000,0.0350225,0.296878,0.0273622,0.296878,"chr036842.1",83290001,83390000
"NC_036842.1",83350000,0.0378933,0.30882,0.0222321,0.30882,"chr036842.1",83300001,83400000
"NC_036842.1",83360000,0.0267294,0.266046,0.0131512,0.266046,"chr036842.1",83310001,83410000
"NC_036842.1",83370000,0.0262475,0.256569,0.010081,0.256569,"chr036842.1",83320001,83420000
"NC_036842.1",83380000,0.00373497,0.217013,0,0.217013,"chr036842.1",83330001,83430000
"NC_036842.1",83490000,0,0.237917,0,0.237917,"chr036842.1",83440001,83540000
"NC_036842.1",83510000,0,0.225326,0,0.225326,"chr036842.1",83460001,83560000
"NC_036842.1",83520000,0,0.222547,0,0.222547,"chr036842.1",83470001,83570000
"NC_036842.1",83550000,0,0.219236,0,0.219236,"chr036842.1",83500001,83600000
"NC_036842.1",83560000,0,0.225153,0,0.225153,"chr036842.1",83510001,83610000
"NC_036842.1",83570000,0,0.229799,0,0.229799,"chr036842.1",83520001,83620000
"NC_036842.1",83580000,0,0.234195,0,0.234195,"chr036842.1",83530001,83630000
"NC_036842.1",83590000,0,0.227096,0,0.227096,"chr036842.1",83540001,83640000
"NC_036842.1",83600000,0,0.288075,0,0.288075,"chr036842.1",83550001,83650000
"NC_036842.1",83610000,0,0.258856,0,0.258856,"chr036842.1",83560001,83660000
"NC_036842.1",83620000,0,0.244543,0,0.244543,"chr036842.1",83570001,83670000
"NC_036842.1",83630000,0,0.252486,0,0.252486,"chr036842.1",83580001,83680000
"NC_036842.1",83640000,0,0.234865,0,0.234865,"chr036842.1",83590001,83690000
"NC_036842.1",83650000,0,0.20859,0,0.20859,"chr036842.1",83600001,83700000
"NC_036842.1",83660000,0,0.209164,0,0.209164,"chr036842.1",83610001,83710000
"NC_036842.1",83670000,0,0.228879,0,0.228879,"chr036842.1",83620001,83720000
"NC_036842.1",83680000,0,0.232873,0,0.232873,"chr036842.1",83630001,83730000
"NC_036842.1",83690000,0,0.22588,0,0.22588,"chr036842.1",83640001,83740000
"NC_036842.1",83710000,0,0.207011,0,0.207011,"chr036842.1",83660001,83760000
"NC_036842.1",83720000,0,0.20737,0,0.20737,"chr036842.1",83670001,83770000
"NC_036842.1",83730000,0,0.211073,0,0.211073,"chr036842.1",83680001,83780000
"NC_036842.1",86190000,0.00384114,0.200582,0.000563681,0.200582,"chr036842.1",86140001,86240000
"NC_036842.1",86200000,0.00345668,0.256077,0.00156846,0.256077,"chr036842.1",86150001,86250000
"NC_036842.1",86210000,0.00542008,0.245618,0.0151531,0.245618,"chr036842.1",86160001,86260000
"NC_036842.1",86220000,0.0131146,0.237779,0.0246827,0.237779,"chr036842.1",86170001,86270000
"NC_036842.1",86230000,0.0134904,0.246358,0.0394854,0.246358,"chr036842.1",86180001,86280000
"NC_036842.1",86240000,0.0190765,0.23425,0.0419873,0.23425,"chr036842.1",86190001,86290000
"NC_036842.1",86250000,0.0308775,0.238093,0.0520827,0.238093,"chr036842.1",86200001,86300000
"NC_036842.1",86260000,0.0240191,0.237092,0.0489303,0.237092,"chr036842.1",86210001,86310000
"NC_036842.1",86270000,0.0366094,0.240666,0.056554,0.240666,"chr036842.1",86220001,86320000
"NC_036842.1",86280000,0.0366942,0.242786,0.0640652,0.242786,"chr036842.1",86230001,86330000
"NC_036842.1",86290000,0.0410918,0.248894,0.0704782,0.248894,"chr036842.1",86240001,86340000
"NC_036842.1",86300000,0.04701,0.232472,0.0764631,0.232472,"chr036842.1",86250001,86350000
"NC_036842.1",88310000,0.0058822,0.200041,0.00458026,0.200041,"chr036842.1",88260001,88360000
"NC_036842.1",88340000,0.00504977,0.199499,0.00557195,0.199499,"chr036842.1",88290001,88390000
"NC_036842.1",88350000,0.00235303,0.205988,0.00175234,0.205988,"chr036842.1",88300001,88400000
"NC_036842.1",88360000,0.00182786,0.206551,1.76625e-05,0.206551,"chr036842.1",88310001,88410000
"NC_036842.1",88370000,0.00350228,0.209547,0.000598443,0.209547,"chr036842.1",88320001,88420000
"NC_036842.1",88380000,0.00431235,0.215614,0.00145245,0.215614,"chr036842.1",88330001,88430000
"NC_036842.1",88390000,0.00299865,0.213794,0.00237134,0.213794,"chr036842.1",88340001,88440000
"NC_036843.1",1950000,0.0663022,0.211265,0.00893196,0.211265,"chr036843.1",1900001,2e+06
"NC_036843.1",1960000,0.0593174,0.264359,0.0273495,0.264359,"chr036843.1",1910001,2010000
"NC_036843.1",1970000,0.0605088,0.302248,0.0430836,0.302248,"chr036843.1",1920001,2020000
"NC_036843.1",1980000,0.00650472,0.247453,0.0107453,0.247453,"chr036843.1",1930001,2030000
"NC_036843.1",1990000,0.00835324,0.242742,0,0.242742,"chr036843.1",1940001,2040000
"NC_036843.1",2e+06,0.00406089,0.255938,0.00468953,0.255938,"chr036843.1",1950001,2050000
"NC_036843.1",6790000,0.231042,0.176558,0.137948,0.231042,"chr036843.1",6740001,6840000
"NC_036843.1",6800000,0.262091,0.203878,0.16872,0.262091,"chr036843.1",6750001,6850000
"NC_036843.1",6810000,0.280656,0.202994,0.164266,0.280656,"chr036843.1",6760001,6860000
"NC_036843.1",6820000,0.325185,0.212348,0.182182,0.325185,"chr036843.1",6770001,6870000
"NC_036843.1",6830000,0.320535,0.211892,0.187172,0.320535,"chr036843.1",6780001,6880000
"NC_036843.1",6840000,0.303064,0.205676,0.182441,0.303064,"chr036843.1",6790001,6890000
"NC_036843.1",6850000,0.312785,0.194306,0.156542,0.312785,"chr036843.1",6800001,6900000
"NC_036843.1",6860000,0.321367,0.203185,0.167333,0.321367,"chr036843.1",6810001,6910000
"NC_036843.1",6870000,0.296583,0.188971,0.197628,0.296583,"chr036843.1",6820001,6920000
"NC_036843.1",6880000,0.326961,0.210806,0.242795,0.326961,"chr036843.1",6830001,6930000
"NC_036843.1",6890000,0.224005,0.209731,0.361335,0.361335,"chr036843.1",6840001,6940000
"NC_036843.1",6900000,0.109471,0.11822,0.367062,0.367062,"chr036843.1",6850001,6950000
"NC_036843.1",6910000,0.0373819,0.0666575,0.521222,0.521222,"chr036843.1",6860001,6960000
"NC_036843.1",6920000,0.00323646,0.0220534,0.543526,0.543526,"chr036843.1",6870001,6970000
"NC_036843.1",6930000,0,0.0201414,0.52152,0.52152,"chr036843.1",6880001,6980000
"NC_036843.1",6940000,0.00241525,0.0173542,0.543639,0.543639,"chr036843.1",6890001,6990000
"NC_036843.1",6950000,0.00140906,0.0273887,0.543571,0.543571,"chr036843.1",6900001,7e+06
"NC_036843.1",6960000,0,0.00514842,0.537935,0.537935,"chr036843.1",6910001,7010000
"NC_036843.1",6970000,0,0.0209311,0.457584,0.457584,"chr036843.1",6920001,7020000
"NC_036843.1",6980000,0,0.0150544,0.444945,0.444945,"chr036843.1",6930001,7030000
"NC_036843.1",6990000,0,0.0295544,0.379602,0.379602,"chr036843.1",6940001,7040000
"NC_036843.1",7e+06,0,0.0286918,0.301646,0.301646,"chr036843.1",6950001,7050000
"NC_036843.1",7010000,0,0.0322817,0.266752,0.266752,"chr036843.1",6960001,7060000
"NC_036843.1",8300000,0.206472,0.00648832,0.0177522,0.206472,"chr036843.1",8250001,8350000
"NC_036843.1",8310000,0.212957,0.00150058,0.0139687,0.212957,"chr036843.1",8260001,8360000
"NC_036843.1",8320000,0.213055,0,0.0157587,0.213055,"chr036843.1",8270001,8370000
"NC_036843.1",8330000,0.210971,0,0.0151167,0.210971,"chr036843.1",8280001,8380000
"NC_036843.1",8340000,0.2164,0,0.00903575,0.2164,"chr036843.1",8290001,8390000
"NC_036843.1",9430000,0,0.204795,0.0284941,0.204795,"chr036843.1",9380001,9480000
"NC_036843.1",9440000,0.00964625,0.202802,0.0216335,0.202802,"chr036843.1",9390001,9490000
"NC_036843.1",11660000,0.090854,0.272803,0,0.272803,"chr036843.1",11610001,11710000
"NC_036843.1",11670000,0.0858607,0.263662,0,0.263662,"chr036843.1",11620001,11720000
"NC_036843.1",11680000,0.102413,0.257893,0,0.257893,"chr036843.1",11630001,11730000
"NC_036843.1",11690000,0.0847943,0.240151,0,0.240151,"chr036843.1",11640001,11740000
"NC_036843.1",11700000,0.0841677,0.228289,0,0.228289,"chr036843.1",11650001,11750000
"NC_036843.1",11710000,0.0703042,0.222007,0.00479732,0.222007,"chr036843.1",11660001,11760000
"NC_036843.1",11720000,0.0825172,0.208152,0.00908831,0.208152,"chr036843.1",11670001,11770000
"NC_036843.1",11730000,0.0830425,0.20032,0.0200159,0.20032,"chr036843.1",11680001,11780000
"NC_036843.1",11740000,0.0916137,0.204387,0.0334623,0.204387,"chr036843.1",11690001,11790000
"NC_036843.1",17930000,0,0.227263,0,0.227263,"chr036843.1",17880001,17980000
"NC_036843.1",18520000,0,0.201038,0,0.201038,"chr036843.1",18470001,18570000
"NC_036843.1",19500000,0.156794,0.0119022,0.281236,0.281236,"chr036843.1",19450001,19550000
"NC_036843.1",19510000,0.160175,0.0261541,0.287946,0.287946,"chr036843.1",19460001,19560000
"NC_036843.1",19520000,0.156262,0.028131,0.269146,0.269146,"chr036843.1",19470001,19570000
"NC_036843.1",19530000,0.162662,0.0419705,0.29328,0.29328,"chr036843.1",19480001,19580000
"NC_036843.1",19540000,0.156161,0.0544064,0.263796,0.263796,"chr036843.1",19490001,19590000
"NC_036843.1",19550000,0.127456,0.0388799,0.216874,0.216874,"chr036843.1",19500001,19600000
"NC_036843.1",19560000,0.127959,0.0471369,0.206073,0.206073,"chr036843.1",19510001,19610000
"NC_036843.1",19740000,0.102957,0.25711,0.0530672,0.25711,"chr036843.1",19690001,19790000
"NC_036843.1",19750000,0.135676,0.287141,0.0617303,0.287141,"chr036843.1",19700001,19800000
"NC_036843.1",19760000,0.113703,0.233956,0.0422332,0.233956,"chr036843.1",19710001,19810000
"NC_036843.1",19770000,0.107612,0.223173,0.0248002,0.223173,"chr036843.1",19720001,19820000
"NC_036843.1",19780000,0.106176,0.274214,0.0405439,0.274214,"chr036843.1",19730001,19830000
"NC_036843.1",19790000,0.111111,0.259411,0.0351148,0.259411,"chr036843.1",19740001,19840000
"NC_036843.1",19860000,0.0866292,0.211149,0.0278793,0.211149,"chr036843.1",19810001,19910000
"NC_036843.1",19870000,0.0788027,0.217041,0.0194602,0.217041,"chr036843.1",19820001,19920000
"NC_036843.1",19880000,0.107717,0.249272,0.0366762,0.249272,"chr036843.1",19830001,19930000
"NC_036843.1",19890000,0.124379,0.267127,0.0377751,0.267127,"chr036843.1",19840001,19940000
"NC_036843.1",19900000,0.151597,0.326042,0.0404601,0.326042,"chr036843.1",19850001,19950000
"NC_036843.1",19910000,0.171839,0.387389,0.0518699,0.387389,"chr036843.1",19860001,19960000
"NC_036843.1",19920000,0.204568,0.461892,0.0693734,0.461892,"chr036843.1",19870001,19970000
"NC_036843.1",19930000,0.219908,0.479224,0.0643706,0.479224,"chr036843.1",19880001,19980000
"NC_036843.1",19940000,0.203836,0.437869,0.05038,0.437869,"chr036843.1",19890001,19990000
"NC_036843.1",19950000,0.190566,0.369945,0.0386982,0.369945,"chr036843.1",19900001,2e+07
"NC_036843.1",19960000,0.195966,0.351843,0.0153878,0.351843,"chr036843.1",19910001,20010000
"NC_036843.1",19970000,0.220151,0.352552,0.0257818,0.352552,"chr036843.1",19920001,20020000
"NC_036843.1",19980000,0.205579,0.290139,0,0.290139,"chr036843.1",19930001,20030000
"NC_036843.1",19990000,0.174085,0.269406,0,0.269406,"chr036843.1",19940001,20040000
"NC_036843.1",2e+07,0.148581,0.238985,0,0.238985,"chr036843.1",19950001,20050000
"NC_036843.1",20010000,0.137407,0.223119,0.00054947,0.223119,"chr036843.1",19960001,20060000
"NC_036843.1",20100000,0.126756,0.202301,0.0794767,0.202301,"chr036843.1",20050001,20150000
"NC_036843.1",20110000,0.133142,0.215216,0.0618117,0.215216,"chr036843.1",20060001,20160000
"NC_036843.1",20120000,0.137238,0.25184,0.056652,0.25184,"chr036843.1",20070001,20170000
"NC_036843.1",20150000,0.0813914,0.217448,0.0161523,0.217448,"chr036843.1",20100001,20200000
"NC_036843.1",20160000,0.0690748,0.214,0.0038458,0.214,"chr036843.1",20110001,20210000
"NC_036843.1",20170000,0.0675746,0.231973,0.00372871,0.231973,"chr036843.1",20120001,20220000
"NC_036843.1",20180000,0.0737152,0.229442,0.00305326,0.229442,"chr036843.1",20130001,20230000
"NC_036843.1",20210000,0.0744535,0.203485,0.00330923,0.203485,"chr036843.1",20160001,20260000
"NC_036843.1",20230000,0.0878387,0.206314,0.0419735,0.206314,"chr036843.1",20180001,20280000
"NC_036843.1",20240000,0.0951046,0.213722,0.0331839,0.213722,"chr036843.1",20190001,20290000
"NC_036843.1",20530000,0,0.0549203,0.222029,0.222029,"chr036843.1",20480001,20580000
"NC_036843.1",20540000,0,0.0309955,0.217268,0.217268,"chr036843.1",20490001,20590000
"NC_036843.1",20550000,0,0.0124209,0.214054,0.214054,"chr036843.1",20500001,20600000
"NC_036843.1",21620000,0,0.00971627,0.271636,0.271636,"chr036843.1",21570001,21670000
"NC_036843.1",21880000,0.000911858,0.0084565,0.213944,0.213944,"chr036843.1",21830001,21930000
"NC_036843.1",21890000,0.00436357,0,0.230501,0.230501,"chr036843.1",21840001,21940000
"NC_036843.1",21900000,0,0,0.253961,0.253961,"chr036843.1",21850001,21950000
"NC_036843.1",21910000,0,0,0.301311,0.301311,"chr036843.1",21860001,21960000
"NC_036843.1",21920000,0,0,0.230871,0.230871,"chr036843.1",21870001,21970000
"NC_036843.1",21930000,0,0,0.241023,0.241023,"chr036843.1",21880001,21980000
"NC_036843.1",22060000,0.1433,0.00291523,0.229722,0.229722,"chr036843.1",22010001,22110000
"NC_036843.1",22070000,0.144209,0,0.2142,0.2142,"chr036843.1",22020001,22120000
"NC_036843.1",22080000,0.160259,0.0029183,0.204017,0.204017,"chr036843.1",22030001,22130000
"NC_036843.1",22450000,0.161721,0.0140198,0.25546,0.25546,"chr036843.1",22400001,22500000
"NC_036843.1",22460000,0.183458,0.0138456,0.269716,0.269716,"chr036843.1",22410001,22510000
"NC_036843.1",22470000,0.215639,0.0119373,0.296544,0.296544,"chr036843.1",22420001,22520000
"NC_036843.1",22480000,0.205057,0.0169838,0.316848,0.316848,"chr036843.1",22430001,22530000
"NC_036843.1",22490000,0.218377,0.0112387,0.333218,0.333218,"chr036843.1",22440001,22540000
"NC_036843.1",22500000,0.258169,0.011015,0.37668,0.37668,"chr036843.1",22450001,22550000
"NC_036843.1",22510000,0.269141,0.0143477,0.41918,0.41918,"chr036843.1",22460001,22560000
"NC_036843.1",22520000,0.296576,0.00593784,0.451257,0.451257,"chr036843.1",22470001,22570000
"NC_036843.1",22530000,0.288165,0.0106112,0.456112,0.456112,"chr036843.1",22480001,22580000
"NC_036843.1",22540000,0.271292,0.0168691,0.436799,0.436799,"chr036843.1",22490001,22590000
"NC_036843.1",22550000,0.228303,0.0169686,0.381568,0.381568,"chr036843.1",22500001,22600000
"NC_036843.1",22560000,0.216623,0.0158728,0.371237,0.371237,"chr036843.1",22510001,22610000
"NC_036843.1",22570000,0.220791,0.0157198,0.397041,0.397041,"chr036843.1",22520001,22620000
"NC_036843.1",22580000,0.221843,0.016022,0.384978,0.384978,"chr036843.1",22530001,22630000
"NC_036843.1",22590000,0.209795,0.00487248,0.372838,0.372838,"chr036843.1",22540001,22640000
"NC_036843.1",22600000,0.177836,0.00400352,0.329833,0.329833,"chr036843.1",22550001,22650000
"NC_036843.1",22610000,0.140675,0,0.290145,0.290145,"chr036843.1",22560001,22660000
"NC_036843.1",22620000,0.119061,0,0.275864,0.275864,"chr036843.1",22570001,22670000
"NC_036843.1",22630000,0.122216,0,0.264523,0.264523,"chr036843.1",22580001,22680000
"NC_036843.1",22640000,0.120946,0,0.260235,0.260235,"chr036843.1",22590001,22690000
"NC_036843.1",22650000,0.0997199,0,0.257534,0.257534,"chr036843.1",22600001,22700000
"NC_036843.1",22660000,0.101388,0,0.272597,0.272597,"chr036843.1",22610001,22710000
"NC_036843.1",22670000,0.0708035,0,0.265548,0.265548,"chr036843.1",22620001,22720000
"NC_036843.1",22680000,0.0153951,0,0.203617,0.203617,"chr036843.1",22630001,22730000
"NC_036843.1",22960000,0.169158,0.0155289,0.238359,0.238359,"chr036843.1",22910001,23010000
"NC_036843.1",22970000,0.17373,0.0195027,0.254082,0.254082,"chr036843.1",22920001,23020000
"NC_036843.1",22980000,0.195228,0.0283656,0.29379,0.29379,"chr036843.1",22930001,23030000
"NC_036843.1",22990000,0.144879,0.0145362,0.209645,0.209645,"chr036843.1",22940001,23040000
"NC_036843.1",2.3e+07,0.157042,0.0221933,0.227335,0.227335,"chr036843.1",22950001,23050000
"NC_036843.1",23010000,0.15893,0.0256342,0.22697,0.22697,"chr036843.1",22960001,23060000
"NC_036843.1",23020000,0.164744,0.0292795,0.236209,0.236209,"chr036843.1",22970001,23070000
"NC_036843.1",23030000,0.138628,0.0109172,0.207728,0.207728,"chr036843.1",22980001,23080000
"NC_036843.1",23040000,0.143053,0.0173951,0.214054,0.214054,"chr036843.1",22990001,23090000
"NC_036843.1",23050000,0.152892,0.0142203,0.221848,0.221848,"chr036843.1",23000001,23100000
"NC_036843.1",23060000,0.1631,0.0124089,0.220375,0.220375,"chr036843.1",23010001,23110000
"NC_036843.1",23070000,0.164484,0,0.199477,0.199477,"chr036843.1",23020001,23120000
"NC_036843.1",23090000,0.1845,0,0.204841,0.204841,"chr036843.1",23040001,23140000
"NC_036843.1",23130000,0.151782,0,0.213083,0.213083,"chr036843.1",23080001,23180000
"NC_036843.1",23140000,0.137607,0,0.210489,0.210489,"chr036843.1",23090001,23190000
"NC_036843.1",23190000,0.0164364,0,0.223671,0.223671,"chr036843.1",23140001,23240000
"NC_036843.1",27090000,0.0129763,0.327205,0.153201,0.327205,"chr036843.1",27040001,27140000
"NC_036844.1",80000,0,0,0.224641,0.224641,"chr036844.1",30001,130000
"NC_036844.1",90000,0,0,0.263592,0.263592,"chr036844.1",40001,140000
"NC_036844.1",1e+05,0,0,0.339097,0.339097,"chr036844.1",50001,150000
"NC_036844.1",110000,0,0,0.33843,0.33843,"chr036844.1",60001,160000
"NC_036844.1",120000,0,0,0.33463,0.33463,"chr036844.1",70001,170000
"NC_036844.1",130000,0,0,0.340585,0.340585,"chr036844.1",80001,180000
"NC_036844.1",140000,0,0,0.318638,0.318638,"chr036844.1",90001,190000
"NC_036844.1",150000,0,0,0.319478,0.319478,"chr036844.1",100001,2e+05
"NC_036844.1",160000,0,0,0.31593,0.31593,"chr036844.1",110001,210000
"NC_036844.1",170000,0,0,0.320479,0.320479,"chr036844.1",120001,220000
"NC_036844.1",180000,0.00794062,0.00760172,0.320318,0.320318,"chr036844.1",130001,230000
"NC_036844.1",190000,0.000783687,0.00593003,0.293597,0.293597,"chr036844.1",140001,240000
"NC_036844.1",2e+05,0.000150417,0.00804508,0.241034,0.241034,"chr036844.1",150001,250000
"NC_036844.1",210000,0,0.00190146,0.206952,0.206952,"chr036844.1",160001,260000
"NC_036844.1",240000,0.0165881,0.0323867,0.218826,0.218826,"chr036844.1",190001,290000
"NC_036844.1",270000,0.00741391,0.0147881,0.325961,0.325961,"chr036844.1",220001,320000
"NC_036844.1",280000,0.0122615,0.0207963,0.365087,0.365087,"chr036844.1",230001,330000
"NC_036844.1",290000,0.0154299,0.0230602,0.375066,0.375066,"chr036844.1",240001,340000
"NC_036844.1",3e+05,0.0180389,0.0191164,0.401025,0.401025,"chr036844.1",250001,350000
"NC_036844.1",310000,0.021507,0.0224696,0.420012,0.420012,"chr036844.1",260001,360000
"NC_036844.1",320000,0.0231338,0.0268913,0.432742,0.432742,"chr036844.1",270001,370000
"NC_036844.1",330000,0.0234512,0.0277461,0.459292,0.459292,"chr036844.1",280001,380000
"NC_036844.1",340000,0.0233219,0.0284738,0.461342,0.461342,"chr036844.1",290001,390000
"NC_036844.1",350000,0.0236543,0.0309265,0.446535,0.446535,"chr036844.1",300001,4e+05
"NC_036844.1",360000,0.0305526,0.0381507,0.480518,0.480518,"chr036844.1",310001,410000
"NC_036844.1",370000,0.0271096,0.0302881,0.450338,0.450338,"chr036844.1",320001,420000
"NC_036844.1",380000,0.0277781,0.0272479,0.436372,0.436372,"chr036844.1",330001,430000
"NC_036844.1",390000,0.0254745,0.0225508,0.427523,0.427523,"chr036844.1",340001,440000
"NC_036844.1",4e+05,0.0210732,0.0246684,0.429024,0.429024,"chr036844.1",350001,450000
"NC_036844.1",410000,0.0159419,0.0211164,0.402571,0.402571,"chr036844.1",360001,460000
"NC_036844.1",420000,0.0140345,0.0149315,0.389663,0.389663,"chr036844.1",370001,470000
"NC_036844.1",430000,0.00849097,0.00354883,0.279663,0.279663,"chr036844.1",380001,480000
"NC_036844.1",450000,0.00383996,0,0.214309,0.214309,"chr036844.1",400001,5e+05
"NC_036844.1",460000,0.00811463,0,0.2395,0.2395,"chr036844.1",410001,510000
"NC_036844.1",470000,0.0104914,0,0.244755,0.244755,"chr036844.1",420001,520000
"NC_036844.1",480000,0.0071272,0,0.203156,0.203156,"chr036844.1",430001,530000
"NC_036844.1",490000,0.00785487,0.00468967,0.206922,0.206922,"chr036844.1",440001,540000
"NC_036844.1",740000,0,0.0675881,0.201511,0.201511,"chr036844.1",690001,790000
"NC_036844.1",750000,0,0.0619048,0.21943,0.21943,"chr036844.1",700001,8e+05
"NC_036844.1",760000,0,0.0454966,0.217663,0.217663,"chr036844.1",710001,810000
"NC_036844.1",770000,0.0225283,0.0305289,0.208863,0.208863,"chr036844.1",720001,820000
"NC_036844.1",780000,0.0427343,0.0268177,0.219795,0.219795,"chr036844.1",730001,830000
"NC_036844.1",790000,0.0638536,0.0299421,0.28201,0.28201,"chr036844.1",740001,840000
"NC_036844.1",8e+05,0.0451734,0.0196308,0.23503,0.23503,"chr036844.1",750001,850000
"NC_036844.1",810000,0.0619851,0.0191739,0.265056,0.265056,"chr036844.1",760001,860000
"NC_036844.1",820000,0.0510174,0.0163397,0.267896,0.267896,"chr036844.1",770001,870000
"NC_036844.1",830000,0.0502914,0.0113181,0.24716,0.24716,"chr036844.1",780001,880000
"NC_036844.1",840000,0.0445886,0.00532873,0.217672,0.217672,"chr036844.1",790001,890000
"NC_036844.1",4750000,0.0445449,0.207584,0.0188837,0.207584,"chr036844.1",4700001,4800000
"NC_036844.1",4760000,0.0706679,0.202109,0.00867605,0.202109,"chr036844.1",4710001,4810000
"NC_036844.1",4770000,0.0656657,0.200892,0.00826496,0.200892,"chr036844.1",4720001,4820000
"NC_036844.1",5330000,0.124664,0.207508,0.029128,0.207508,"chr036844.1",5280001,5380000
"NC_036844.1",5340000,0.162477,0.289982,0.040234,0.289982,"chr036844.1",5290001,5390000
"NC_036844.1",5350000,0.154443,0.322856,0.0720776,0.322856,"chr036844.1",5300001,5400000
"NC_036844.1",5400000,0.0245069,0.21767,0.0722966,0.21767,"chr036844.1",5350001,5450000
"NC_036844.1",5410000,0.0155739,0.227725,0.0740945,0.227725,"chr036844.1",5360001,5460000
"NC_036844.1",5420000,0,0.258265,0.062552,0.258265,"chr036844.1",5370001,5470000
"NC_036844.1",5430000,0,0.233048,0.0517729,0.233048,"chr036844.1",5380001,5480000
"NC_036844.1",5440000,0,0.234788,0.046829,0.234788,"chr036844.1",5390001,5490000
"NC_036844.1",5450000,0,0.209357,0.0196232,0.209357,"chr036844.1",5400001,5500000
"NC_036844.1",5460000,0,0.286344,0,0.286344,"chr036844.1",5410001,5510000
"NC_036844.1",5470000,0,0.31276,0,0.31276,"chr036844.1",5420001,5520000
"NC_036844.1",5480000,0,0.313565,0,0.313565,"chr036844.1",5430001,5530000
"NC_036844.1",5490000,0,0.228574,0,0.228574,"chr036844.1",5440001,5540000
"NC_036844.1",5630000,0,0.219025,0,0.219025,"chr036844.1",5580001,5680000
"NC_036844.1",7210000,0.0238321,0,0.208127,0.208127,"chr036844.1",7160001,7260000
"NC_036844.1",7230000,9.16347e-06,0,0.204209,0.204209,"chr036844.1",7180001,7280000
"NC_036844.1",7240000,0,0,0.208731,0.208731,"chr036844.1",7190001,7290000
"NC_036844.1",9360000,0.199669,0.218758,0.125818,0.218758,"chr036844.1",9310001,9410000
"NC_036844.1",9370000,0.197476,0.203308,0.144316,0.203308,"chr036844.1",9320001,9420000
"NC_036844.1",9380000,0.280199,0.234401,0.200066,0.280199,"chr036844.1",9330001,9430000
"NC_036844.1",9390000,0.285618,0.220061,0.187939,0.285618,"chr036844.1",9340001,9440000
"NC_036844.1",9400000,0.255261,0.204972,0.157434,0.255261,"chr036844.1",9350001,9450000
"NC_036844.1",9410000,0.238844,0.20847,0.155876,0.238844,"chr036844.1",9360001,9460000
"NC_036844.1",9420000,0.251464,0.216149,0.200569,0.251464,"chr036844.1",9370001,9470000
"NC_036844.1",9430000,0.233457,0.204998,0.2063,0.233457,"chr036844.1",9380001,9480000
"NC_036844.1",9960000,0,0,0.279951,0.279951,"chr036844.1",9910001,10010000
"NC_036844.1",9970000,0.0396346,0.00495184,0.30554,0.30554,"chr036844.1",9920001,10020000
"NC_036844.1",9980000,0.069724,0,0.364616,0.364616,"chr036844.1",9930001,10030000
"NC_036844.1",9990000,0.0744687,0,0.36548,0.36548,"chr036844.1",9940001,10040000
"NC_036844.1",1e+07,0.0735466,0,0.35563,0.35563,"chr036844.1",9950001,10050000
"NC_036844.1",10010000,0.0710598,0,0.336245,0.336245,"chr036844.1",9960001,10060000
"NC_036844.1",13580000,0.0220642,0.22169,0.00308579,0.22169,"chr036844.1",13530001,13630000
"NC_036844.1",13590000,0.0140252,0.255974,0.0209892,0.255974,"chr036844.1",13540001,13640000
"NC_036844.1",13600000,0.017194,0.28012,0.023959,0.28012,"chr036844.1",13550001,13650000
"NC_036844.1",13610000,0.0241,0.300113,0.041271,0.300113,"chr036844.1",13560001,13660000
"NC_036844.1",13620000,0.0263219,0.425042,0.0555923,0.425042,"chr036844.1",13570001,13670000
"NC_036844.1",13630000,0.0234912,0.439598,0.054234,0.439598,"chr036844.1",13580001,13680000
"NC_036844.1",13640000,0.0410913,0.443393,0.0193747,0.443393,"chr036844.1",13590001,13690000
"NC_036844.1",13650000,0.0451823,0.464026,0.0127854,0.464026,"chr036844.1",13600001,13700000
"NC_036844.1",13660000,0.0558328,0.462306,0.00878131,0.462306,"chr036844.1",13610001,13710000
"NC_036844.1",13670000,0.0463601,0.427638,0.0021079,0.427638,"chr036844.1",13620001,13720000
"NC_036844.1",13680000,0.0369691,0.407628,0,0.407628,"chr036844.1",13630001,13730000
"NC_036844.1",13690000,0.0351464,0.393607,0,0.393607,"chr036844.1",13640001,13740000
"NC_036844.1",13700000,0.0448133,0.353645,0,0.353645,"chr036844.1",13650001,13750000
"NC_036844.1",13710000,0.0532487,0.345592,0,0.345592,"chr036844.1",13660001,13760000
"NC_036844.1",13720000,0.0457021,0.278041,0,0.278041,"chr036844.1",13670001,13770000
"NC_036844.1",14850000,0.216218,0.0822276,0.0584091,0.216218,"chr036844.1",14800001,14900000
"NC_036844.1",14860000,0.29514,0.124417,0.0306981,0.29514,"chr036844.1",14810001,14910000
"NC_036844.1",14870000,0.333969,0.132931,0.0388217,0.333969,"chr036844.1",14820001,14920000
"NC_036844.1",14880000,0.29279,0.120488,0.0292904,0.29279,"chr036844.1",14830001,14930000
"NC_036844.1",14890000,0.306598,0.12741,0.0339594,0.306598,"chr036844.1",14840001,14940000
"NC_036844.1",14900000,0.331399,0.147717,0.0318164,0.331399,"chr036844.1",14850001,14950000
"NC_036844.1",14910000,0.358588,0.170817,0.0229361,0.358588,"chr036844.1",14860001,14960000
"NC_036844.1",14920000,0.263001,0.136704,0.0177536,0.263001,"chr036844.1",14870001,14970000
"NC_036844.1",15480000,0.207927,0,0,0.207927,"chr036844.1",15430001,15530000
"NC_036844.1",15590000,0.210677,0.0866058,0.0531109,0.210677,"chr036844.1",15540001,15640000
"NC_036844.1",15600000,0.232653,0.100213,0.0612644,0.232653,"chr036844.1",15550001,15650000
"NC_036844.1",15610000,0.23403,0.0994751,0.037094,0.23403,"chr036844.1",15560001,15660000
"NC_036844.1",15620000,0.246527,0.102075,0.0421352,0.246527,"chr036844.1",15570001,15670000
"NC_036844.1",15630000,0.252405,0.113358,0.0395289,0.252405,"chr036844.1",15580001,15680000
"NC_036844.1",15640000,0.210823,0.108617,0.0315617,0.210823,"chr036844.1",15590001,15690000
"NC_036844.1",15650000,0.211746,0.125974,0.0362925,0.211746,"chr036844.1",15600001,15700000
"NC_036844.1",15780000,0.00283364,0.107749,0.20455,0.20455,"chr036844.1",15730001,15830000
"NC_036844.1",15790000,0.0211469,0.131999,0.222426,0.222426,"chr036844.1",15740001,15840000
"NC_036844.1",15800000,0.0299529,0.129562,0.231393,0.231393,"chr036844.1",15750001,15850000
"NC_036844.1",15810000,0.0350418,0.125584,0.218613,0.218613,"chr036844.1",15760001,15860000
"NC_036844.1",15820000,0.0339095,0.118197,0.222173,0.222173,"chr036844.1",15770001,15870000
"NC_036844.1",15830000,0.037132,0.12238,0.207496,0.207496,"chr036844.1",15780001,15880000
"NC_036844.1",15840000,0.0418615,0.131492,0.231538,0.231538,"chr036844.1",15790001,15890000
"NC_036844.1",16270000,0,0.0355691,0.269487,0.269487,"chr036844.1",16220001,16320000
"NC_036844.1",16280000,0,0.14725,0.368199,0.368199,"chr036844.1",16230001,16330000
"NC_036844.1",16290000,0,0.150537,0.378869,0.378869,"chr036844.1",16240001,16340000
"NC_036844.1",16300000,0,0.163114,0.450931,0.450931,"chr036844.1",16250001,16350000
"NC_036844.1",16310000,0,0.128091,0.347894,0.347894,"chr036844.1",16260001,16360000
"NC_036844.1",16320000,0,0.128361,0.348875,0.348875,"chr036844.1",16270001,16370000
"NC_036844.1",16330000,0,0.12679,0.348244,0.348244,"chr036844.1",16280001,16380000
"NC_036844.1",16340000,0,0.121567,0.334055,0.334055,"chr036844.1",16290001,16390000
"NC_036844.1",16350000,0,0.105029,0.289376,0.289376,"chr036844.1",16300001,16400000
"NC_036844.1",16360000,0,0.115844,0.269743,0.269743,"chr036844.1",16310001,16410000
"NC_036844.1",23830000,0.251156,0.132542,0.146191,0.251156,"chr036844.1",23780001,23880000
"NC_036844.1",23840000,0.29351,0.120563,0.111246,0.29351,"chr036844.1",23790001,23890000
"NC_036844.1",23850000,0.299204,0.121432,0.0910919,0.299204,"chr036844.1",23800001,23900000
"NC_036844.1",23860000,0.250454,0.105904,0.0685105,0.250454,"chr036844.1",23810001,23910000
"NC_036844.1",23870000,0.261857,0.101296,0.0707408,0.261857,"chr036844.1",23820001,23920000
"NC_036844.1",23880000,0.269221,0.100967,0.0838904,0.269221,"chr036844.1",23830001,23930000
"NC_036844.1",23890000,0.259684,0.0985825,0.0815727,0.259684,"chr036844.1",23840001,23940000
"NC_036844.1",23900000,0.29878,0.106689,0.104362,0.29878,"chr036844.1",23850001,23950000
"NC_036844.1",23910000,0.293946,0.101837,0.0896571,0.293946,"chr036844.1",23860001,23960000
"NC_036844.1",23920000,0.306249,0.103662,0.093848,0.306249,"chr036844.1",23870001,23970000
"NC_036844.1",23930000,0.290075,0.0776047,0.0842948,0.290075,"chr036844.1",23880001,23980000
"NC_036844.1",23940000,0.263728,0.0829137,0.0776988,0.263728,"chr036844.1",23890001,23990000
"NC_036844.1",23950000,0.298076,0.0983113,0.0811091,0.298076,"chr036844.1",23900001,2.4e+07
"NC_036844.1",23960000,0.353407,0.117907,0.0931154,0.353407,"chr036844.1",23910001,24010000
"NC_036844.1",23970000,0.355497,0.148845,0.08994,0.355497,"chr036844.1",23920001,24020000
"NC_036844.1",23980000,0.356181,0.148924,0.0863818,0.356181,"chr036844.1",23930001,24030000
"NC_036844.1",23990000,0.358706,0.146615,0.0820279,0.358706,"chr036844.1",23940001,24040000
"NC_036844.1",2.4e+07,0.325734,0.135439,0.0583509,0.325734,"chr036844.1",23950001,24050000
"NC_036844.1",24010000,0.336847,0.139166,0.0697143,0.336847,"chr036844.1",23960001,24060000
"NC_036844.1",24020000,0.309894,0.135353,0.0609474,0.309894,"chr036844.1",23970001,24070000
"NC_036844.1",24030000,0.29213,0.131098,0.039323,0.29213,"chr036844.1",23980001,24080000
"NC_036844.1",24040000,0.305959,0.136575,0.0343298,0.305959,"chr036844.1",23990001,24090000
"NC_036844.1",24050000,0.296403,0.111782,0.0115737,0.296403,"chr036844.1",24000001,24100000
"NC_036844.1",24060000,0.29108,0.0887874,0.0068252,0.29108,"chr036844.1",24010001,24110000
"NC_036844.1",24070000,0.240715,0.00378984,0,0.240715,"chr036844.1",24020001,24120000
"NC_036844.1",24080000,0.216042,0,0,0.216042,"chr036844.1",24030001,24130000
"NC_036844.1",24370000,0,0,0.274567,0.274567,"chr036844.1",24320001,24420000
"NC_036844.1",24380000,0,0,0.272928,0.272928,"chr036844.1",24330001,24430000
"NC_036844.1",24390000,0,0,0.285673,0.285673,"chr036844.1",24340001,24440000
"NC_036844.1",24400000,0,0,0.295317,0.295317,"chr036844.1",24350001,24450000
"NC_036844.1",24410000,0,0,0.285733,0.285733,"chr036844.1",24360001,24460000
"NC_036844.1",24420000,0,0,0.301959,0.301959,"chr036844.1",24370001,24470000
"NC_036844.1",24430000,0,0,0.372549,0.372549,"chr036844.1",24380001,24480000
"NC_036844.1",24440000,0,0,0.354847,0.354847,"chr036844.1",24390001,24490000
"NC_036844.1",24450000,0,0,0.33438,0.33438,"chr036844.1",24400001,24500000
"NC_036844.1",24460000,0,0,0.315573,0.315573,"chr036844.1",24410001,24510000
"NC_036844.1",24520000,0,0,0.212256,0.212256,"chr036844.1",24470001,24570000
"NC_036844.1",24530000,0,0,0.255934,0.255934,"chr036844.1",24480001,24580000
"NC_036844.1",24540000,0,0,0.268777,0.268777,"chr036844.1",24490001,24590000
"NC_036844.1",24550000,0,0,0.309155,0.309155,"chr036844.1",24500001,24600000
"NC_036844.1",24560000,0,0,0.335363,0.335363,"chr036844.1",24510001,24610000
"NC_036844.1",24570000,0,0,0.398622,0.398622,"chr036844.1",24520001,24620000
"NC_036844.1",24580000,0,0,0.3429,0.3429,"chr036844.1",24530001,24630000
"NC_036844.1",24590000,0,0,0.342368,0.342368,"chr036844.1",24540001,24640000
"NC_036844.1",24600000,0,0.00896811,0.348608,0.348608,"chr036844.1",24550001,24650000
"NC_036844.1",24610000,0,0.00444558,0.320352,0.320352,"chr036844.1",24560001,24660000
"NC_036844.1",24620000,0,0,0.295266,0.295266,"chr036844.1",24570001,24670000
"NC_036844.1",24630000,0,0,0.256415,0.256415,"chr036844.1",24580001,24680000
"NC_036844.1",24640000,0,0,0.241831,0.241831,"chr036844.1",24590001,24690000
"NC_036844.1",24650000,0,0,0.229958,0.229958,"chr036844.1",24600001,24700000
"NC_036844.1",24660000,0,0,0.289214,0.289214,"chr036844.1",24610001,24710000
"NC_036844.1",24670000,0,0,0.296473,0.296473,"chr036844.1",24620001,24720000
"NC_036844.1",24680000,0,0,0.282966,0.282966,"chr036844.1",24630001,24730000
"NC_036844.1",26450000,0.215518,0.0192698,0.00632359,0.215518,"chr036844.1",26400001,26500000
"NC_036844.1",26460000,0.238709,0.0217193,0.00870908,0.238709,"chr036844.1",26410001,26510000
"NC_036844.1",26470000,0.235236,0.020852,0.0104613,0.235236,"chr036844.1",26420001,26520000
"NC_036844.1",26480000,0.218408,0.0213461,0.0107104,0.218408,"chr036844.1",26430001,26530000
"NC_036844.1",26530000,0.216366,0,0.0120709,0.216366,"chr036844.1",26480001,26580000
"NC_036844.1",26940000,0.201328,0.0195623,0.0461869,0.201328,"chr036844.1",26890001,26990000
"NC_036844.1",26990000,0.207475,0.0216399,0,0.207475,"chr036844.1",26940001,27040000
"NC_036844.1",27010000,0.224729,0.0245882,0,0.224729,"chr036844.1",26960001,27060000
"NC_036844.1",34880000,0,0.0470137,0.2375,0.2375,"chr036844.1",34830001,34930000
"NC_036844.1",34890000,0,0.0435234,0.225761,0.225761,"chr036844.1",34840001,34940000
"NC_036844.1",34920000,0,0.0313845,0.203944,0.203944,"chr036844.1",34870001,34970000
"NC_036844.1",34930000,0,0.0319557,0.205863,0.205863,"chr036844.1",34880001,34980000
"NC_036844.1",37130000,0.211268,0,0,0.211268,"chr036844.1",37080001,37180000
"NC_036845.1",6290000,0.205015,0,0.0134455,0.205015,"chr036845.1",6240001,6340000
"NC_036845.1",6300000,0.204873,0,0.013433,0.204873,"chr036845.1",6250001,6350000
"NC_036845.1",6310000,0.219726,0,0.014046,0.219726,"chr036845.1",6260001,6360000
"NC_036845.1",6320000,0.204548,0,0.00858414,0.204548,"chr036845.1",6270001,6370000
"NC_036845.1",8610000,0,0.247254,0.0422517,0.247254,"chr036845.1",8560001,8660000
"NC_036845.1",8620000,0,0.292257,0.0517842,0.292257,"chr036845.1",8570001,8670000
"NC_036845.1",8630000,0,0.327789,0.0389898,0.327789,"chr036845.1",8580001,8680000
"NC_036845.1",8640000,0.0147049,0.444324,0.0566303,0.444324,"chr036845.1",8590001,8690000
"NC_036845.1",8650000,0.0192426,0.498932,0.0729781,0.498932,"chr036845.1",8600001,8700000
"NC_036845.1",8660000,0.0143382,0.413145,0.0507841,0.413145,"chr036845.1",8610001,8710000
"NC_036845.1",8670000,0.00810397,0.403472,0.0475808,0.403472,"chr036845.1",8620001,8720000
"NC_036845.1",8680000,0.0107227,0.327539,0.040005,0.327539,"chr036845.1",8630001,8730000
"NC_036845.1",8690000,0.00366134,0.304465,0.0394665,0.304465,"chr036845.1",8640001,8740000
"NC_036845.1",8700000,0.00560519,0.259625,0.035772,0.259625,"chr036845.1",8650001,8750000
"NC_036845.1",9610000,0.0313495,0.0143933,0.206974,0.206974,"chr036845.1",9560001,9660000
"NC_036845.1",9620000,0.025539,0.0277197,0.234526,0.234526,"chr036845.1",9570001,9670000
"NC_036845.1",9630000,0.0151606,0.0383467,0.24364,0.24364,"chr036845.1",9580001,9680000
"NC_036845.1",9640000,0.00788823,0.0311925,0.22878,0.22878,"chr036845.1",9590001,9690000
"NC_036845.1",9650000,0,0.0238062,0.218831,0.218831,"chr036845.1",9600001,9700000
"NC_036845.1",9660000,0,0.040165,0.294418,0.294418,"chr036845.1",9610001,9710000
"NC_036845.1",9670000,0.00946263,0.0438825,0.313064,0.313064,"chr036845.1",9620001,9720000
"NC_036845.1",9680000,0.0238776,0.0268425,0.293806,0.293806,"chr036845.1",9630001,9730000
"NC_036845.1",9690000,0.0226175,0.0126871,0.269557,0.269557,"chr036845.1",9640001,9740000
"NC_036845.1",9700000,0.0085667,0.00738552,0.204961,0.204961,"chr036845.1",9650001,9750000
"NC_036845.1",9780000,0,0,0.205703,0.205703,"chr036845.1",9730001,9830000
"NC_036845.1",9790000,0,0,0.257655,0.257655,"chr036845.1",9740001,9840000
"NC_036845.1",9800000,0,0,0.31018,0.31018,"chr036845.1",9750001,9850000
"NC_036845.1",9810000,0,0,0.362828,0.362828,"chr036845.1",9760001,9860000
"NC_036845.1",9820000,0,0,0.413896,0.413896,"chr036845.1",9770001,9870000
"NC_036845.1",9830000,0,0,0.35916,0.35916,"chr036845.1",9780001,9880000
"NC_036845.1",9840000,0,0,0.277377,0.277377,"chr036845.1",9790001,9890000
"NC_036845.1",9850000,0,0,0.284601,0.284601,"chr036845.1",9800001,9900000
"NC_036845.1",9860000,0,0,0.249182,0.249182,"chr036845.1",9810001,9910000
"NC_036845.1",9870000,0,0,0.232951,0.232951,"chr036845.1",9820001,9920000
"NC_036845.1",12820000,0.200546,0,0.0502554,0.200546,"chr036845.1",12770001,12870000
"NC_036845.1",13970000,0.0446322,0,0.251297,0.251297,"chr036845.1",13920001,14020000
"NC_036845.1",13980000,0.0431989,0,0.252768,0.252768,"chr036845.1",13930001,14030000
"NC_036845.1",1.4e+07,0.036514,0,0.206174,0.206174,"chr036845.1",13950001,14050000
"NC_036845.1",14010000,0.0321449,0,0.211183,0.211183,"chr036845.1",13960001,14060000
"NC_036845.1",15210000,0.0525301,0,0.240994,0.240994,"chr036845.1",15160001,15260000
"NC_036845.1",15220000,0.0822266,0.00590167,0.299447,0.299447,"chr036845.1",15170001,15270000
"NC_036845.1",15230000,0.0889397,0.00985172,0.350054,0.350054,"chr036845.1",15180001,15280000
"NC_036845.1",15240000,0.0961099,0.0104996,0.374196,0.374196,"chr036845.1",15190001,15290000
"NC_036845.1",15250000,0.10782,0.0079004,0.412744,0.412744,"chr036845.1",15200001,15300000
"NC_036845.1",15260000,0.108172,0.0130604,0.394436,0.394436,"chr036845.1",15210001,15310000
"NC_036845.1",15270000,0.111269,0,0.382465,0.382465,"chr036845.1",15220001,15320000
"NC_036845.1",15280000,0.111128,0,0.381096,0.381096,"chr036845.1",15230001,15330000
"NC_036845.1",15290000,0.0971003,0,0.353966,0.353966,"chr036845.1",15240001,15340000
"NC_036845.1",16280000,0.205187,0.0149506,0.00780924,0.205187,"chr036845.1",16230001,16330000
"NC_036845.1",16290000,0.249367,0.00413871,0.0339735,0.249367,"chr036845.1",16240001,16340000
"NC_036845.1",17480000,0.0391464,0,0.206268,0.206268,"chr036845.1",17430001,17530000
"NC_036845.1",19330000,0.0493865,0.0227156,0.258087,0.258087,"chr036845.1",19280001,19380000
"NC_036845.1",19340000,0.0347642,0.026446,0.218184,0.218184,"chr036845.1",19290001,19390000
"NC_036845.1",19410000,0.00514362,0.0139752,0.199,0.199,"chr036845.1",19360001,19460000
"NC_036845.1",19450000,0,0.0061144,0.267956,0.267956,"chr036845.1",19400001,19500000
"NC_036845.1",19650000,0.0105227,0.00153272,0.225006,0.225006,"chr036845.1",19600001,19700000
"NC_036845.1",19660000,0.0151499,0.00411078,0.242149,0.242149,"chr036845.1",19610001,19710000
"NC_036845.1",19670000,0.0194071,0.00357532,0.213374,0.213374,"chr036845.1",19620001,19720000
"NC_036845.1",28590000,0.106494,0.207416,0.0947498,0.207416,"chr036845.1",28540001,28640000
"NC_036845.1",28600000,0.121011,0.241244,0.130246,0.241244,"chr036845.1",28550001,28650000
"NC_036845.1",28610000,0.264166,0.35883,0.305387,0.35883,"chr036845.1",28560001,28660000
"NC_036845.1",28620000,0.299436,0.373983,0.345009,0.373983,"chr036845.1",28570001,28670000
"NC_036845.1",28630000,0.387697,0.476876,0.410201,0.476876,"chr036845.1",28580001,28680000
"NC_036845.1",28640000,0.385831,0.4743,0.401288,0.4743,"chr036845.1",28590001,28690000
"NC_036845.1",28650000,0.41006,0.420123,0.426833,0.426833,"chr036845.1",28600001,28700000
"NC_036845.1",28660000,0.374868,0.432564,0.435312,0.435312,"chr036845.1",28610001,28710000
"NC_036845.1",28670000,0.375352,0.409325,0.429471,0.429471,"chr036845.1",28620001,28720000
"NC_036845.1",28680000,0.356207,0.411313,0.413592,0.413592,"chr036845.1",28630001,28730000
"NC_036845.1",28690000,0.342704,0.398965,0.393961,0.398965,"chr036845.1",28640001,28740000
"NC_036845.1",28700000,0.347083,0.393892,0.393628,0.393892,"chr036845.1",28650001,28750000
"NC_036845.1",28710000,0.260015,0.289153,0.281576,0.289153,"chr036845.1",28660001,28760000
"NC_036845.1",28720000,0.212615,0.235497,0.15271,0.235497,"chr036845.1",28670001,28770000
"NC_036845.1",29900000,0.00849766,0.225068,0,0.225068,"chr036845.1",29850001,29950000
"NC_036845.1",29910000,0.00805903,0.218832,0,0.218832,"chr036845.1",29860001,29960000
"NC_036845.1",29920000,0.0108592,0.201037,0,0.201037,"chr036845.1",29870001,29970000
"NC_036846.1",1780000,0,0.0292354,0.255429,0.255429,"chr036846.1",1730001,1830000
"NC_036846.1",1790000,0,0.0251582,0.265415,0.265415,"chr036846.1",1740001,1840000
"NC_036846.1",1800000,0,0.0149419,0.264955,0.264955,"chr036846.1",1750001,1850000
"NC_036846.1",1840000,0,0,0.222806,0.222806,"chr036846.1",1790001,1890000
"NC_036846.1",1950000,0.023636,0.173343,0.274793,0.274793,"chr036846.1",1900001,2e+06
"NC_036846.1",1960000,0.032182,0.184508,0.305491,0.305491,"chr036846.1",1910001,2010000
"NC_036846.1",1970000,0.0195133,0.170293,0.273694,0.273694,"chr036846.1",1920001,2020000
"NC_036846.1",1980000,0.0148777,0.171275,0.280373,0.280373,"chr036846.1",1930001,2030000
"NC_036846.1",1990000,0.00648077,0.221866,0.351673,0.351673,"chr036846.1",1940001,2040000
"NC_036846.1",2e+06,0,0.202666,0.342031,0.342031,"chr036846.1",1950001,2050000
"NC_036846.1",2010000,0.00216911,0.207551,0.348552,0.348552,"chr036846.1",1960001,2060000
"NC_036846.1",2020000,0,0.191056,0.318774,0.318774,"chr036846.1",1970001,2070000
"NC_036846.1",2030000,0.0402886,0.164131,0.28756,0.28756,"chr036846.1",1980001,2080000
"NC_036846.1",2270000,0.0886811,0,0.206664,0.206664,"chr036846.1",2220001,2320000
"NC_036846.1",3120000,0,0.222813,0,0.222813,"chr036846.1",3070001,3170000
"NC_036846.1",3390000,0.123365,0.142871,0.208052,0.208052,"chr036846.1",3340001,3440000
"NC_036846.1",3400000,0.116427,0.128389,0.203798,0.203798,"chr036846.1",3350001,3450000
"NC_036846.1",4080000,0,0.110264,0.215059,0.215059,"chr036846.1",4030001,4130000
"NC_036846.1",4090000,0,0.112669,0.219953,0.219953,"chr036846.1",4040001,4140000
"NC_036846.1",4100000,0,0.115737,0.215391,0.215391,"chr036846.1",4050001,4150000
"NC_036846.1",4160000,0.0313376,0.0593301,0.216684,0.216684,"chr036846.1",4110001,4210000
"NC_036846.1",6660000,0,0,0.232839,0.232839,"chr036846.1",6610001,6710000
"NC_036846.1",6670000,0,0,0.266389,0.266389,"chr036846.1",6620001,6720000
"NC_036846.1",6680000,0,0,0.321688,0.321688,"chr036846.1",6630001,6730000
"NC_036846.1",6690000,0,0,0.317419,0.317419,"chr036846.1",6640001,6740000
"NC_036846.1",6700000,0,0,0.263789,0.263789,"chr036846.1",6650001,6750000
"NC_036846.1",6710000,0,0,0.233455,0.233455,"chr036846.1",6660001,6760000
"NC_036846.1",7470000,0,0.0125786,0.252422,0.252422,"chr036846.1",7420001,7520000
"NC_036846.1",7480000,0,0.0171755,0.283341,0.283341,"chr036846.1",7430001,7530000
"NC_036846.1",7490000,0,0.00541636,0.25884,0.25884,"chr036846.1",7440001,7540000
"NC_036846.1",7500000,0,0.00408108,0.210259,0.210259,"chr036846.1",7450001,7550000
"NC_036846.1",8150000,0.209596,0.0757471,0.0206832,0.209596,"chr036846.1",8100001,8200000
"NC_036846.1",8490000,0.227296,0,0,0.227296,"chr036846.1",8440001,8540000
"NC_036846.1",8500000,0.237255,0,0,0.237255,"chr036846.1",8450001,8550000
"NC_036846.1",8510000,0.236813,0,0,0.236813,"chr036846.1",8460001,8560000
"NC_036846.1",8520000,0.266101,0,0,0.266101,"chr036846.1",8470001,8570000
"NC_036846.1",8530000,0.273377,0,0,0.273377,"chr036846.1",8480001,8580000
"NC_036846.1",8540000,0.282936,0,0,0.282936,"chr036846.1",8490001,8590000
"NC_036846.1",8550000,0.304557,0,0,0.304557,"chr036846.1",8500001,8600000
"NC_036846.1",8560000,0.310216,0,0,0.310216,"chr036846.1",8510001,8610000
"NC_036846.1",8570000,0.278718,0,0,0.278718,"chr036846.1",8520001,8620000
"NC_036846.1",8580000,0.200576,0,0,0.200576,"chr036846.1",8530001,8630000
"NC_036846.1",8590000,0.208837,0,0,0.208837,"chr036846.1",8540001,8640000
"NC_036846.1",8600000,0.202474,0,0,0.202474,"chr036846.1",8550001,8650000
"NC_036846.1",8660000,0.227585,0.0551283,0,0.227585,"chr036846.1",8610001,8710000
"NC_036846.1",8670000,0.332345,0.158497,0,0.332345,"chr036846.1",8620001,8720000
"NC_036846.1",8680000,0.393574,0.172056,0,0.393574,"chr036846.1",8630001,8730000
"NC_036846.1",8690000,0.356798,0.167526,0,0.356798,"chr036846.1",8640001,8740000
"NC_036846.1",8700000,0.327211,0.162971,0,0.327211,"chr036846.1",8650001,8750000
"NC_036846.1",8710000,0.343006,0.177801,0,0.343006,"chr036846.1",8660001,8760000
"NC_036846.1",8720000,0.343144,0.182709,0,0.343144,"chr036846.1",8670001,8770000
"NC_036846.1",8730000,0.336379,0.167486,0.000654865,0.336379,"chr036846.1",8680001,8780000
"NC_036846.1",8740000,0.307042,0.159544,0.0112454,0.307042,"chr036846.1",8690001,8790000
"NC_036846.1",8750000,0.3439,0.173982,0.0244543,0.3439,"chr036846.1",8700001,8800000
"NC_036846.1",8760000,0.293697,0.141657,0.0465647,0.293697,"chr036846.1",8710001,8810000
"NC_036846.1",9240000,0.207171,0.0733742,0.0579277,0.207171,"chr036846.1",9190001,9290000
"NC_036846.1",9250000,0.216914,0.0678581,0.0758684,0.216914,"chr036846.1",9200001,9300000
"NC_036846.1",9280000,0.219649,0.0970569,0.0838568,0.219649,"chr036846.1",9230001,9330000
"NC_036846.1",12980000,0.206424,0.0306465,0.0854177,0.206424,"chr036846.1",12930001,13030000
"NC_036846.1",12990000,0.229236,0.0346866,0.128332,0.229236,"chr036846.1",12940001,13040000
"NC_036846.1",1.3e+07,0.202802,0.0296454,0.106821,0.202802,"chr036846.1",12950001,13050000
"NC_036846.1",13010000,0.218513,0.0385473,0.133781,0.218513,"chr036846.1",12960001,13060000
"NC_036846.1",13020000,0.245803,0.0418983,0.15555,0.245803,"chr036846.1",12970001,13070000
"NC_036846.1",13030000,0.237795,0.0375397,0.15386,0.237795,"chr036846.1",12980001,13080000
"NC_036846.1",13040000,0.245947,0.0427616,0.16014,0.245947,"chr036846.1",12990001,13090000
"NC_036846.1",13050000,0.200863,0.0442687,0.14086,0.200863,"chr036846.1",13000001,13100000
"NC_036846.1",16280000,0,0.205034,0.00910476,0.205034,"chr036846.1",16230001,16330000
"NC_036846.1",16290000,0,0.209609,0.00225822,0.209609,"chr036846.1",16240001,16340000
"NC_036847.1",4e+05,0.0505223,0.128263,0.217765,0.217765,"chr036847.1",350001,450000
"NC_036847.1",410000,0.037923,0.156063,0.258423,0.258423,"chr036847.1",360001,460000
"NC_036847.1",420000,0.0403836,0.170296,0.29046,0.29046,"chr036847.1",370001,470000
"NC_036847.1",430000,0.0415938,0.184814,0.327801,0.327801,"chr036847.1",380001,480000
"NC_036847.1",440000,0.0389113,0.203533,0.356957,0.356957,"chr036847.1",390001,490000
"NC_036847.1",450000,0.0414338,0.200732,0.35559,0.35559,"chr036847.1",400001,5e+05
"NC_036847.1",460000,0.0383553,0.189198,0.345961,0.345961,"chr036847.1",410001,510000
"NC_036847.1",470000,0.0528289,0.25731,0.49145,0.49145,"chr036847.1",420001,520000
"NC_036847.1",480000,0.0234481,0.275319,0.460227,0.460227,"chr036847.1",430001,530000
"NC_036847.1",490000,0.00493951,0.237498,0.419483,0.419483,"chr036847.1",440001,540000
"NC_036847.1",5e+05,0,0.23278,0.412005,0.412005,"chr036847.1",450001,550000
"NC_036847.1",510000,0.00742375,0.194805,0.324427,0.324427,"chr036847.1",460001,560000
"NC_036847.1",520000,0,0.17008,0.265994,0.265994,"chr036847.1",470001,570000
"NC_036847.1",1350000,0.00811775,0.219291,0.0150401,0.219291,"chr036847.1",1300001,1400000
"NC_036847.1",1360000,0.0139238,0.238956,0.00510909,0.238956,"chr036847.1",1310001,1410000
"NC_036847.1",1370000,0.0038161,0.273905,0.010887,0.273905,"chr036847.1",1320001,1420000
"NC_036847.1",1380000,0,0.255513,0.0188107,0.255513,"chr036847.1",1330001,1430000
"NC_036847.1",1390000,0.0031726,0.272705,0.0206692,0.272705,"chr036847.1",1340001,1440000
"NC_036847.1",1400000,0.00287771,0.273726,0.0183074,0.273726,"chr036847.1",1350001,1450000
"NC_036847.1",1410000,0.00257562,0.254514,0.0178407,0.254514,"chr036847.1",1360001,1460000
"NC_036847.1",1420000,0.00479203,0.251787,0.0127018,0.251787,"chr036847.1",1370001,1470000
"NC_036847.1",1430000,0.0022715,0.228463,0.0117107,0.228463,"chr036847.1",1380001,1480000
"NC_036847.1",1440000,0.000804468,0.213315,0.0134213,0.213315,"chr036847.1",1390001,1490000
"NC_036847.1",2610000,0,0.0229633,0.26227,0.26227,"chr036847.1",2560001,2660000
"NC_036847.1",2620000,0.00465983,0.0231791,0.287326,0.287326,"chr036847.1",2570001,2670000
"NC_036847.1",2630000,0.00596481,0.0181795,0.260253,0.260253,"chr036847.1",2580001,2680000
"NC_036847.1",2640000,0.00339408,0.00816806,0.281752,0.281752,"chr036847.1",2590001,2690000
"NC_036847.1",2650000,0,0.0135062,0.286454,0.286454,"chr036847.1",2600001,2700000
"NC_036847.1",2660000,0,0.0130713,0.286215,0.286215,"chr036847.1",2610001,2710000
"NC_036847.1",2670000,0,0.0184686,0.298681,0.298681,"chr036847.1",2620001,2720000
"NC_036847.1",2680000,0,0.0140932,0.243845,0.243845,"chr036847.1",2630001,2730000
"NC_036847.1",2690000,0,0.00354795,0.233861,0.233861,"chr036847.1",2640001,2740000
"NC_036847.1",2700000,0,0,0.214445,0.214445,"chr036847.1",2650001,2750000
"NC_036847.1",3840000,0,0.239487,0.014912,0.239487,"chr036847.1",3790001,3890000
"NC_036847.1",3850000,0,0.240785,0.0133472,0.240785,"chr036847.1",3800001,3900000
"NC_036847.1",3860000,0,0.199727,0,0.199727,"chr036847.1",3810001,3910000
"NC_036847.1",5830000,0.187113,0.217865,0.17681,0.217865,"chr036847.1",5780001,5880000
"NC_036847.1",5840000,0.184474,0.225083,0.181889,0.225083,"chr036847.1",5790001,5890000
"NC_036847.1",5850000,0.236046,0.275759,0.236526,0.275759,"chr036847.1",5800001,5900000
"NC_036847.1",5860000,0.245916,0.30108,0.271441,0.30108,"chr036847.1",5810001,5910000
"NC_036847.1",5870000,0.284334,0.318508,0.304773,0.318508,"chr036847.1",5820001,5920000
"NC_036847.1",5880000,0.310357,0.337486,0.334943,0.337486,"chr036847.1",5830001,5930000
"NC_036847.1",5890000,0.307113,0.342668,0.347915,0.347915,"chr036847.1",5840001,5940000
"NC_036847.1",5900000,0.323401,0.354974,0.37912,0.37912,"chr036847.1",5850001,5950000
"NC_036847.1",5910000,0.304958,0.346976,0.389369,0.389369,"chr036847.1",5860001,5960000
"NC_036847.1",5920000,0.27677,0.32482,0.384156,0.384156,"chr036847.1",5870001,5970000
"NC_036847.1",5930000,0.261555,0.304134,0.348677,0.348677,"chr036847.1",5880001,5980000
"NC_036847.1",5940000,0.24456,0.286596,0.336773,0.336773,"chr036847.1",5890001,5990000
"NC_036847.1",5950000,0.227461,0.27568,0.328813,0.328813,"chr036847.1",5900001,6e+06
"NC_036847.1",5960000,0.2136,0.254122,0.313604,0.313604,"chr036847.1",5910001,6010000
"NC_036847.1",5970000,0.194167,0.227551,0.307269,0.307269,"chr036847.1",5920001,6020000
"NC_036847.1",5980000,0.142195,0.182721,0.238097,0.238097,"chr036847.1",5930001,6030000
"NC_036847.1",6080000,0.193052,0.239221,0.183947,0.239221,"chr036847.1",6030001,6130000
"NC_036847.1",6090000,0.225397,0.267378,0.198953,0.267378,"chr036847.1",6040001,6140000
"NC_036847.1",6100000,0.226073,0.267261,0.194072,0.267261,"chr036847.1",6050001,6150000
"NC_036847.1",6110000,0.21092,0.254517,0.189003,0.254517,"chr036847.1",6060001,6160000
"NC_036847.1",6120000,0.189718,0.234126,0.165284,0.234126,"chr036847.1",6070001,6170000
"NC_036847.1",6130000,0.16868,0.207038,0.151705,0.207038,"chr036847.1",6080001,6180000
"NC_036847.1",6140000,0.186449,0.224511,0.173208,0.224511,"chr036847.1",6090001,6190000
"NC_036847.1",6540000,0.0266152,0.206094,0.0534928,0.206094,"chr036847.1",6490001,6590000
"NC_036847.1",6550000,0.0238463,0.203245,0.0534445,0.203245,"chr036847.1",6500001,6600000
"NC_036847.1",6560000,0.021991,0.203311,0.0547954,0.203311,"chr036847.1",6510001,6610000
"NC_036847.1",6570000,0.0106747,0.203851,0.0539415,0.203851,"chr036847.1",6520001,6620000
"NC_036847.1",7940000,0.208061,0.00442256,0,0.208061,"chr036847.1",7890001,7990000
"NC_036847.1",7960000,0.229701,0,0,0.229701,"chr036847.1",7910001,8010000
"NC_036847.1",7970000,0.236855,0,0,0.236855,"chr036847.1",7920001,8020000
"NC_036847.1",7980000,0.272609,0,0,0.272609,"chr036847.1",7930001,8030000
"NC_036847.1",7990000,0.230183,0,0,0.230183,"chr036847.1",7940001,8040000
"NC_036847.1",8710000,0.035385,0,0.212515,0.212515,"chr036847.1",8660001,8760000
"NC_036847.1",8720000,0.0406906,0,0.223916,0.223916,"chr036847.1",8670001,8770000
"NC_036847.1",8730000,0.0510365,0,0.199237,0.199237,"chr036847.1",8680001,8780000
"NC_036847.1",8760000,0.0501386,0,0.221212,0.221212,"chr036847.1",8710001,8810000
"NC_036847.1",8770000,0.0341813,0,0.200516,0.200516,"chr036847.1",8720001,8820000
"NC_036847.1",8790000,0.0550993,0,0.257268,0.257268,"chr036847.1",8740001,8840000
"NC_036847.1",8800000,0.0439118,0,0.256728,0.256728,"chr036847.1",8750001,8850000
"NC_036847.1",8810000,0.0255288,0,0.317805,0.317805,"chr036847.1",8760001,8860000
"NC_036847.1",8820000,0.0199072,0,0.322699,0.322699,"chr036847.1",8770001,8870000
"NC_036847.1",8830000,0,0,0.30511,0.30511,"chr036847.1",8780001,8880000
"NC_036847.1",8840000,0,0,0.210066,0.210066,"chr036847.1",8790001,8890000
"NC_036847.1",8850000,0,0,0.214083,0.214083,"chr036847.1",8800001,8900000
"NC_036847.1",8860000,0,0,0.241609,0.241609,"chr036847.1",8810001,8910000
"NC_036847.1",8870000,0,0,0.253648,0.253648,"chr036847.1",8820001,8920000
"NC_036847.1",8880000,0,0,0.238563,0.238563,"chr036847.1",8830001,8930000
"NC_036847.1",9880000,0,0,0.213121,0.213121,"chr036847.1",9830001,9930000
"NC_036847.1",9910000,0,0.0515945,0.21576,0.21576,"chr036847.1",9860001,9960000
"NC_036847.1",9920000,0,0.0860981,0.241189,0.241189,"chr036847.1",9870001,9970000
"NC_036847.1",9950000,0,0.231218,0.090162,0.231218,"chr036847.1",9900001,1e+07
"NC_036847.1",9960000,0,0.283258,0.0967221,0.283258,"chr036847.1",9910001,10010000
"NC_036847.1",9970000,0,0.317455,0.0885254,0.317455,"chr036847.1",9920001,10020000
"NC_036847.1",9980000,0,0.303203,0.0786613,0.303203,"chr036847.1",9930001,10030000
"NC_036847.1",9990000,0,0.322087,0.0694426,0.322087,"chr036847.1",9940001,10040000
"NC_036847.1",1e+07,0,0.306871,0.0672758,0.306871,"chr036847.1",9950001,10050000
"NC_036847.1",10010000,0,0.28167,0.0632506,0.28167,"chr036847.1",9960001,10060000
"NC_036847.1",10020000,0,0.26655,0.0660396,0.26655,"chr036847.1",9970001,10070000
"NC_036847.1",10030000,0,0.246086,0.0664024,0.246086,"chr036847.1",9980001,10080000
"NC_036847.1",10040000,0,0.242029,0.0695007,0.242029,"chr036847.1",9990001,10090000
"NC_036847.1",10050000,0,0.223028,0.0707766,0.223028,"chr036847.1",10000001,10100000
"NC_036847.1",10350000,0.152764,0.00660524,0.220843,0.220843,"chr036847.1",10300001,10400000
"NC_036847.1",10360000,0.149654,0.00390458,0.219453,0.219453,"chr036847.1",10310001,10410000
"NC_036847.1",10370000,0.150331,0.00283308,0.259473,0.259473,"chr036847.1",10320001,10420000
"NC_036847.1",10380000,0.141575,0.00695984,0.256992,0.256992,"chr036847.1",10330001,10430000
"NC_036847.1",10390000,0.148172,0.006203,0.263531,0.263531,"chr036847.1",10340001,10440000
"NC_036847.1",10400000,0.144681,0.016524,0.280881,0.280881,"chr036847.1",10350001,10450000
"NC_036847.1",10410000,0.134804,0.0252679,0.260549,0.260549,"chr036847.1",10360001,10460000
"NC_036847.1",10420000,0.0961214,0.0334951,0.263485,0.263485,"chr036847.1",10370001,10470000
"NC_036847.1",10430000,0.111297,0.0373402,0.288864,0.288864,"chr036847.1",10380001,10480000
"NC_036847.1",10440000,0.122347,0.00339982,0.283867,0.283867,"chr036847.1",10390001,10490000
"NC_036847.1",10450000,0.162762,0,0.334757,0.334757,"chr036847.1",10400001,10500000
"NC_036847.1",10460000,0.140235,0,0.266438,0.266438,"chr036847.1",10410001,10510000
"NC_036847.1",10470000,0.150034,0,0.254674,0.254674,"chr036847.1",10420001,10520000
"NC_036847.1",10550000,0,0.222031,0,0.222031,"chr036847.1",10500001,10600000
"NC_036847.1",10560000,0,0.262248,0,0.262248,"chr036847.1",10510001,10610000
"NC_036847.1",10570000,0,0.267247,0,0.267247,"chr036847.1",10520001,10620000
"NC_036847.1",10580000,0,0.315937,0,0.315937,"chr036847.1",10530001,10630000
"NC_036847.1",10590000,0,0.339948,0,0.339948,"chr036847.1",10540001,10640000
"NC_036847.1",10600000,0,0.345921,0,0.345921,"chr036847.1",10550001,10650000
"NC_036847.1",10610000,0,0.330258,0,0.330258,"chr036847.1",10560001,10660000
"NC_036847.1",10620000,0,0.297058,0,0.297058,"chr036847.1",10570001,10670000
"NC_036847.1",11010000,0.118166,0.286565,0.0280429,0.286565,"chr036847.1",10960001,11060000
"NC_036847.1",11020000,0.147331,0.400741,0.00406087,0.400741,"chr036847.1",10970001,11070000
"NC_036847.1",11030000,0.148157,0.434065,0,0.434065,"chr036847.1",10980001,11080000
"NC_036847.1",11040000,0.135275,0.433527,0.0193962,0.433527,"chr036847.1",10990001,11090000
"NC_036847.1",11050000,0.133016,0.429953,0.0363108,0.429953,"chr036847.1",11000001,11100000
"NC_036847.1",11060000,0.131076,0.434449,0.0458348,0.434449,"chr036847.1",11010001,11110000
"NC_036847.1",11070000,0.129828,0.436857,0.0430578,0.436857,"chr036847.1",11020001,11120000
"NC_036847.1",11080000,0.128863,0.434827,0.0415533,0.434827,"chr036847.1",11030001,11130000
"NC_036847.1",11090000,0.127495,0.433644,0.033579,0.433644,"chr036847.1",11040001,11140000
"NC_036847.1",11100000,0.128118,0.434555,0.030985,0.434555,"chr036847.1",11050001,11150000
"NC_036847.1",11110000,0.112039,0.413364,0.0448086,0.413364,"chr036847.1",11060001,11160000
"NC_036847.1",11120000,0.0857427,0.369916,0.0639586,0.369916,"chr036847.1",11070001,11170000
"NC_036847.1",11130000,0.0570488,0.320147,0.0953864,0.320147,"chr036847.1",11080001,11180000
"NC_036847.1",11140000,0.0136081,0.247962,0.068058,0.247962,"chr036847.1",11090001,11190000
"NC_036847.1",11720000,0.139431,0.20442,0.136355,0.20442,"chr036847.1",11670001,11770000
"NC_036847.1",11730000,0.171557,0.25813,0.193133,0.25813,"chr036847.1",11680001,11780000
"NC_036847.1",11740000,0.179364,0.263656,0.213277,0.263656,"chr036847.1",11690001,11790000
"NC_036847.1",11750000,0.199858,0.236272,0.1725,0.236272,"chr036847.1",11700001,11800000
"NC_036847.1",11760000,0.220047,0.22522,0.16768,0.22522,"chr036847.1",11710001,11810000
"NC_036847.1",11770000,0.357511,0.305812,0.251977,0.357511,"chr036847.1",11720001,11820000
"NC_036847.1",11780000,0.379165,0.298356,0.241171,0.379165,"chr036847.1",11730001,11830000
"NC_036847.1",11790000,0.37438,0.280871,0.220986,0.37438,"chr036847.1",11740001,11840000
"NC_036847.1",11800000,0.350557,0.237156,0.176299,0.350557,"chr036847.1",11750001,11850000
"NC_036847.1",11810000,0.298328,0.17358,0.118084,0.298328,"chr036847.1",11760001,11860000
"NC_036847.1",11820000,0.257852,0.0804087,0.0527322,0.257852,"chr036847.1",11770001,11870000
"NC_036847.1",11830000,0.268531,0.0505544,0.0192064,0.268531,"chr036847.1",11780001,11880000
"NC_036847.1",11840000,0.265494,0.0185523,0.00518058,0.265494,"chr036847.1",11790001,11890000
"NC_036847.1",11850000,0.219575,0.00930916,0.0177852,0.219575,"chr036847.1",11800001,11900000
"NC_036847.1",11990000,0.218404,0.0193766,0,0.218404,"chr036847.1",11940001,12040000
"NC_036847.1",1.2e+07,0.215378,0.0222847,0,0.215378,"chr036847.1",11950001,12050000
"NC_036847.1",12180000,0.205573,0,0,0.205573,"chr036847.1",12130001,12230000
"NC_036847.1",12190000,0.238935,0,0,0.238935,"chr036847.1",12140001,12240000
"NC_036847.1",12200000,0.268848,0,0,0.268848,"chr036847.1",12150001,12250000
"NC_036847.1",12210000,0.29772,0,0,0.29772,"chr036847.1",12160001,12260000
"NC_036847.1",12220000,0.315848,0,0,0.315848,"chr036847.1",12170001,12270000
"NC_036847.1",12230000,0.323783,0,0,0.323783,"chr036847.1",12180001,12280000
"NC_036847.1",12240000,0.548867,0,0,0.548867,"chr036847.1",12190001,12290000
"NC_036847.1",12250000,0.535541,0,0,0.535541,"chr036847.1",12200001,12300000
"NC_036847.1",12260000,0.522862,0,0,0.522862,"chr036847.1",12210001,12310000
"NC_036847.1",12270000,0.566745,0,0,0.566745,"chr036847.1",12220001,12320000
"NC_036847.1",12280000,0.597726,0,0,0.597726,"chr036847.1",12230001,12330000
"NC_036847.1",12290000,0.608167,0,0,0.608167,"chr036847.1",12240001,12340000
"NC_036847.1",12300000,0.598882,0,0,0.598882,"chr036847.1",12250001,12350000
"NC_036847.1",12310000,0.611167,0,0,0.611167,"chr036847.1",12260001,12360000
"NC_036847.1",12320000,0.607963,0,0,0.607963,"chr036847.1",12270001,12370000
"NC_036847.1",12330000,0.606271,0,0,0.606271,"chr036847.1",12280001,12380000
"NC_036847.1",12340000,0.538243,0,0,0.538243,"chr036847.1",12290001,12390000
"NC_036847.1",12350000,0.523325,0,0,0.523325,"chr036847.1",12300001,12400000
"NC_036847.1",12360000,0.501216,0,0,0.501216,"chr036847.1",12310001,12410000
"NC_036847.1",12370000,0.437929,0,0,0.437929,"chr036847.1",12320001,12420000
"NC_036847.1",12380000,0.365573,0,0,0.365573,"chr036847.1",12330001,12430000
"NC_036847.1",12390000,0.300166,0,0,0.300166,"chr036847.1",12340001,12440000
"NC_036847.1",12400000,0.204853,0,0,0.204853,"chr036847.1",12350001,12450000
"NC_036847.1",13290000,0.00581783,0.219323,0.0114577,0.219323,"chr036847.1",13240001,13340000
"NC_036847.1",13300000,0.0114456,0.271811,0.022964,0.271811,"chr036847.1",13250001,13350000
"NC_036847.1",13310000,0.0354687,0.442343,0.0632245,0.442343,"chr036847.1",13260001,13360000
"NC_036847.1",13320000,0.0285118,0.441642,0.0535642,0.441642,"chr036847.1",13270001,13370000
"NC_036847.1",13330000,0.0267639,0.420861,0.054746,0.420861,"chr036847.1",13280001,13380000
"NC_036847.1",13340000,0.0153022,0.406265,0.0575343,0.406265,"chr036847.1",13290001,13390000
"NC_036847.1",13350000,0.0177554,0.391837,0.0583132,0.391837,"chr036847.1",13300001,13400000
"NC_036847.1",13360000,0,0.38062,0.0537898,0.38062,"chr036847.1",13310001,13410000
"NC_036847.1",13370000,0,0.319775,0.0683532,0.319775,"chr036847.1",13320001,13420000
"NC_036847.1",13380000,0,0.208288,0.0211383,0.208288,"chr036847.1",13330001,13430000
"NC_036847.1",17140000,0.243314,0.0629249,0,0.243314,"chr036847.1",17090001,17190000
"NC_036847.1",17150000,0.232571,0.0525333,0,0.232571,"chr036847.1",17100001,17200000
"NC_036847.1",17160000,0.209091,0.0696241,0,0.209091,"chr036847.1",17110001,17210000
"NC_036847.1",17180000,0.22064,0.0738201,0,0.22064,"chr036847.1",17130001,17230000
"NC_036847.1",18280000,0.206277,0.0590036,0,0.206277,"chr036847.1",18230001,18330000
"NC_036847.1",18290000,0.224121,0.0647774,0,0.224121,"chr036847.1",18240001,18340000
"NC_036847.1",18300000,0.22837,0.0500739,0.0819464,0.22837,"chr036847.1",18250001,18350000
"NC_036847.1",18310000,0.260768,0.0564241,0.125762,0.260768,"chr036847.1",18260001,18360000
"NC_036847.1",18320000,0.269775,0.0385743,0.123686,0.269775,"chr036847.1",18270001,18370000
"NC_036847.1",18330000,0.267135,0.0392695,0.125939,0.267135,"chr036847.1",18280001,18380000
"NC_036847.1",18340000,0.275076,0.0313061,0.120635,0.275076,"chr036847.1",18290001,18390000
"NC_036847.1",18350000,0.275076,0.031014,0.119856,0.275076,"chr036847.1",18300001,18400000
"NC_036847.1",18360000,0.272994,0.0217377,0.117662,0.272994,"chr036847.1",18310001,18410000
"NC_036847.1",18370000,0.251856,0.0202718,0.0900478,0.251856,"chr036847.1",18320001,18420000
"NC_036847.1",18380000,0.2048,0.0159542,0.0681313,0.2048,"chr036847.1",18330001,18430000
"NC_036847.1",18390000,0.21316,0,0.09235,0.21316,"chr036847.1",18340001,18440000
"NC_036847.1",18560000,0.240836,0.0954255,0.160121,0.240836,"chr036847.1",18510001,18610000
"NC_036847.1",18570000,0.242081,0.083544,0.162437,0.242081,"chr036847.1",18520001,18620000
"NC_036847.1",18580000,0.204386,0.0513353,0.127235,0.204386,"chr036847.1",18530001,18630000
"NC_036847.1",18590000,0.239898,0.0459193,0.147729,0.239898,"chr036847.1",18540001,18640000
"NC_036847.1",18600000,0.259719,0.0480681,0.159709,0.259719,"chr036847.1",18550001,18650000
"NC_036847.1",18610000,0.234204,0.0447686,0.143886,0.234204,"chr036847.1",18560001,18660000
"NC_036847.1",18620000,0.232291,0.0104546,0.125338,0.232291,"chr036847.1",18570001,18670000
"NC_036847.1",18630000,0.235004,0.00541542,0.136039,0.235004,"chr036847.1",18580001,18680000
"NC_036847.1",18640000,0.229117,0,0.14353,0.229117,"chr036847.1",18590001,18690000
"NC_036847.1",18650000,0.236132,0,0.132641,0.236132,"chr036847.1",18600001,18700000
"NC_036847.1",18660000,0.222056,0,0.122266,0.222056,"chr036847.1",18610001,18710000
"NC_036847.1",18670000,0.216202,0,0.118144,0.216202,"chr036847.1",18620001,18720000
"NC_036847.1",18680000,0.237619,0,0.11064,0.237619,"chr036847.1",18630001,18730000
"NC_036847.1",21250000,0.0552196,0.190293,0.280315,0.280315,"chr036847.1",21200001,21300000
"NC_036847.1",21260000,0.0651123,0.178787,0.297265,0.297265,"chr036847.1",21210001,21310000
"NC_036847.1",21270000,0.0330565,0.164243,0.271458,0.271458,"chr036847.1",21220001,21320000
"NC_036847.1",21280000,0.0398701,0.158599,0.256608,0.256608,"chr036847.1",21230001,21330000
"NC_036847.1",21290000,0.038676,0.146553,0.222999,0.222999,"chr036847.1",21240001,21340000
"NC_036847.1",21320000,0.0719667,0.123411,0.206413,0.206413,"chr036847.1",21270001,21370000
"NC_036847.1",24130000,0,0.0121429,0.268643,0.268643,"chr036847.1",24080001,24180000
"NC_036847.1",24140000,0.00182903,0.012674,0.219518,0.219518,"chr036847.1",24090001,24190000
"NC_036847.1",24170000,0,0.0105745,0.231926,0.231926,"chr036847.1",24120001,24220000
"NC_036847.1",24180000,0,0.00964035,0.219425,0.219425,"chr036847.1",24130001,24230000
"NC_036847.1",24840000,0,0.175937,0.235587,0.235587,"chr036847.1",24790001,24890000
"NC_036847.1",24850000,0,0.18385,0.233874,0.233874,"chr036847.1",24800001,24900000
"NC_036847.1",24860000,0.00870329,0.184743,0.265711,0.265711,"chr036847.1",24810001,24910000
"NC_036847.1",24870000,0,0.234761,0.309811,0.309811,"chr036847.1",24820001,24920000
"NC_036847.1",24880000,0,0.219557,0.329498,0.329498,"chr036847.1",24830001,24930000
"NC_036847.1",24890000,0,0.233136,0.351905,0.351905,"chr036847.1",24840001,24940000
"NC_036847.1",24900000,0,0.234835,0.338915,0.338915,"chr036847.1",24850001,24950000
"NC_036847.1",24910000,0.0012069,0.206394,0.316713,0.316713,"chr036847.1",24860001,24960000
"NC_036847.1",24920000,0,0.178698,0.255768,0.255768,"chr036847.1",24870001,24970000
"NC_036847.1",24930000,0,0.166281,0.222938,0.222938,"chr036847.1",24880001,24980000
"NC_036847.1",24940000,0,0.155345,0.218581,0.218581,"chr036847.1",24890001,24990000
"NC_036847.1",25290000,0,0.200002,0.013534,0.200002,"chr036847.1",25240001,25340000
"NC_036847.1",25300000,0,0.206212,0.0219994,0.206212,"chr036847.1",25250001,25350000
"NC_036847.1",25310000,0,0.255073,0.0364941,0.255073,"chr036847.1",25260001,25360000
"NC_036847.1",25320000,0.019016,0.261453,0.0358037,0.261453,"chr036847.1",25270001,25370000
"NC_036847.1",25330000,0.0622661,0.254659,0.0312654,0.254659,"chr036847.1",25280001,25380000
"NC_036847.1",25340000,0.0800228,0.26994,0.0325955,0.26994,"chr036847.1",25290001,25390000
"NC_036847.1",25350000,0.0965393,0.269869,0.0527367,0.269869,"chr036847.1",25300001,25400000
"NC_036847.1",25360000,0.110762,0.256312,0.0564473,0.256312,"chr036847.1",25310001,25410000
"NC_036847.1",25370000,0.126257,0.277193,0.0624045,0.277193,"chr036847.1",25320001,25420000
"NC_036847.1",25380000,0.129541,0.276146,0.0620681,0.276146,"chr036847.1",25330001,25430000
"NC_036847.1",25390000,0.130818,0.261928,0.0622488,0.261928,"chr036847.1",25340001,25440000
"NC_036847.1",25400000,0.139681,0.276666,0.0603178,0.276666,"chr036847.1",25350001,25450000
"NC_036847.1",25410000,0.144157,0.241952,0.0516359,0.241952,"chr036847.1",25360001,25460000
"NC_036847.1",25420000,0.147286,0.245679,0.0519258,0.245679,"chr036847.1",25370001,25470000
"NC_036847.1",25430000,0.130458,0.222256,0.0400134,0.222256,"chr036847.1",25380001,25480000
"NC_036847.1",25440000,0.123651,0.214058,0.0395284,0.214058,"chr036847.1",25390001,25490000
"NC_036847.1",25450000,0.0974412,0.207241,0.0464873,0.207241,"chr036847.1",25400001,25500000
"NC_036847.1",25460000,0.0904373,0.204738,0.0501269,0.204738,"chr036847.1",25410001,25510000
"NC_036847.1",25510000,0.0910315,0.238527,0.0487459,0.238527,"chr036847.1",25460001,25560000
"NC_036847.1",25520000,0.0968113,0.241841,0.0421795,0.241841,"chr036847.1",25470001,25570000
"NC_036847.1",25530000,0.10481,0.267632,0.055213,0.267632,"chr036847.1",25480001,25580000
"NC_036847.1",25540000,0.0889222,0.237551,0.054423,0.237551,"chr036847.1",25490001,25590000
"NC_036847.1",25550000,0.0902083,0.221098,0.0561486,0.221098,"chr036847.1",25500001,25600000
"NC_036847.1",25560000,0.0849613,0.210741,0.0535602,0.210741,"chr036847.1",25510001,25610000
"NC_036847.1",25570000,0.0902936,0.227921,0.0575469,0.227921,"chr036847.1",25520001,25620000
"NC_036847.1",25580000,0.0802233,0.220375,0.0657072,0.220375,"chr036847.1",25530001,25630000
"NC_036847.1",25590000,0.0730248,0.212745,0.0578164,0.212745,"chr036847.1",25540001,25640000
"NC_036847.1",25600000,0.0456023,0.200496,0.0578387,0.200496,"chr036847.1",25550001,25650000
"NC_036848.1",3150000,0,0.257402,0,0.257402,"chr036848.1",3100001,3200000
"NC_036848.1",3160000,0,0.290764,0,0.290764,"chr036848.1",3110001,3210000
"NC_036848.1",3170000,0,0.310524,0,0.310524,"chr036848.1",3120001,3220000
"NC_036848.1",3180000,0,0.328544,0,0.328544,"chr036848.1",3130001,3230000
"NC_036848.1",3190000,0,0.361749,0,0.361749,"chr036848.1",3140001,3240000
"NC_036848.1",3200000,0,0.37198,0,0.37198,"chr036848.1",3150001,3250000
"NC_036848.1",3210000,0,0.432556,0,0.432556,"chr036848.1",3160001,3260000
"NC_036848.1",3220000,0,0.438017,0,0.438017,"chr036848.1",3170001,3270000
"NC_036848.1",3230000,0,0.436455,0,0.436455,"chr036848.1",3180001,3280000
"NC_036848.1",3240000,0,0.396049,0,0.396049,"chr036848.1",3190001,3290000
"NC_036848.1",3250000,0,0.363492,0,0.363492,"chr036848.1",3200001,3300000
"NC_036848.1",3260000,0,0.356531,0,0.356531,"chr036848.1",3210001,3310000
"NC_036848.1",3270000,0,0.353719,0,0.353719,"chr036848.1",3220001,3320000
"NC_036848.1",3280000,0,0.378385,0,0.378385,"chr036848.1",3230001,3330000
"NC_036848.1",3290000,0,0.393762,0,0.393762,"chr036848.1",3240001,3340000
"NC_036848.1",3300000,0,0.400088,0,0.400088,"chr036848.1",3250001,3350000
"NC_036848.1",3310000,0,0.416603,0,0.416603,"chr036848.1",3260001,3360000
"NC_036848.1",3320000,0,0.407275,0,0.407275,"chr036848.1",3270001,3370000
"NC_036848.1",3330000,0,0.397849,0,0.397849,"chr036848.1",3280001,3380000
"NC_036848.1",3340000,0,0.39723,0,0.39723,"chr036848.1",3290001,3390000
"NC_036848.1",3350000,0,0.395016,0,0.395016,"chr036848.1",3300001,3400000
"NC_036848.1",3360000,0,0.377102,0,0.377102,"chr036848.1",3310001,3410000
"NC_036848.1",3370000,0,0.287685,0,0.287685,"chr036848.1",3320001,3420000
"NC_036848.1",3380000,0,0.209438,0,0.209438,"chr036848.1",3330001,3430000
"NC_036848.1",3680000,0.209779,0.0140109,0.136518,0.209779,"chr036848.1",3630001,3730000
"NC_036848.1",3690000,0.217265,0.0090326,0.132607,0.217265,"chr036848.1",3640001,3740000
"NC_036848.1",3700000,0.258086,0.0308589,0.129114,0.258086,"chr036848.1",3650001,3750000
"NC_036848.1",3720000,0.201662,0.023307,0.101859,0.201662,"chr036848.1",3670001,3770000
"NC_036848.1",3730000,0.199071,0.0262399,0.0997015,0.199071,"chr036848.1",3680001,3780000
"NC_036848.1",3740000,0.223862,0.0240181,0.102612,0.223862,"chr036848.1",3690001,3790000
"NC_036848.1",3750000,0.243633,0.0187008,0.116606,0.243633,"chr036848.1",3700001,3800000
"NC_036848.1",3760000,0.22807,0.0208467,0.108473,0.22807,"chr036848.1",3710001,3810000
"NC_036848.1",3770000,0.200081,0.0156595,0.083907,0.200081,"chr036848.1",3720001,3820000
"NC_036848.1",6030000,0.0072799,0.0223963,0.202347,0.202347,"chr036848.1",5980001,6080000
"NC_036848.1",10070000,0,0.011408,0.209248,0.209248,"chr036848.1",10020001,10120000
"NC_036848.1",10080000,0,0.0163723,0.208052,0.208052,"chr036848.1",10030001,10130000
"NC_036848.1",10090000,0,0.000644106,0.237735,0.237735,"chr036848.1",10040001,10140000
"NC_036848.1",10100000,0,0,0.240311,0.240311,"chr036848.1",10050001,10150000
"NC_036848.1",10110000,0,0,0.275534,0.275534,"chr036848.1",10060001,10160000
"NC_036848.1",10120000,0,0,0.338164,0.338164,"chr036848.1",10070001,10170000
"NC_036848.1",10130000,0,0,0.314722,0.314722,"chr036848.1",10080001,10180000
"NC_036848.1",10140000,0,0,0.286054,0.286054,"chr036848.1",10090001,10190000
"NC_036848.1",10150000,0,0,0.224406,0.224406,"chr036848.1",10100001,10200000
"NC_036848.1",10160000,0,0,0.22987,0.22987,"chr036848.1",10110001,10210000
"NC_036848.1",10170000,0,0,0.218389,0.218389,"chr036848.1",10120001,10220000
"NC_036848.1",13460000,0.0138908,0.202713,0.00976393,0.202713,"chr036848.1",13410001,13510000
"NC_036848.1",13470000,0.015036,0.22552,0.0234566,0.22552,"chr036848.1",13420001,13520000
"NC_036848.1",13480000,0.01489,0.222867,0.020331,0.222867,"chr036848.1",13430001,13530000
"NC_036848.1",13490000,0.0310415,0.201744,0.0468334,0.201744,"chr036848.1",13440001,13540000
"NC_036848.1",13500000,0.0533406,0.212158,0.0599493,0.212158,"chr036848.1",13450001,13550000
"NC_036848.1",14140000,0.111872,0.0233096,0.207845,0.207845,"chr036848.1",14090001,14190000
"NC_036848.1",14150000,0.0986011,0.0343166,0.227366,0.227366,"chr036848.1",14100001,14200000
"NC_036848.1",14160000,0.0913708,0.0350999,0.219362,0.219362,"chr036848.1",14110001,14210000
"NC_036848.1",14170000,0.0946532,0.024062,0.212628,0.212628,"chr036848.1",14120001,14220000
"NC_036848.1",14180000,0.0790416,0.0283708,0.207418,0.207418,"chr036848.1",14130001,14230000
"NC_036848.1",15180000,0.0185374,0.199712,0.00878919,0.199712,"chr036848.1",15130001,15230000
"NC_036848.1",15190000,0.0294814,0.207763,0.00279421,0.207763,"chr036848.1",15140001,15240000
"NC_036848.1",15200000,0.019797,0.211202,0,0.211202,"chr036848.1",15150001,15250000
"NC_036848.1",15220000,0.0348157,0.212469,0.0219112,0.212469,"chr036848.1",15170001,15270000
"NC_036848.1",15270000,0.0215264,0.293724,0.156278,0.293724,"chr036848.1",15220001,15320000
"NC_036848.1",15280000,0.0262087,0.319984,0.204795,0.319984,"chr036848.1",15230001,15330000
"NC_036848.1",15290000,0.0131187,0.296458,0.204324,0.296458,"chr036848.1",15240001,15340000
"NC_036848.1",15300000,0.0408143,0.308902,0.216505,0.308902,"chr036848.1",15250001,15350000
"NC_036848.1",15310000,0.039651,0.303555,0.210325,0.303555,"chr036848.1",15260001,15360000
"NC_036848.1",15320000,0.0157957,0.270292,0.229858,0.270292,"chr036848.1",15270001,15370000
"NC_036848.1",15330000,0.0192644,0.358911,0.280883,0.358911,"chr036848.1",15280001,15380000
"NC_036848.1",15340000,0.0262115,0.36758,0.292185,0.36758,"chr036848.1",15290001,15390000
"NC_036848.1",15350000,0.0307061,0.347216,0.286106,0.347216,"chr036848.1",15300001,15400000
"NC_036848.1",15360000,0.0802686,0.32349,0.26194,0.32349,"chr036848.1",15310001,15410000
"NC_036848.1",15390000,0.272622,0.011714,0.017263,0.272622,"chr036848.1",15340001,15440000
"NC_036848.1",15400000,0.253842,0.00729458,0.00296922,0.253842,"chr036848.1",15350001,15450000
"NC_036848.1",15410000,0.248776,0.0167486,0.012132,0.248776,"chr036848.1",15360001,15460000
"NC_036848.1",15420000,0.262773,0.0280247,0.00693305,0.262773,"chr036848.1",15370001,15470000
"NC_036848.1",15430000,0.28634,0.0442587,0.00249684,0.28634,"chr036848.1",15380001,15480000
"NC_036848.1",15440000,0.27379,0.0362519,0.00477556,0.27379,"chr036848.1",15390001,15490000
"NC_036848.1",15450000,0.273784,0.0361599,0.00485539,0.273784,"chr036848.1",15400001,15500000
"NC_036848.1",15460000,0.240715,0.0273637,0.00898349,0.240715,"chr036848.1",15410001,15510000
"NC_036848.1",16450000,0,0.23468,0,0.23468,"chr036848.1",16400001,16500000
"NC_036848.1",16460000,0,0.237561,0,0.237561,"chr036848.1",16410001,16510000
"NC_036848.1",16470000,0,0.24564,0,0.24564,"chr036848.1",16420001,16520000
"NC_036848.1",16480000,0,0.26062,0,0.26062,"chr036848.1",16430001,16530000
"NC_036848.1",16490000,0,0.24166,0,0.24166,"chr036848.1",16440001,16540000
"NC_036848.1",16500000,0.0210744,0.286433,0.0481541,0.286433,"chr036848.1",16450001,16550000
"NC_036848.1",16510000,0.0144625,0.251081,0.0585641,0.251081,"chr036848.1",16460001,16560000
"NC_036848.1",16520000,0,0.255644,0.0486294,0.255644,"chr036848.1",16470001,16570000
"NC_036848.1",16530000,0,0.250723,0.0487908,0.250723,"chr036848.1",16480001,16580000
"NC_036848.1",16540000,0,0.251413,0.0435099,0.251413,"chr036848.1",16490001,16590000
"NC_036848.1",16550000,0,0.257732,0.0326127,0.257732,"chr036848.1",16500001,16600000
"NC_036848.1",16560000,0,0.291594,0.0381132,0.291594,"chr036848.1",16510001,16610000
"NC_036848.1",16570000,0,0.306693,0.0293024,0.306693,"chr036848.1",16520001,16620000
"NC_036848.1",16580000,0,0.352069,0.0100871,0.352069,"chr036848.1",16530001,16630000
"NC_036848.1",16590000,0,0.417816,0,0.417816,"chr036848.1",16540001,16640000
"NC_036848.1",16600000,0,0.382515,0,0.382515,"chr036848.1",16550001,16650000
"NC_036848.1",16610000,0,0.392438,0,0.392438,"chr036848.1",16560001,16660000
"NC_036848.1",16620000,0,0.3684,0,0.3684,"chr036848.1",16570001,16670000
"NC_036848.1",16630000,0,0.260031,0,0.260031,"chr036848.1",16580001,16680000
"NC_036848.1",16640000,0,0.238518,0,0.238518,"chr036848.1",16590001,16690000
"NC_036848.1",16650000,0,0.235032,0,0.235032,"chr036848.1",16600001,16700000
"NC_036848.1",16660000,0,0.240236,0,0.240236,"chr036848.1",16610001,16710000
"NC_036848.1",16670000,0,0.258297,0,0.258297,"chr036848.1",16620001,16720000
"NC_036848.1",16690000,0,0.205057,0,0.205057,"chr036848.1",16640001,16740000
"NC_036848.1",16710000,0,0.206972,0,0.206972,"chr036848.1",16660001,16760000
"NC_036848.1",16730000,0.00626425,0.252521,0,0.252521,"chr036848.1",16680001,16780000
"NC_036848.1",16740000,0.0156639,0.277626,0,0.277626,"chr036848.1",16690001,16790000
"NC_036848.1",16750000,0.00287688,0.25605,0,0.25605,"chr036848.1",16700001,16800000
"NC_036848.1",16760000,0.00879379,0.21105,0,0.21105,"chr036848.1",16710001,16810000
"NC_036848.1",17660000,0,0.0511255,0.205456,0.205456,"chr036848.1",17610001,17710000
"NC_036848.1",17670000,0,0.0554134,0.20209,0.20209,"chr036848.1",17620001,17720000
"NC_036848.1",17680000,0,0.0512735,0.202896,0.202896,"chr036848.1",17630001,17730000
"NC_036848.1",18180000,0,0,0.213693,0.213693,"chr036848.1",18130001,18230000
"NC_036848.1",18680000,0,0.21686,0.118818,0.21686,"chr036848.1",18630001,18730000
"NC_036848.1",18690000,0,0.235533,0.114361,0.235533,"chr036848.1",18640001,18740000
"NC_036848.1",18700000,0,0.256319,0.0776846,0.256319,"chr036848.1",18650001,18750000
"NC_036848.1",18710000,0,0.235449,0.0812574,0.235449,"chr036848.1",18660001,18760000
"NC_036848.1",18720000,0,0.212807,0.0870516,0.212807,"chr036848.1",18670001,18770000
"NC_036848.1",18730000,0,0.205147,0.0897581,0.205147,"chr036848.1",18680001,18780000
"NC_036848.1",18740000,0.00135126,0.201438,0.0567549,0.201438,"chr036848.1",18690001,18790000
"NC_036848.1",18880000,0.0148552,0.113028,0.245531,0.245531,"chr036848.1",18830001,18930000
"NC_036848.1",18890000,0.0135206,0.117809,0.380071,0.380071,"chr036848.1",18840001,18940000
"NC_036848.1",18900000,0.0149955,0.101,0.448733,0.448733,"chr036848.1",18850001,18950000
"NC_036848.1",18910000,0.0132778,0.0880472,0.419883,0.419883,"chr036848.1",18860001,18960000
"NC_036848.1",18920000,0.0169345,0.0585716,0.428843,0.428843,"chr036848.1",18870001,18970000
"NC_036848.1",18930000,0.0417358,0.0362161,0.436529,0.436529,"chr036848.1",18880001,18980000
"NC_036848.1",18940000,0.0580488,0.0178395,0.454528,0.454528,"chr036848.1",18890001,18990000
"NC_036848.1",18950000,0.0621403,0.0167617,0.388188,0.388188,"chr036848.1",18900001,1.9e+07
"NC_036848.1",18960000,0.0867065,0.0164399,0.332054,0.332054,"chr036848.1",18910001,19010000
"NC_036848.1",18970000,0.105492,0.00765048,0.305375,0.305375,"chr036848.1",18920001,19020000
"NC_036848.1",18980000,0.116309,0.0413483,0.243448,0.243448,"chr036848.1",18930001,19030000
"NC_036848.1",19170000,0.119553,0.205211,0.0505874,0.205211,"chr036848.1",19120001,19220000
"NC_036848.1",19410000,0.0302494,0.0272739,0.206346,0.206346,"chr036848.1",19360001,19460000
"NC_036848.1",19420000,0.0282772,0.0247403,0.200144,0.200144,"chr036848.1",19370001,19470000
"NC_036848.1",19870000,0.00818923,0.0330997,0.319953,0.319953,"chr036848.1",19820001,19920000
"NC_036848.1",19880000,0.0150438,0.0405146,0.419417,0.419417,"chr036848.1",19830001,19930000
"NC_036848.1",19890000,0.0152235,0.0400123,0.413838,0.413838,"chr036848.1",19840001,19940000
"NC_036848.1",19900000,0.0208897,0.0382909,0.411153,0.411153,"chr036848.1",19850001,19950000
"NC_036848.1",19910000,0.0171283,0.0344355,0.33686,0.33686,"chr036848.1",19860001,19960000
"NC_036848.1",19920000,0.0227741,0.0316015,0.323604,0.323604,"chr036848.1",19870001,19970000
"NC_036848.1",19930000,0.0221226,0.0295145,0.311423,0.311423,"chr036848.1",19880001,19980000
"NC_036848.1",19940000,0.0270303,0.030593,0.309291,0.309291,"chr036848.1",19890001,19990000
"NC_036848.1",19950000,0.0251264,0.0304977,0.319078,0.319078,"chr036848.1",19900001,2e+07
"NC_036848.1",19960000,0.0271855,0.0264971,0.295797,0.295797,"chr036848.1",19910001,20010000
"NC_036848.1",19970000,0.0217196,0.018187,0.246111,0.246111,"chr036848.1",19920001,20020000
"NC_036848.1",21030000,0.00738961,0.0107602,0.21515,0.21515,"chr036848.1",20980001,21080000
"NC_036848.1",21040000,0.00169195,0.0416625,0.278269,0.278269,"chr036848.1",20990001,21090000
"NC_036848.1",21050000,0.00376981,0.0462406,0.293601,0.293601,"chr036848.1",21000001,21100000
"NC_036848.1",21060000,0.0216337,0.0507274,0.316252,0.316252,"chr036848.1",21010001,21110000
"NC_036848.1",21070000,0.0142526,0.04274,0.318721,0.318721,"chr036848.1",21020001,21120000
"NC_036848.1",21080000,0.0180863,0.0327914,0.333909,0.333909,"chr036848.1",21030001,21130000
"NC_036848.1",21090000,0.0183915,0.0332695,0.337016,0.337016,"chr036848.1",21040001,21140000
"NC_036848.1",21100000,0.025165,0.0326489,0.346298,0.346298,"chr036848.1",21050001,21150000
"NC_036848.1",21110000,0.0187044,0.0363117,0.339127,0.339127,"chr036848.1",21060001,21160000
"NC_036848.1",21120000,0.0198523,0.0422397,0.385618,0.385618,"chr036848.1",21070001,21170000
"NC_036848.1",21130000,0.0214899,0.0290386,0.338335,0.338335,"chr036848.1",21080001,21180000
"NC_036848.1",21140000,0.0144295,0.0168989,0.349346,0.349346,"chr036848.1",21090001,21190000
"NC_036848.1",21150000,0.0110013,0.0108521,0.363914,0.363914,"chr036848.1",21100001,21200000
"NC_036848.1",21160000,0,0.014035,0.410538,0.410538,"chr036848.1",21110001,21210000
"NC_036848.1",21170000,0,0.0223781,0.410341,0.410341,"chr036848.1",21120001,21220000
"NC_036848.1",21180000,0,0.0206988,0.396202,0.396202,"chr036848.1",21130001,21230000
"NC_036848.1",21190000,0,0.00846735,0.375184,0.375184,"chr036848.1",21140001,21240000
"NC_036848.1",21200000,0,0.0176347,0.306544,0.306544,"chr036848.1",21150001,21250000
"NC_036848.1",21210000,0.0168051,0.0321774,0.203769,0.203769,"chr036848.1",21160001,21260000
"NC_036848.1",21470000,0.241084,0,0,0.241084,"chr036848.1",21420001,21520000
"NC_036848.1",21480000,0.208904,0,0,0.208904,"chr036848.1",21430001,21530000
"NC_036848.1",21490000,0.209369,0,0.0123566,0.209369,"chr036848.1",21440001,21540000
"NC_036848.1",21500000,0.217765,0,0.0423076,0.217765,"chr036848.1",21450001,21550000
"NC_036848.1",21510000,0.227591,0.0127557,0.0538782,0.227591,"chr036848.1",21460001,21560000
"NC_036848.1",21520000,0.243257,0.00161092,0.094837,0.243257,"chr036848.1",21470001,21570000
"NC_036848.1",21530000,0.269682,0.0153555,0.085393,0.269682,"chr036848.1",21480001,21580000
"NC_036848.1",21540000,0.280596,0.019835,0.079346,0.280596,"chr036848.1",21490001,21590000
"NC_036848.1",21550000,0.319881,0.0231594,0.050373,0.319881,"chr036848.1",21500001,21600000
"NC_036848.1",21560000,0.359688,0.0512284,0.0146438,0.359688,"chr036848.1",21510001,21610000
"NC_036848.1",21570000,0.373734,0.09376,0.0250013,0.373734,"chr036848.1",21520001,21620000
"NC_036848.1",21580000,0.388952,0.0714806,0.00585089,0.388952,"chr036848.1",21530001,21630000
"NC_036848.1",21590000,0.392814,0.0677967,0,0.392814,"chr036848.1",21540001,21640000
"NC_036848.1",21600000,0.283982,0.046931,0,0.283982,"chr036848.1",21550001,21650000
"NC_036848.1",21610000,0.281401,0.0290309,0,0.281401,"chr036848.1",21560001,21660000
"NC_036848.1",21620000,0.274884,0.0374668,0,0.274884,"chr036848.1",21570001,21670000
"NC_036848.1",21630000,0.250617,0.0347851,0,0.250617,"chr036848.1",21580001,21680000
"NC_036848.1",21640000,0.24173,0.0342597,0,0.24173,"chr036848.1",21590001,21690000
"NC_036848.1",21650000,0.210161,0.0365615,0,0.210161,"chr036848.1",21600001,21700000
"NC_036848.1",23820000,0.0655511,0.00301489,0.223568,0.223568,"chr036848.1",23770001,23870000
"NC_036848.1",23830000,0.0207767,0.0053855,0.297191,0.297191,"chr036848.1",23780001,23880000
"NC_036848.1",23840000,0.0144861,0.0209501,0.321633,0.321633,"chr036848.1",23790001,23890000
"NC_036848.1",23850000,0.0224435,0.0214646,0.489191,0.489191,"chr036848.1",23800001,23900000
"NC_036848.1",23860000,0.0152135,0.0419708,0.471825,0.471825,"chr036848.1",23810001,23910000
"NC_036848.1",23870000,0.0223027,0.0794043,0.383992,0.383992,"chr036848.1",23820001,23920000
"NC_036848.1",23880000,0.0112058,0.0706824,0.349565,0.349565,"chr036848.1",23830001,23930000
"NC_036848.1",23990000,0.0431087,0.00783739,0.329756,0.329756,"chr036848.1",23940001,24040000
"NC_036848.1",2.4e+07,0.0348916,0.0059781,0.347557,0.347557,"chr036848.1",23950001,24050000
"NC_036848.1",24010000,0.0384837,0.00357384,0.352851,0.352851,"chr036848.1",23960001,24060000
"NC_036848.1",24020000,0.0360571,0.0127916,0.347237,0.347237,"chr036848.1",23970001,24070000
"NC_036848.1",24030000,0.0558885,0.0127577,0.41872,0.41872,"chr036848.1",23980001,24080000
"NC_036848.1",24040000,0.040594,0,0.479278,0.479278,"chr036848.1",23990001,24090000
"NC_036848.1",24050000,0.0361485,0.0124335,0.494561,0.494561,"chr036848.1",24000001,24100000
"NC_036848.1",24060000,0.0425881,0.0173087,0.513934,0.513934,"chr036848.1",24010001,24110000
"NC_036848.1",24070000,0.034248,0.0266978,0.472298,0.472298,"chr036848.1",24020001,24120000
"NC_036848.1",24080000,0.0344694,0.0472805,0.455757,0.455757,"chr036848.1",24030001,24130000
"NC_036848.1",24090000,0.0316113,0.0362598,0.393491,0.393491,"chr036848.1",24040001,24140000
"NC_036848.1",24100000,0.0411872,0.0238801,0.371139,0.371139,"chr036848.1",24050001,24150000
"NC_036848.1",24110000,0.0367801,0.024403,0.390839,0.390839,"chr036848.1",24060001,24160000
"NC_036848.1",24120000,0.035727,0.0229347,0.360729,0.360729,"chr036848.1",24070001,24170000
"NC_036848.1",24130000,0.0526751,0.0289669,0.335859,0.335859,"chr036848.1",24080001,24180000
"NC_036848.1",24140000,0.0582451,0.0336717,0.328845,0.328845,"chr036848.1",24090001,24190000
"NC_036848.1",24150000,0.0585721,0.0332155,0.344322,0.344322,"chr036848.1",24100001,24200000
"NC_036848.1",24160000,0.0473392,0.0346336,0.328449,0.328449,"chr036848.1",24110001,24210000
"NC_036848.1",24170000,0.0535949,0.0305887,0.335215,0.335215,"chr036848.1",24120001,24220000
"NC_036848.1",24180000,0.0487363,0.0167078,0.257324,0.257324,"chr036848.1",24130001,24230000
"NC_036848.1",24190000,0.0495458,0.0201077,0.287289,0.287289,"chr036848.1",24140001,24240000
"NC_036848.1",24200000,0.0415991,0.0266706,0.302474,0.302474,"chr036848.1",24150001,24250000
"NC_036848.1",24210000,0.0427812,0.0271157,0.275979,0.275979,"chr036848.1",24160001,24260000
"NC_036848.1",24220000,0.0387385,0.0153207,0.27736,0.27736,"chr036848.1",24170001,24270000
"NC_036848.1",24230000,0.0083673,0.0141418,0.277006,0.277006,"chr036848.1",24180001,24280000
"NC_036848.1",24240000,0.0127622,0.0105075,0.226249,0.226249,"chr036848.1",24190001,24290000
"NC_036848.1",28370000,0.225021,0.020547,0.106401,0.225021,"chr036848.1",28320001,28420000
"NC_036848.1",28380000,0.223412,0.0251748,0.105403,0.223412,"chr036848.1",28330001,28430000
"NC_036848.1",28390000,0.215832,0.020426,0.103214,0.215832,"chr036848.1",28340001,28440000
"NC_036848.1",28400000,0.20067,0.0321031,0.103681,0.20067,"chr036848.1",28350001,28450000
"NC_036848.1",29860000,0,0.226497,0.00999835,0.226497,"chr036848.1",29810001,29910000
"NC_036848.1",29870000,0.0166243,0.217952,0.00987303,0.217952,"chr036848.1",29820001,29920000
"NC_036848.1",29880000,0.0167796,0.219907,0.0230911,0.219907,"chr036848.1",29830001,29930000
"NC_036848.1",30170000,0.000480278,0.210035,0.0295117,0.210035,"chr036848.1",30120001,30220000
"NC_036848.1",30190000,0,0.200598,0.0209519,0.200598,"chr036848.1",30140001,30240000
"NC_036848.1",31470000,0,0,0.202316,0.202316,"chr036848.1",31420001,31520000
"NC_036848.1",31480000,0,0,0.201042,0.201042,"chr036848.1",31430001,31530000
"NC_036848.1",31490000,0,0,0.229072,0.229072,"chr036848.1",31440001,31540000
"NC_036848.1",31500000,0,0,0.20204,0.20204,"chr036848.1",31450001,31550000
"NC_036848.1",33130000,0.219806,0,0.0571542,0.219806,"chr036848.1",33080001,33180000
"NC_036848.1",33140000,0.230888,0,0.0685241,0.230888,"chr036848.1",33090001,33190000
"NC_036848.1",33150000,0.227187,0,0,0.227187,"chr036848.1",33100001,33200000
"NC_036848.1",33160000,0.215945,0,0,0.215945,"chr036848.1",33110001,33210000
"NC_036848.1",33470000,0.0257973,0.0337139,0.206046,0.206046,"chr036848.1",33420001,33520000
"NC_036848.1",38180000,0.00920465,0,0.203903,0.203903,"chr036848.1",38130001,38230000
"NC_036848.1",38190000,0.0122879,0,0.206674,0.206674,"chr036848.1",38140001,38240000
"NC_036848.1",38200000,0.0138013,0,0.200291,0.200291,"chr036848.1",38150001,38250000
"NC_036848.1",38250000,0,0,0.213558,0.213558,"chr036848.1",38200001,38300000
"NC_036848.1",38260000,0,0,0.210168,0.210168,"chr036848.1",38210001,38310000
"NC_036848.1",38330000,0,0,0.224743,0.224743,"chr036848.1",38280001,38380000
"NC_036848.1",38340000,0,0,0.231471,0.231471,"chr036848.1",38290001,38390000
"NC_036848.1",39960000,0.205544,0,0.0580893,0.205544,"chr036848.1",39910001,40010000
"NC_036848.1",39990000,0.240311,0,0.090004,0.240311,"chr036848.1",39940001,40040000
"NC_036848.1",4e+07,0.26965,0,0.0935804,0.26965,"chr036848.1",39950001,40050000
"NC_036848.1",40010000,0.272309,0,0.101717,0.272309,"chr036848.1",39960001,40060000
"NC_036848.1",41080000,0.0180497,0.00536785,0.233803,0.233803,"chr036848.1",41030001,41130000
"NC_036848.1",41090000,0.0177324,0.00628281,0.224757,0.224757,"chr036848.1",41040001,41140000
"NC_036848.1",41100000,0.0199543,0.00775952,0.222185,0.222185,"chr036848.1",41050001,41150000
"NC_036848.1",41110000,0.0269898,0.010396,0.229289,0.229289,"chr036848.1",41060001,41160000
"NC_036848.1",41120000,0.0277961,0.0121988,0.24486,0.24486,"chr036848.1",41070001,41170000
"NC_036848.1",41130000,0.0253505,0.0105621,0.221712,0.221712,"chr036848.1",41080001,41180000
"NC_036848.1",41140000,0.0265476,0.0149321,0.238275,0.238275,"chr036848.1",41090001,41190000
"NC_036848.1",41150000,0.0281189,0.0162895,0.243959,0.243959,"chr036848.1",41100001,41200000
"NC_036848.1",41160000,0.0361838,0.0221306,0.317574,0.317574,"chr036848.1",41110001,41210000
"NC_036848.1",41170000,0.0343472,0.0188079,0.277718,0.277718,"chr036848.1",41120001,41220000
"NC_036848.1",41180000,0.0238128,0.0221436,0.261523,0.261523,"chr036848.1",41130001,41230000
"NC_036848.1",41190000,0.0229455,0.0299735,0.2645,0.2645,"chr036848.1",41140001,41240000
"NC_036848.1",41200000,0.0219911,0.0275416,0.267925,0.267925,"chr036848.1",41150001,41250000
"NC_036848.1",41210000,0.0107571,0.0331667,0.252239,0.252239,"chr036848.1",41160001,41260000
"NC_036848.1",41220000,0.00231951,0.0275002,0.254948,0.254948,"chr036848.1",41170001,41270000
"NC_036848.1",41230000,0.0121188,0.0361128,0.294728,0.294728,"chr036848.1",41180001,41280000
"NC_036848.1",41240000,0,0.0206275,0.253999,0.253999,"chr036848.1",41190001,41290000
"NC_036848.1",41250000,0,0.0093474,0.241036,0.241036,"chr036848.1",41200001,41300000
"NC_036848.1",41260000,0,0.000936975,0.224539,0.224539,"chr036848.1",41210001,41310000
"NC_036848.1",42540000,0.0338259,0.216823,0.016324,0.216823,"chr036848.1",42490001,42590000
"NC_036848.1",42730000,0.136295,0.0293041,0.218883,0.218883,"chr036848.1",42680001,42780000
"NC_036848.1",42740000,0.143735,0.0204234,0.225288,0.225288,"chr036848.1",42690001,42790000
"NC_036848.1",42750000,0.151015,0.0143429,0.232243,0.232243,"chr036848.1",42700001,42800000
"NC_036848.1",42760000,0.127094,0.0136273,0.243818,0.243818,"chr036848.1",42710001,42810000
"NC_036848.1",42840000,0,0,0.212802,0.212802,"chr036848.1",42790001,42890000
"NC_036848.1",42850000,0,0,0.204385,0.204385,"chr036848.1",42800001,42900000
"NC_036848.1",42860000,0,0,0.21247,0.21247,"chr036848.1",42810001,42910000
"NC_036848.1",42870000,0,0,0.235066,0.235066,"chr036848.1",42820001,42920000
"NC_036848.1",42880000,0,0,0.249115,0.249115,"chr036848.1",42830001,42930000
"NC_036848.1",42890000,0,0,0.314016,0.314016,"chr036848.1",42840001,42940000
"NC_036848.1",42900000,0,0,0.280497,0.280497,"chr036848.1",42850001,42950000
"NC_036848.1",43880000,0.0103594,0,0.222085,0.222085,"chr036848.1",43830001,43930000
"NC_036848.1",43890000,0.0173892,0,0.255558,0.255558,"chr036848.1",43840001,43940000
"NC_036848.1",43900000,0.0528344,0,0.384501,0.384501,"chr036848.1",43850001,43950000
"NC_036848.1",43910000,0.0403033,0,0.276979,0.276979,"chr036848.1",43860001,43960000
"NC_036848.1",43920000,0.0124614,0,0.286918,0.286918,"chr036848.1",43870001,43970000
"NC_036848.1",44130000,0.259322,0,0,0.259322,"chr036848.1",44080001,44180000
"NC_036848.1",44140000,0.240189,0,0,0.240189,"chr036848.1",44090001,44190000
"NC_036848.1",44150000,0.222086,0,0,0.222086,"chr036848.1",44100001,44200000
"NC_036848.1",44180000,0.202826,0,0,0.202826,"chr036848.1",44130001,44230000
"NC_036848.1",45240000,0,0.199727,0.00741843,0.199727,"chr036848.1",45190001,45290000
"NC_036848.1",45250000,0,0.20895,0.0071914,0.20895,"chr036848.1",45200001,45300000
"NC_036848.1",45270000,0,0.250422,0,0.250422,"chr036848.1",45220001,45320000
"NC_036848.1",45280000,0,0.25489,0.00566724,0.25489,"chr036848.1",45230001,45330000
"NC_036848.1",45290000,0,0.249097,0.000273786,0.249097,"chr036848.1",45240001,45340000
"NC_036848.1",45300000,0,0.234171,0.0476613,0.234171,"chr036848.1",45250001,45350000
"NC_036848.1",45310000,0.0114965,0.202643,0.0174886,0.202643,"chr036848.1",45260001,45360000
"NC_036848.1",45570000,0.0022952,0.222678,0,0.222678,"chr036848.1",45520001,45620000
"NC_036848.1",45580000,0.00338927,0.206444,0,0.206444,"chr036848.1",45530001,45630000
"NC_036848.1",45700000,0.00989383,0.293631,0.0233614,0.293631,"chr036848.1",45650001,45750000
"NC_036848.1",45710000,0,0.21864,0.0104418,0.21864,"chr036848.1",45660001,45760000
"NC_036848.1",45720000,0.00309055,0.215576,0.0082679,0.215576,"chr036848.1",45670001,45770000
"NC_036848.1",45730000,0,0.234424,0.0312882,0.234424,"chr036848.1",45680001,45780000
"NC_036848.1",45740000,0,0.210316,0.0190928,0.210316,"chr036848.1",45690001,45790000
"NC_036848.1",45750000,0,0.224638,0.0169946,0.224638,"chr036848.1",45700001,45800000
"NC_036848.1",45760000,0,0.245699,0.0465062,0.245699,"chr036848.1",45710001,45810000
"NC_036848.1",45770000,0,0.226667,0.0289921,0.226667,"chr036848.1",45720001,45820000
"NC_036848.1",45930000,0,0.202078,0,0.202078,"chr036848.1",45880001,45980000
"NC_036848.1",45950000,0,0.258046,0,0.258046,"chr036848.1",45900001,4.6e+07
"NC_036848.1",45960000,0,0.288675,0,0.288675,"chr036848.1",45910001,46010000
"NC_036848.1",45970000,0,0.278478,0,0.278478,"chr036848.1",45920001,46020000
"NC_036848.1",45980000,0,0.325782,0,0.325782,"chr036848.1",45930001,46030000
"NC_036848.1",45990000,0,0.32738,0,0.32738,"chr036848.1",45940001,46040000
"NC_036848.1",4.6e+07,0,0.310946,0,0.310946,"chr036848.1",45950001,46050000
"NC_036848.1",46010000,0,0.320965,0,0.320965,"chr036848.1",45960001,46060000
"NC_036848.1",46020000,0,0.45473,0,0.45473,"chr036848.1",45970001,46070000
"NC_036848.1",46030000,0,0.44143,0,0.44143,"chr036848.1",45980001,46080000
"NC_036848.1",46040000,0,0.441691,0,0.441691,"chr036848.1",45990001,46090000
"NC_036848.1",46050000,0,0.425912,0,0.425912,"chr036848.1",46000001,46100000
"NC_036848.1",46060000,0,0.436167,0,0.436167,"chr036848.1",46010001,46110000
"NC_036848.1",46070000,0,0.469113,0,0.469113,"chr036848.1",46020001,46120000
"NC_036848.1",46080000,0,0.486019,0,0.486019,"chr036848.1",46030001,46130000
"NC_036848.1",46090000,0.0077874,0.465457,0,0.465457,"chr036848.1",46040001,46140000
"NC_036848.1",46100000,0.0244002,0.43616,0,0.43616,"chr036848.1",46050001,46150000
"NC_036848.1",46110000,0.0266309,0.375311,0,0.375311,"chr036848.1",46060001,46160000
"NC_036848.1",46120000,0.0258787,0.285619,0,0.285619,"chr036848.1",46070001,46170000
"NC_036848.1",46130000,0.0372491,0.239107,0,0.239107,"chr036848.1",46080001,46180000
"NC_036848.1",46140000,0.0316669,0.234127,0,0.234127,"chr036848.1",46090001,46190000
"NC_036848.1",46150000,0.0509867,0.219829,0,0.219829,"chr036848.1",46100001,46200000
"NC_036848.1",46160000,0.0477792,0.211802,0,0.211802,"chr036848.1",46110001,46210000
"NC_036848.1",51130000,0.206418,0.0845938,0.0394358,0.206418,"chr036848.1",51080001,51180000
"NC_036848.1",51140000,0.22524,0.0900477,0.0501099,0.22524,"chr036848.1",51090001,51190000
"NC_036848.1",51150000,0.287447,0.105145,0.0765042,0.287447,"chr036848.1",51100001,51200000
"NC_036848.1",51160000,0.339903,0.123012,0.0995862,0.339903,"chr036848.1",51110001,51210000
"NC_036848.1",51170000,0.272364,0.100478,0.0665528,0.272364,"chr036848.1",51120001,51220000
"NC_036848.1",51180000,0.279823,0.10337,0.0680108,0.279823,"chr036848.1",51130001,51230000
"NC_036848.1",51190000,0.245579,0.09691,0.045298,0.245579,"chr036848.1",51140001,51240000
"NC_036848.1",51200000,0.255702,0.0935329,0.0473999,0.255702,"chr036848.1",51150001,51250000
"NC_036848.1",51210000,0.222051,0.0840751,0.0304052,0.222051,"chr036848.1",51160001,51260000
"NC_036848.1",51220000,0.207154,0.0727656,0.0290474,0.207154,"chr036848.1",51170001,51270000
"NC_036848.1",52350000,0.148044,0.0127357,0.265014,0.265014,"chr036848.1",52300001,52400000
"NC_036848.1",52360000,0.137795,0.0119472,0.237277,0.237277,"chr036848.1",52310001,52410000
"NC_036848.1",52370000,0.158161,0.0118951,0.270075,0.270075,"chr036848.1",52320001,52420000
"NC_036848.1",52380000,0.130359,0.00851021,0.209513,0.209513,"chr036848.1",52330001,52430000
"NC_036848.1",54140000,0,0,0.212535,0.212535,"chr036848.1",54090001,54190000
"NC_036848.1",54850000,0.0767379,0.0521433,0.233395,0.233395,"chr036848.1",54800001,54900000
"NC_036848.1",54860000,0.103322,0.083407,0.228819,0.228819,"chr036848.1",54810001,54910000
"NC_036848.1",54870000,0.154121,0.108204,0.237049,0.237049,"chr036848.1",54820001,54920000
"NC_036848.1",54880000,0.240606,0.177232,0.306641,0.306641,"chr036848.1",54830001,54930000
"NC_036848.1",54890000,0.849057,0.641649,0.372862,0.849057,"chr036848.1",54840001,54940000
"NC_036849.1",1440000,0,0.00182706,0.227351,0.227351,"chr036849.1",1390001,1490000
"NC_036849.1",1450000,0,0.0166131,0.25979,0.25979,"chr036849.1",1400001,1500000
"NC_036849.1",1460000,0,0.0359385,0.270807,0.270807,"chr036849.1",1410001,1510000
"NC_036849.1",1470000,0.00395053,0.0404104,0.314088,0.314088,"chr036849.1",1420001,1520000
"NC_036849.1",1480000,0.0022071,0.0413734,0.342433,0.342433,"chr036849.1",1430001,1530000
"NC_036849.1",1490000,0.00192536,0.0363487,0.323782,0.323782,"chr036849.1",1440001,1540000
"NC_036849.1",1500000,0.0153933,0.0398125,0.352555,0.352555,"chr036849.1",1450001,1550000
"NC_036849.1",1510000,0.0131223,0.0383133,0.355344,0.355344,"chr036849.1",1460001,1560000
"NC_036849.1",1520000,0.0151427,0.0265038,0.339994,0.339994,"chr036849.1",1470001,1570000
"NC_036849.1",1530000,0.0173853,0.021006,0.335761,0.335761,"chr036849.1",1480001,1580000
"NC_036849.1",1540000,0.0187656,0.0121427,0.303419,0.303419,"chr036849.1",1490001,1590000
"NC_036849.1",1550000,0.0155671,0.00459567,0.263227,0.263227,"chr036849.1",1500001,1600000
"NC_036849.1",1560000,0.0114405,0.000979663,0.22478,0.22478,"chr036849.1",1510001,1610000
"NC_036849.1",8880000,0.201791,0.0323009,0.0394204,0.201791,"chr036849.1",8830001,8930000
"NC_036849.1",8890000,0.201487,0.0340849,0.0531369,0.201487,"chr036849.1",8840001,8940000
"NC_036849.1",8900000,0.215899,0.0322167,0.052406,0.215899,"chr036849.1",8850001,8950000
"NC_036849.1",8910000,0.211309,0.0109544,0.0590432,0.211309,"chr036849.1",8860001,8960000
"NC_036849.1",8960000,0.209107,0.025972,0.0490524,0.209107,"chr036849.1",8910001,9010000
"NC_036849.1",8970000,0.216016,0.0360688,0.0586041,0.216016,"chr036849.1",8920001,9020000
"NC_036849.1",8980000,0.232027,0.0833703,0.0773625,0.232027,"chr036849.1",8930001,9030000
"NC_036849.1",8990000,0.249778,0.114238,0.0833344,0.249778,"chr036849.1",8940001,9040000
"NC_036849.1",9e+06,0.253384,0.154712,0.105002,0.253384,"chr036849.1",8950001,9050000
"NC_036849.1",9010000,0.26596,0.168388,0.102131,0.26596,"chr036849.1",8960001,9060000
"NC_036849.1",9020000,0.280531,0.211075,0.142089,0.280531,"chr036849.1",8970001,9070000
"NC_036849.1",9030000,0.311079,0.356309,0.324234,0.356309,"chr036849.1",8980001,9080000
"NC_036849.1",9040000,0.285888,0.341617,0.342321,0.342321,"chr036849.1",8990001,9090000
"NC_036849.1",9050000,0.284114,0.343419,0.341271,0.343419,"chr036849.1",9000001,9100000
"NC_036849.1",9060000,0.302641,0.338963,0.304689,0.338963,"chr036849.1",9010001,9110000
"NC_036849.1",9070000,0.299407,0.32797,0.280671,0.32797,"chr036849.1",9020001,9120000
"NC_036849.1",9080000,0.315777,0.320778,0.252633,0.320778,"chr036849.1",9030001,9130000
"NC_036849.1",9090000,0.337078,0.314069,0.237575,0.337078,"chr036849.1",9040001,9140000
"NC_036849.1",9100000,0.290411,0.27455,0.21116,0.290411,"chr036849.1",9050001,9150000
"NC_036849.1",9110000,0.292005,0.278517,0.214659,0.292005,"chr036849.1",9060001,9160000
"NC_036849.1",9120000,0.231788,0.227137,0.179089,0.231788,"chr036849.1",9070001,9170000
"NC_036849.1",9130000,0.206128,0.22229,0.150126,0.22229,"chr036849.1",9080001,9180000
"NC_036849.1",9140000,0.190934,0.220682,0.105649,0.220682,"chr036849.1",9090001,9190000
"NC_036849.1",9250000,0,0.23177,0,0.23177,"chr036849.1",9200001,9300000
"NC_036849.1",9260000,0,0.219822,0.0124078,0.219822,"chr036849.1",9210001,9310000
"NC_036849.1",9270000,0,0.20256,0.00715056,0.20256,"chr036849.1",9220001,9320000
"NC_036849.1",9280000,0,0.20645,0.00528589,0.20645,"chr036849.1",9230001,9330000
"NC_036849.1",10190000,0.204392,0,0,0.204392,"chr036849.1",10140001,10240000
"NC_036849.1",10200000,0.201186,0,0,0.201186,"chr036849.1",10150001,10250000
"NC_036849.1",10230000,0.203844,0,0,0.203844,"chr036849.1",10180001,10280000
"NC_036849.1",11710000,0,0,0.201643,0.201643,"chr036849.1",11660001,11760000
"NC_036849.1",11720000,0,0,0.230225,0.230225,"chr036849.1",11670001,11770000
"NC_036849.1",11730000,0,0,0.261069,0.261069,"chr036849.1",11680001,11780000
"NC_036849.1",11740000,0,0,0.2676,0.2676,"chr036849.1",11690001,11790000
"NC_036849.1",11750000,0,0,0.265756,0.265756,"chr036849.1",11700001,11800000
"NC_036849.1",11760000,0,0,0.276798,0.276798,"chr036849.1",11710001,11810000
"NC_036849.1",11770000,0,0,0.284189,0.284189,"chr036849.1",11720001,11820000
"NC_036849.1",11780000,0,0,0.242895,0.242895,"chr036849.1",11730001,11830000
"NC_036849.1",11790000,0,0,0.242307,0.242307,"chr036849.1",11740001,11840000
"NC_036849.1",11800000,0,0,0.235303,0.235303,"chr036849.1",11750001,11850000
"NC_036849.1",11810000,0,0,0.220522,0.220522,"chr036849.1",11760001,11860000
"NC_036849.1",11820000,0,0,0.200887,0.200887,"chr036849.1",11770001,11870000
"NC_036849.1",12930000,0,0,0.20667,0.20667,"chr036849.1",12880001,12980000
"NC_036849.1",12960000,0,0,0.228607,0.228607,"chr036849.1",12910001,13010000
"NC_036849.1",12970000,0,0,0.258362,0.258362,"chr036849.1",12920001,13020000
"NC_036849.1",12980000,0,0,0.29797,0.29797,"chr036849.1",12930001,13030000
"NC_036849.1",12990000,0,0,0.314683,0.314683,"chr036849.1",12940001,13040000
"NC_036849.1",1.3e+07,0,0,0.325603,0.325603,"chr036849.1",12950001,13050000
"NC_036849.1",13010000,0,0,0.372592,0.372592,"chr036849.1",12960001,13060000
"NC_036849.1",13020000,0,0,0.334757,0.334757,"chr036849.1",12970001,13070000
"NC_036849.1",13030000,0,0,0.330082,0.330082,"chr036849.1",12980001,13080000
"NC_036849.1",13040000,0,0,0.344507,0.344507,"chr036849.1",12990001,13090000
"NC_036849.1",13050000,0,0,0.336284,0.336284,"chr036849.1",13000001,13100000
"NC_036849.1",13060000,0,0,0.300444,0.300444,"chr036849.1",13010001,13110000
"NC_036849.1",13070000,0,0,0.234345,0.234345,"chr036849.1",13020001,13120000
"NC_036849.1",13220000,0,0,0.207488,0.207488,"chr036849.1",13170001,13270000
"NC_036849.1",13230000,0,0,0.253141,0.253141,"chr036849.1",13180001,13280000
"NC_036849.1",13240000,0,0,0.338701,0.338701,"chr036849.1",13190001,13290000
"NC_036849.1",13250000,0,0,0.369804,0.369804,"chr036849.1",13200001,13300000
"NC_036849.1",13260000,0,0,0.410696,0.410696,"chr036849.1",13210001,13310000
"NC_036849.1",13270000,0,0,0.223977,0.223977,"chr036849.1",13220001,13320000
"NC_036849.1",13280000,0,0,0.213388,0.213388,"chr036849.1",13230001,13330000
"NC_036849.1",14180000,0.0172342,0.0120989,0.246639,0.246639,"chr036849.1",14130001,14230000
"NC_036849.1",14190000,0.00418261,0.0126503,0.276852,0.276852,"chr036849.1",14140001,14240000
"NC_036849.1",14200000,0,0,0.286056,0.286056,"chr036849.1",14150001,14250000
"NC_036849.1",14210000,0,0,0.249993,0.249993,"chr036849.1",14160001,14260000
"NC_036849.1",14220000,0.00925676,0,0.274331,0.274331,"chr036849.1",14170001,14270000
"NC_036849.1",14230000,0.0137368,0,0.325558,0.325558,"chr036849.1",14180001,14280000
"NC_036849.1",14240000,0,0.00119926,0.224381,0.224381,"chr036849.1",14190001,14290000
"NC_036849.1",14250000,0.00530209,0.00205081,0.227312,0.227312,"chr036849.1",14200001,14300000
"NC_036849.1",14260000,0.00398376,0.0027179,0.203425,0.203425,"chr036849.1",14210001,14310000
"NC_036849.1",14280000,0.0052521,0.0125691,0.210428,0.210428,"chr036849.1",14230001,14330000
"NC_036849.1",14290000,0.00695325,0.0129838,0.216894,0.216894,"chr036849.1",14240001,14340000
"NC_036849.1",14300000,0.0385212,0.0288895,0.220673,0.220673,"chr036849.1",14250001,14350000
"NC_036849.1",14310000,0.0427771,0.0293148,0.227235,0.227235,"chr036849.1",14260001,14360000
"NC_036849.1",14320000,0.0446327,0.0115433,0.204984,0.204984,"chr036849.1",14270001,14370000
"NC_036849.1",14330000,0.0395594,0.0129421,0.206155,0.206155,"chr036849.1",14280001,14380000
"NC_036849.1",14340000,0.0492103,0.0141251,0.214374,0.214374,"chr036849.1",14290001,14390000
"NC_036849.1",14350000,0.0397811,0.00713655,0.21126,0.21126,"chr036849.1",14300001,14400000
"NC_036849.1",14360000,0.0391638,0.00703856,0.224806,0.224806,"chr036849.1",14310001,14410000
"NC_036849.1",14370000,0.0429056,0.00742179,0.244618,0.244618,"chr036849.1",14320001,14420000
"NC_036849.1",14380000,0.0456823,0.000820931,0.219854,0.219854,"chr036849.1",14330001,14430000
"NC_036849.1",14640000,0,0,0.242751,0.242751,"chr036849.1",14590001,14690000
"NC_036849.1",14650000,0,0,0.346233,0.346233,"chr036849.1",14600001,14700000
"NC_036849.1",14660000,0,0,0.387372,0.387372,"chr036849.1",14610001,14710000
"NC_036849.1",14670000,0,0,0.436286,0.436286,"chr036849.1",14620001,14720000
"NC_036849.1",14680000,0,0,0.447313,0.447313,"chr036849.1",14630001,14730000
"NC_036849.1",14690000,0,0,0.478785,0.478785,"chr036849.1",14640001,14740000
"NC_036849.1",14700000,0,0,0.499424,0.499424,"chr036849.1",14650001,14750000
"NC_036849.1",14710000,0,0,0.513531,0.513531,"chr036849.1",14660001,14760000
"NC_036849.1",14720000,0,0,0.538225,0.538225,"chr036849.1",14670001,14770000
"NC_036849.1",14730000,0,0,0.607303,0.607303,"chr036849.1",14680001,14780000
"NC_036849.1",14740000,0,0,0.587324,0.587324,"chr036849.1",14690001,14790000
"NC_036849.1",14750000,0,0,0.581842,0.581842,"chr036849.1",14700001,14800000
"NC_036849.1",14760000,0,0,0.572013,0.572013,"chr036849.1",14710001,14810000
"NC_036849.1",14770000,0,0,0.488276,0.488276,"chr036849.1",14720001,14820000
"NC_036849.1",14780000,0,0,0.446981,0.446981,"chr036849.1",14730001,14830000
"NC_036849.1",14790000,0,0,0.408871,0.408871,"chr036849.1",14740001,14840000
"NC_036849.1",14800000,0,0,0.364874,0.364874,"chr036849.1",14750001,14850000
"NC_036849.1",14810000,0,0,0.318481,0.318481,"chr036849.1",14760001,14860000
"NC_036849.1",14820000,0,0,0.219444,0.219444,"chr036849.1",14770001,14870000
"NC_036849.1",15910000,0.0443251,0.237635,0,0.237635,"chr036849.1",15860001,15960000
"NC_036849.1",15920000,0.0420798,0.234886,0,0.234886,"chr036849.1",15870001,15970000
"NC_036849.1",15930000,0.0366519,0.230012,0,0.230012,"chr036849.1",15880001,15980000
"NC_036849.1",15940000,0.0295772,0.228671,0,0.228671,"chr036849.1",15890001,15990000
"NC_036849.1",15950000,0.0365309,0.22426,0,0.22426,"chr036849.1",15900001,1.6e+07
"NC_036849.1",15960000,0.0287425,0.223089,0,0.223089,"chr036849.1",15910001,16010000
"NC_036849.1",15970000,0,0.206698,0.0142009,0.206698,"chr036849.1",15920001,16020000
"NC_036849.1",15990000,0,0.210401,0.0467278,0.210401,"chr036849.1",15940001,16040000
"NC_036849.1",1.6e+07,0,0.212838,0.0548623,0.212838,"chr036849.1",15950001,16050000
"NC_036849.1",16010000,0,0.202593,0.0466742,0.202593,"chr036849.1",15960001,16060000
"NC_036849.1",16020000,0,0.202758,0.0443273,0.202758,"chr036849.1",15970001,16070000
"NC_036849.1",16030000,0,0.202681,0.0278352,0.202681,"chr036849.1",15980001,16080000
"NC_036849.1",16240000,0.058922,0.231608,0.113051,0.231608,"chr036849.1",16190001,16290000
"NC_036849.1",26590000,0.0305081,0.229676,0.0324126,0.229676,"chr036849.1",26540001,26640000
"NC_036849.1",26600000,0.0303467,0.263922,0.0317414,0.263922,"chr036849.1",26550001,26650000
"NC_036849.1",26610000,0.0141491,0.21347,0.000927647,0.21347,"chr036849.1",26560001,26660000
"NC_036849.1",29680000,0.0220692,0,0.200752,0.200752,"chr036849.1",29630001,29730000
"NC_036849.1",29690000,0.0115553,0,0.205181,0.205181,"chr036849.1",29640001,29740000
"NC_036849.1",29700000,0,0,0.287778,0.287778,"chr036849.1",29650001,29750000
"NC_036849.1",29710000,0,0.00258944,0.33592,0.33592,"chr036849.1",29660001,29760000
"NC_036849.1",29720000,0,0,0.326423,0.326423,"chr036849.1",29670001,29770000
"NC_036849.1",29730000,0,0,0.34135,0.34135,"chr036849.1",29680001,29780000
"NC_036849.1",29740000,0,0,0.353818,0.353818,"chr036849.1",29690001,29790000
"NC_036849.1",29750000,0,0,0.312898,0.312898,"chr036849.1",29700001,29800000
"NC_036849.1",29760000,0,0,0.258598,0.258598,"chr036849.1",29710001,29810000
"NC_036849.1",29770000,0,0,0.280715,0.280715,"chr036849.1",29720001,29820000
"NC_036849.1",29780000,0,0,0.231785,0.231785,"chr036849.1",29730001,29830000
"NC_036849.1",29790000,0,0,0.205106,0.205106,"chr036849.1",29740001,29840000
"NC_036849.1",30250000,0.159526,0.0198778,0.284637,0.284637,"chr036849.1",30200001,30300000
"NC_036849.1",30260000,0.161306,0.0265225,0.276488,0.276488,"chr036849.1",30210001,30310000
"NC_036849.1",30270000,0.13647,0.0171523,0.218633,0.218633,"chr036849.1",30220001,30320000
"NC_036849.1",30280000,0.142494,0.0153859,0.235011,0.235011,"chr036849.1",30230001,30330000
"NC_036849.1",30290000,0.138397,0.0120089,0.234091,0.234091,"chr036849.1",30240001,30340000
"NC_036849.1",30300000,0.16022,0.0134611,0.254371,0.254371,"chr036849.1",30250001,30350000
"NC_036849.1",30310000,0.170435,0.0146475,0.292556,0.292556,"chr036849.1",30260001,30360000
"NC_036849.1",30320000,0.181947,0.0111052,0.315175,0.315175,"chr036849.1",30270001,30370000
"NC_036849.1",30330000,0.180467,0.0128114,0.314455,0.314455,"chr036849.1",30280001,30380000
"NC_036849.1",30340000,0.18239,0.00699691,0.30728,0.30728,"chr036849.1",30290001,30390000
"NC_036849.1",30350000,0.161393,0.0217232,0.308968,0.308968,"chr036849.1",30300001,30400000
"NC_036849.1",30360000,0.181619,0.0270697,0.352492,0.352492,"chr036849.1",30310001,30410000
"NC_036849.1",30370000,0.226309,0.0363116,0.459062,0.459062,"chr036849.1",30320001,30420000
"NC_036849.1",30380000,0.245923,0.0505994,0.467572,0.467572,"chr036849.1",30330001,30430000
"NC_036849.1",30390000,0.250857,0.0604432,0.470718,0.470718,"chr036849.1",30340001,30440000
"NC_036849.1",30400000,0.206192,0.0673632,0.438851,0.438851,"chr036849.1",30350001,30450000
"NC_036849.1",30410000,0.141875,0.0695913,0.337634,0.337634,"chr036849.1",30360001,30460000
"NC_036849.1",30420000,0.185986,0.154658,0.263566,0.263566,"chr036849.1",30370001,30470000
"NC_036849.1",30430000,0.186715,0.160105,0.248318,0.248318,"chr036849.1",30380001,30480000
"NC_036849.1",30540000,0.0449513,0.0133922,0.236084,0.236084,"chr036849.1",30490001,30590000
"NC_036849.1",30550000,0.0406057,0.00704661,0.252303,0.252303,"chr036849.1",30500001,30600000
"NC_036849.1",30560000,0.0397201,0.0464061,0.296802,0.296802,"chr036849.1",30510001,30610000
"NC_036849.1",30570000,0.0347455,0.0511478,0.296014,0.296014,"chr036849.1",30520001,30620000
"NC_036849.1",30580000,0.033369,0.0417891,0.209584,0.209584,"chr036849.1",30530001,30630000
"NC_036849.1",31210000,0.0044365,0.0113911,0.231435,0.231435,"chr036849.1",31160001,31260000
"NC_036849.1",31220000,0.00665682,0.00743121,0.218609,0.218609,"chr036849.1",31170001,31270000
"NC_036850.1",1280000,0.0874296,0.28458,0,0.28458,"chr036850.1",1230001,1330000
"NC_036850.1",1290000,0.0868931,0.268894,0,0.268894,"chr036850.1",1240001,1340000
"NC_036850.1",1300000,0.0786342,0.243658,0,0.243658,"chr036850.1",1250001,1350000
"NC_036850.1",1310000,0.077274,0.251524,0,0.251524,"chr036850.1",1260001,1360000
"NC_036850.1",1320000,0.0645904,0.258598,0,0.258598,"chr036850.1",1270001,1370000
"NC_036850.1",1330000,0.0607645,0.273256,0,0.273256,"chr036850.1",1280001,1380000
"NC_036850.1",1340000,0.0606002,0.277925,0,0.277925,"chr036850.1",1290001,1390000
"NC_036850.1",1350000,0.0547663,0.286331,0,0.286331,"chr036850.1",1300001,1400000
"NC_036850.1",1360000,0.0477408,0.279866,0,0.279866,"chr036850.1",1310001,1410000
"NC_036850.1",1370000,0.0309166,0.24724,0,0.24724,"chr036850.1",1320001,1420000
"NC_036850.1",1600000,0,0,0.246697,0.246697,"chr036850.1",1550001,1650000
"NC_036850.1",1610000,0,0,0.370865,0.370865,"chr036850.1",1560001,1660000
"NC_036850.1",1620000,0,0,0.371913,0.371913,"chr036850.1",1570001,1670000
"NC_036850.1",1630000,0,0,0.443603,0.443603,"chr036850.1",1580001,1680000
"NC_036850.1",1640000,0,0,0.462334,0.462334,"chr036850.1",1590001,1690000
"NC_036850.1",1650000,0,0,0.456901,0.456901,"chr036850.1",1600001,1700000
"NC_036850.1",1660000,0,0.0180254,0.413184,0.413184,"chr036850.1",1610001,1710000
"NC_036850.1",1670000,0,0.0143168,0.420564,0.420564,"chr036850.1",1620001,1720000
"NC_036850.1",1680000,0,0,0.403419,0.403419,"chr036850.1",1630001,1730000
"NC_036850.1",1690000,0,0.0528087,0.315805,0.315805,"chr036850.1",1640001,1740000
"NC_036850.1",1820000,0.0479937,0,0.254682,0.254682,"chr036850.1",1770001,1870000
"NC_036850.1",1830000,0,0,0.256439,0.256439,"chr036850.1",1780001,1880000
"NC_036850.1",1840000,0,0,0.215963,0.215963,"chr036850.1",1790001,1890000
"NC_036850.1",2880000,0.216007,0.0862553,0,0.216007,"chr036850.1",2830001,2930000
"NC_036850.1",2990000,0.0256494,0.250732,0.0909169,0.250732,"chr036850.1",2940001,3040000
"NC_036850.1",3e+06,0.0529709,0.294506,0.11659,0.294506,"chr036850.1",2950001,3050000
"NC_036850.1",3010000,0.0616702,0.296248,0.14904,0.296248,"chr036850.1",2960001,3060000
"NC_036850.1",3020000,0.0513498,0.270978,0.159789,0.270978,"chr036850.1",2970001,3070000
"NC_036850.1",3030000,0.0591633,0.28328,0.167664,0.28328,"chr036850.1",2980001,3080000
"NC_036850.1",3040000,0.0673389,0.289065,0.165169,0.289065,"chr036850.1",2990001,3090000
"NC_036850.1",3050000,0.0473837,0.287407,0.16291,0.287407,"chr036850.1",3000001,3100000
"NC_036850.1",3060000,0.0679076,0.27065,0.155611,0.27065,"chr036850.1",3010001,3110000
"NC_036850.1",3070000,0.0840813,0.270463,0.160377,0.270463,"chr036850.1",3020001,3120000
"NC_036850.1",3080000,0.097128,0.303281,0.178141,0.303281,"chr036850.1",3030001,3130000
"NC_036850.1",3090000,0.100759,0.278701,0.167823,0.278701,"chr036850.1",3040001,3140000
"NC_036850.1",3100000,0.0760044,0.289178,0.159423,0.289178,"chr036850.1",3050001,3150000
"NC_036850.1",3110000,0.0734783,0.302885,0.109303,0.302885,"chr036850.1",3060001,3160000
"NC_036850.1",3120000,0.07571,0.304265,0.0942452,0.304265,"chr036850.1",3070001,3170000
"NC_036850.1",3130000,0.0703071,0.294795,0.0684379,0.294795,"chr036850.1",3080001,3180000
"NC_036850.1",3140000,0.0665925,0.32154,0.0551675,0.32154,"chr036850.1",3090001,3190000
"NC_036850.1",3150000,0.0701345,0.324491,0.0421566,0.324491,"chr036850.1",3100001,3200000
"NC_036850.1",3160000,0.0561163,0.298111,0.00986303,0.298111,"chr036850.1",3110001,3210000
"NC_036850.1",3170000,0.046748,0.306597,0,0.306597,"chr036850.1",3120001,3220000
"NC_036850.1",3180000,0.0538568,0.333796,0,0.333796,"chr036850.1",3130001,3230000
"NC_036850.1",3190000,0.0519096,0.342043,0,0.342043,"chr036850.1",3140001,3240000
"NC_036850.1",3200000,0.0537981,0.35077,0,0.35077,"chr036850.1",3150001,3250000
"NC_036850.1",3210000,0.0545244,0.356266,0,0.356266,"chr036850.1",3160001,3260000
"NC_036850.1",3220000,0.046477,0.361946,0.000297089,0.361946,"chr036850.1",3170001,3270000
"NC_036850.1",3230000,0.0447487,0.373717,0.00663775,0.373717,"chr036850.1",3180001,3280000
"NC_036850.1",3240000,0.0402567,0.343308,0.0156225,0.343308,"chr036850.1",3190001,3290000
"NC_036850.1",3250000,0.0516539,0.348427,0.00150738,0.348427,"chr036850.1",3200001,3300000
"NC_036850.1",3260000,0.0468589,0.395843,0.0165052,0.395843,"chr036850.1",3210001,3310000
"NC_036850.1",3270000,0.0398824,0.375388,0.0113292,0.375388,"chr036850.1",3220001,3320000
"NC_036850.1",3280000,0.0448773,0.359951,0.0150698,0.359951,"chr036850.1",3230001,3330000
"NC_036850.1",3290000,0.0455108,0.360488,0.0145693,0.360488,"chr036850.1",3240001,3340000
"NC_036850.1",3300000,0.0477461,0.353974,0.013174,0.353974,"chr036850.1",3250001,3350000
"NC_036850.1",3310000,0.0450674,0.352229,0.0089583,0.352229,"chr036850.1",3260001,3360000
"NC_036850.1",3320000,0.0516145,0.346616,0.00410481,0.346616,"chr036850.1",3270001,3370000
"NC_036850.1",3330000,0.062183,0.31452,0.00418565,0.31452,"chr036850.1",3280001,3380000
"NC_036850.1",3340000,0.0860368,0.275822,0.00192879,0.275822,"chr036850.1",3290001,3390000
"NC_036850.1",3350000,0.102711,0.233642,0.0195915,0.233642,"chr036850.1",3300001,3400000
"NC_036850.1",3360000,0.153712,0.206976,0.0299313,0.206976,"chr036850.1",3310001,3410000
"NC_036850.1",3370000,0.204932,0.213231,0.0633791,0.213231,"chr036850.1",3320001,3420000
"NC_036850.1",3380000,0.196892,0.201493,0.054495,0.201493,"chr036850.1",3330001,3430000
"NC_036850.1",3390000,0.237368,0.178585,0.0644033,0.237368,"chr036850.1",3340001,3440000
"NC_036850.1",3400000,0.273472,0.118624,0.065627,0.273472,"chr036850.1",3350001,3450000
"NC_036850.1",3410000,0.291785,0.10271,0.0676301,0.291785,"chr036850.1",3360001,3460000
"NC_036850.1",3420000,0.264815,0.100896,0.0600329,0.264815,"chr036850.1",3370001,3470000
"NC_036850.1",3430000,0.279198,0.113725,0.0628028,0.279198,"chr036850.1",3380001,3480000
"NC_036850.1",3440000,0.248123,0.13031,0.0654884,0.248123,"chr036850.1",3390001,3490000
"NC_036850.1",3450000,0.253544,0.125087,0.0806746,0.253544,"chr036850.1",3400001,3500000
"NC_036850.1",3460000,0.254757,0.100536,0.0747489,0.254757,"chr036850.1",3410001,3510000
"NC_036850.1",3570000,0.336773,0.0667954,0.027025,0.336773,"chr036850.1",3520001,3620000
"NC_036850.1",3580000,0.325806,0.061561,0.0225795,0.325806,"chr036850.1",3530001,3630000
"NC_036850.1",3590000,0.349743,0.0609365,0.0228144,0.349743,"chr036850.1",3540001,3640000
"NC_036850.1",3600000,0.393628,0.0483295,0.0555556,0.393628,"chr036850.1",3550001,3650000
"NC_036850.1",3610000,0.380415,0.0574442,0.0615353,0.380415,"chr036850.1",3560001,3660000
"NC_036850.1",3620000,0.398251,0.0787521,0.074016,0.398251,"chr036850.1",3570001,3670000
"NC_036850.1",3630000,0.406439,0.0831846,0.0712457,0.406439,"chr036850.1",3580001,3680000
"NC_036850.1",3640000,0.385026,0.0931351,0.0667434,0.385026,"chr036850.1",3590001,3690000
"NC_036850.1",3650000,0.392355,0.0889508,0.0645528,0.392355,"chr036850.1",3600001,3700000
"NC_036850.1",3660000,0.397852,0.104325,0.0663033,0.397852,"chr036850.1",3610001,3710000
"NC_036850.1",3670000,0.417993,0.0910328,0.0671294,0.417993,"chr036850.1",3620001,3720000
"NC_036850.1",3680000,0.454158,0.130159,0.0859802,0.454158,"chr036850.1",3630001,3730000
"NC_036850.1",3690000,0.327259,0.0921377,0.0678104,0.327259,"chr036850.1",3640001,3740000
"NC_036850.1",3700000,0.329297,0.0985861,0.0573441,0.329297,"chr036850.1",3650001,3750000
"NC_036850.1",3710000,0.335043,0.0970313,0.0505107,0.335043,"chr036850.1",3660001,3760000
"NC_036850.1",3720000,0.330117,0.0792581,0.0461648,0.330117,"chr036850.1",3670001,3770000
"NC_036850.1",3730000,0.307682,0.0772098,0.0423568,0.307682,"chr036850.1",3680001,3780000
"NC_036850.1",3740000,0.311112,0.0809007,0.0419892,0.311112,"chr036850.1",3690001,3790000
"NC_036850.1",3750000,0.303787,0.0844236,0.0395243,0.303787,"chr036850.1",3700001,3800000
"NC_036850.1",3760000,0.312331,0.0727888,0.0433753,0.312331,"chr036850.1",3710001,3810000
"NC_036850.1",3770000,0.307618,0.0784893,0.0541777,0.307618,"chr036850.1",3720001,3820000
"NC_036850.1",3780000,0.270187,0.0584573,0.0377849,0.270187,"chr036850.1",3730001,3830000
"NC_036850.1",3790000,0.384171,0.0853464,0.046006,0.384171,"chr036850.1",3740001,3840000
"NC_036850.1",3800000,0.373252,0.0817248,0.0459584,0.373252,"chr036850.1",3750001,3850000
"NC_036850.1",3810000,0.3757,0.0935981,0.0451374,0.3757,"chr036850.1",3760001,3860000
"NC_036850.1",3820000,0.350867,0.0999351,0.0430694,0.350867,"chr036850.1",3770001,3870000
"NC_036850.1",3830000,0.361634,0.0989702,0.0467965,0.361634,"chr036850.1",3780001,3880000
"NC_036850.1",3840000,0.259737,0.064824,0.0340259,0.259737,"chr036850.1",3790001,3890000
"NC_036850.1",3850000,0.263881,0.0611843,0.0335684,0.263881,"chr036850.1",3800001,3900000
"NC_036850.1",3860000,0.25144,0.0610993,0.0356699,0.25144,"chr036850.1",3810001,3910000
"NC_036850.1",3870000,0.228103,0.0579241,0.034668,0.228103,"chr036850.1",3820001,3920000
"NC_036850.1",3880000,0.231316,0.0437778,0.032328,0.231316,"chr036850.1",3830001,3930000
"NC_036850.1",6730000,0,0.248119,0.0330251,0.248119,"chr036850.1",6680001,6780000
"NC_036850.1",6740000,0,0.265437,0.0422933,0.265437,"chr036850.1",6690001,6790000
"NC_036850.1",6750000,0,0.22602,0.053973,0.22602,"chr036850.1",6700001,6800000
"NC_036850.1",6760000,0,0.225656,0.0536232,0.225656,"chr036850.1",6710001,6810000
"NC_036850.1",8370000,0.0527924,0.219359,0,0.219359,"chr036850.1",8320001,8420000
"NC_036850.1",8380000,0.0499521,0.273187,0,0.273187,"chr036850.1",8330001,8430000
"NC_036850.1",8390000,0.0482366,0.283789,0,0.283789,"chr036850.1",8340001,8440000
"NC_036850.1",8400000,0.0411272,0.254109,0.00859928,0.254109,"chr036850.1",8350001,8450000
"NC_036850.1",8410000,0.0436975,0.233918,0.0176993,0.233918,"chr036850.1",8360001,8460000
"NC_036850.1",8420000,0.0330237,0.22663,0.00609537,0.22663,"chr036850.1",8370001,8470000
"NC_036850.1",8430000,0.0267156,0.258241,0.0169772,0.258241,"chr036850.1",8380001,8480000
"NC_036850.1",8440000,0.0287058,0.232722,0.0340189,0.232722,"chr036850.1",8390001,8490000
"NC_036850.1",8450000,0.0153753,0.204755,0.0370795,0.204755,"chr036850.1",8400001,8500000
"NC_036851.1",480000,0.0442684,0.201065,0,0.201065,"chr036851.1",430001,530000
"NC_036851.1",490000,0.0276885,0.293567,0,0.293567,"chr036851.1",440001,540000
"NC_036851.1",5e+05,0.0250334,0.338863,0.00890595,0.338863,"chr036851.1",450001,550000
"NC_036851.1",510000,0.0235045,0.397702,0.00497951,0.397702,"chr036851.1",460001,560000
"NC_036851.1",520000,0.0220802,0.305946,0,0.305946,"chr036851.1",470001,570000
"NC_036851.1",530000,0.0220612,0.313221,0,0.313221,"chr036851.1",480001,580000
"NC_036851.1",540000,0.00907189,0.219966,0.0211989,0.219966,"chr036851.1",490001,590000
"NC_036851.1",550000,0.00880061,0.225152,0.027146,0.225152,"chr036851.1",500001,6e+05
"NC_036851.1",560000,0.00489927,0.227038,0.0261427,0.227038,"chr036851.1",510001,610000
"NC_036851.1",570000,0.00246185,0.206684,0.0301216,0.206684,"chr036851.1",520001,620000
"NC_036851.1",640000,0.0582991,0.225907,0.0102347,0.225907,"chr036851.1",590001,690000
"NC_036851.1",650000,0.0547685,0.225941,0.00389896,0.225941,"chr036851.1",600001,7e+05
"NC_036851.1",660000,0.0619287,0.226496,0.0047541,0.226496,"chr036851.1",610001,710000
"NC_036851.1",670000,0.0617721,0.220716,0.00392561,0.220716,"chr036851.1",620001,720000
"NC_036851.1",680000,0.0720956,0.224963,0,0.224963,"chr036851.1",630001,730000
"NC_036851.1",690000,0.0618748,0.199871,0,0.199871,"chr036851.1",640001,740000
"NC_036851.1",710000,0.00634254,0.20818,0.00551998,0.20818,"chr036851.1",660001,760000
"NC_036851.1",720000,0.0221422,0.312197,0,0.312197,"chr036851.1",670001,770000
"NC_036851.1",730000,0.0201013,0.241584,0,0.241584,"chr036851.1",680001,780000
"NC_036851.1",740000,0.0194215,0.200052,0,0.200052,"chr036851.1",690001,790000
"NC_036851.1",3870000,0,0.394719,0,0.394719,"chr036851.1",3820001,3920000
"NC_036851.1",3880000,0,0.429946,0,0.429946,"chr036851.1",3830001,3930000
"NC_036851.1",3890000,0,0.350227,0,0.350227,"chr036851.1",3840001,3940000
"NC_036851.1",3900000,0,0.328337,0,0.328337,"chr036851.1",3850001,3950000
"NC_036851.1",3910000,0,0.323526,0,0.323526,"chr036851.1",3860001,3960000
"NC_036851.1",3920000,0,0.325847,0,0.325847,"chr036851.1",3870001,3970000
"NC_036851.1",3930000,0,0.335476,0,0.335476,"chr036851.1",3880001,3980000
"NC_036851.1",3940000,0,0.324761,0,0.324761,"chr036851.1",3890001,3990000
"NC_036851.1",3950000,0,0.312595,0,0.312595,"chr036851.1",3900001,4e+06
"NC_036851.1",3960000,0,0.216699,0,0.216699,"chr036851.1",3910001,4010000
"NC_036851.1",3970000,0,0.199946,0,0.199946,"chr036851.1",3920001,4020000
"NC_036851.1",4330000,0.152202,0.209672,0.150885,0.209672,"chr036851.1",4280001,4380000
"NC_036851.1",4340000,0.149067,0.21605,0.138265,0.21605,"chr036851.1",4290001,4390000
"NC_036851.1",4350000,0.149172,0.222526,0.142511,0.222526,"chr036851.1",4300001,4400000
"NC_036851.1",5310000,0.238892,0,0.0471037,0.238892,"chr036851.1",5260001,5360000
"NC_036851.1",5320000,0.207524,0,0.0408274,0.207524,"chr036851.1",5270001,5370000
"NC_036851.1",5590000,0,0.204879,0.0240684,0.204879,"chr036851.1",5540001,5640000
"NC_036851.1",5600000,0,0.244028,0.00636763,0.244028,"chr036851.1",5550001,5650000
"NC_036851.1",5610000,0.00763417,0.245124,0,0.245124,"chr036851.1",5560001,5660000
"NC_036851.1",5720000,0,0.095904,0.24979,0.24979,"chr036851.1",5670001,5770000
"NC_036851.1",5730000,0,0.114174,0.231091,0.231091,"chr036851.1",5680001,5780000
"NC_036851.1",5740000,0,0.118761,0.276021,0.276021,"chr036851.1",5690001,5790000
"NC_036851.1",5750000,0.00379548,0.129074,0.303027,0.303027,"chr036851.1",5700001,5800000
"NC_036851.1",5760000,0.00658934,0.129344,0.281277,0.281277,"chr036851.1",5710001,5810000
"NC_036851.1",5770000,0.0144369,0.140736,0.296371,0.296371,"chr036851.1",5720001,5820000
"NC_036851.1",5780000,0.0316469,0.15955,0.304159,0.304159,"chr036851.1",5730001,5830000
"NC_036851.1",5790000,0.0285349,0.152721,0.297748,0.297748,"chr036851.1",5740001,5840000
"NC_036851.1",5800000,0.0302062,0.109261,0.235118,0.235118,"chr036851.1",5750001,5850000
"NC_036851.1",5810000,0.0259354,0.103698,0.225164,0.225164,"chr036851.1",5760001,5860000
"NC_036851.1",5840000,0.0371637,0.104547,0.208715,0.208715,"chr036851.1",5790001,5890000
"NC_036851.1",5850000,0.06166,0.121044,0.218434,0.218434,"chr036851.1",5800001,5900000
"NC_036851.1",5860000,0.0723713,0.16097,0.288933,0.288933,"chr036851.1",5810001,5910000
"NC_036851.1",5870000,0.0810355,0.154674,0.291311,0.291311,"chr036851.1",5820001,5920000
"NC_036851.1",5880000,0.0808345,0.154827,0.285032,0.285032,"chr036851.1",5830001,5930000
"NC_036851.1",5890000,0.0742212,0.139701,0.269055,0.269055,"chr036851.1",5840001,5940000
"NC_036851.1",5900000,0.0754074,0.143106,0.272758,0.272758,"chr036851.1",5850001,5950000
"NC_036851.1",5910000,0.074189,0.141161,0.261255,0.261255,"chr036851.1",5860001,5960000
"NC_036851.1",5920000,0.0707351,0.130153,0.240269,0.240269,"chr036851.1",5870001,5970000
"NC_036851.1",5930000,0.0704501,0.139544,0.24553,0.24553,"chr036851.1",5880001,5980000
"NC_036851.1",5940000,0.0639545,0.154958,0.243218,0.243218,"chr036851.1",5890001,5990000
"NC_036851.1",5950000,0.0438874,0.132272,0.23943,0.23943,"chr036851.1",5900001,6e+06
"NC_036851.1",5960000,0.0442876,0.128445,0.226175,0.226175,"chr036851.1",5910001,6010000
"NC_036851.1",5970000,0.021513,0.133597,0.210309,0.210309,"chr036851.1",5920001,6020000
"NC_036851.1",5980000,0.0124417,0.135878,0.241899,0.241899,"chr036851.1",5930001,6030000
"NC_036851.1",6010000,0,0.073027,0.208895,0.208895,"chr036851.1",5960001,6060000
"NC_036851.1",11730000,0.26545,0,0,0.26545,"chr036851.1",11680001,11780000
"NC_036851.1",11740000,0.29543,0,0,0.29543,"chr036851.1",11690001,11790000
"NC_036851.1",11750000,0.345033,0,0,0.345033,"chr036851.1",11700001,11800000
"NC_036851.1",11760000,0.408667,0,0,0.408667,"chr036851.1",11710001,11810000
"NC_036851.1",11770000,0.426003,0,0,0.426003,"chr036851.1",11720001,11820000
"NC_036851.1",11780000,0.421214,0,0,0.421214,"chr036851.1",11730001,11830000
"NC_036851.1",11790000,0.402409,0,0,0.402409,"chr036851.1",11740001,11840000
"NC_036851.1",11800000,0.425707,0,0,0.425707,"chr036851.1",11750001,11850000
"NC_036851.1",11810000,0.410145,0,0,0.410145,"chr036851.1",11760001,11860000
"NC_036851.1",11820000,0.549523,0,0,0.549523,"chr036851.1",11770001,11870000
"NC_036851.1",11830000,0.546471,0,0,0.546471,"chr036851.1",11780001,11880000
"NC_036851.1",11840000,0.50444,0,0,0.50444,"chr036851.1",11790001,11890000
"NC_036851.1",11850000,0.471984,0,0,0.471984,"chr036851.1",11800001,11900000
"NC_036851.1",11860000,0.34074,0,0,0.34074,"chr036851.1",11810001,11910000
"NC_036851.1",11870000,0.315553,0,0,0.315553,"chr036851.1",11820001,11920000
"NC_036851.1",11880000,0.271667,0,0,0.271667,"chr036851.1",11830001,11930000
"NC_036851.1",12730000,0.223178,0,0,0.223178,"chr036851.1",12680001,12780000
"NC_036851.1",12740000,0.281011,0,0,0.281011,"chr036851.1",12690001,12790000
"NC_036851.1",12750000,0.28127,0,0,0.28127,"chr036851.1",12700001,12800000
"NC_036851.1",12760000,0.304047,0,0,0.304047,"chr036851.1",12710001,12810000
"NC_036851.1",12770000,0.290619,0,0,0.290619,"chr036851.1",12720001,12820000
"NC_036851.1",12780000,0.294754,0,0,0.294754,"chr036851.1",12730001,12830000
"NC_036851.1",12790000,0.310422,0,0,0.310422,"chr036851.1",12740001,12840000
"NC_036851.1",12800000,0.341029,0,0,0.341029,"chr036851.1",12750001,12850000
"NC_036851.1",12810000,0.318987,0,0,0.318987,"chr036851.1",12760001,12860000
"NC_036851.1",12820000,0.238084,0,0.0167425,0.238084,"chr036851.1",12770001,12870000
"NC_036851.1",12860000,0.0294327,0,0.226051,0.226051,"chr036851.1",12810001,12910000
"NC_036851.1",12870000,0.000532171,0,0.283283,0.283283,"chr036851.1",12820001,12920000
"NC_036851.1",12880000,0,0,0.287479,0.287479,"chr036851.1",12830001,12930000
"NC_036851.1",12890000,0,0,0.246919,0.246919,"chr036851.1",12840001,12940000
"NC_036851.1",12900000,0,0,0.299756,0.299756,"chr036851.1",12850001,12950000
"NC_036851.1",12910000,0,0,0.366386,0.366386,"chr036851.1",12860001,12960000
"NC_036851.1",12920000,0,0,0.425445,0.425445,"chr036851.1",12870001,12970000
"NC_036851.1",12930000,0,0,0.422675,0.422675,"chr036851.1",12880001,12980000
"NC_036851.1",12940000,0,0,0.388183,0.388183,"chr036851.1",12890001,12990000
"NC_036851.1",12950000,0,0,0.389181,0.389181,"chr036851.1",12900001,1.3e+07
"NC_036851.1",12960000,0,0,0.377281,0.377281,"chr036851.1",12910001,13010000
"NC_036851.1",12970000,0,0,0.36636,0.36636,"chr036851.1",12920001,13020000
"NC_036851.1",12980000,0,0,0.38484,0.38484,"chr036851.1",12930001,13030000
"NC_036851.1",12990000,0,0,0.431057,0.431057,"chr036851.1",12940001,13040000
"NC_036851.1",1.3e+07,0,0,0.419362,0.419362,"chr036851.1",12950001,13050000
"NC_036851.1",13010000,0,0,0.317221,0.317221,"chr036851.1",12960001,13060000
"NC_036851.1",13020000,0,0,0.287097,0.287097,"chr036851.1",12970001,13070000
"NC_036851.1",13030000,0.0223594,0.00799725,0.220678,0.220678,"chr036851.1",12980001,13080000
"NC_036851.1",13040000,0.0304808,0.0142328,0.25185,0.25185,"chr036851.1",12990001,13090000
"NC_036851.1",13050000,0.0303087,4.3487e-05,0.234575,0.234575,"chr036851.1",13000001,13100000
"NC_036851.1",13060000,0.0358386,0.00612563,0.22304,0.22304,"chr036851.1",13010001,13110000
"NC_036851.1",13070000,0.0290908,0.0126485,0.302457,0.302457,"chr036851.1",13020001,13120000
"NC_036851.1",13080000,0.0248384,0.00980511,0.253762,0.253762,"chr036851.1",13030001,13130000
"NC_036851.1",13090000,0.0139311,0.00655031,0.2299,0.2299,"chr036851.1",13040001,13140000
"NC_036851.1",13100000,0.0360008,0,0.215968,0.215968,"chr036851.1",13050001,13150000
"NC_036851.1",13110000,0.0783526,0.00620439,0.248581,0.248581,"chr036851.1",13060001,13160000
"NC_036851.1",13120000,0.10604,0.00391797,0.241235,0.241235,"chr036851.1",13070001,13170000
"NC_036851.1",13130000,0.0818382,0,0.235384,0.235384,"chr036851.1",13080001,13180000
"NC_036851.1",14110000,0.221507,0.0262204,0,0.221507,"chr036851.1",14060001,14160000
"NC_036851.1",14120000,0.284796,0.0531143,0,0.284796,"chr036851.1",14070001,14170000
"NC_036851.1",14130000,0.315931,0.0768531,0,0.315931,"chr036851.1",14080001,14180000
"NC_036851.1",14140000,0.244146,0.0791203,0,0.244146,"chr036851.1",14090001,14190000
"NC_036851.1",14150000,0.251687,0.0837919,0,0.251687,"chr036851.1",14100001,14200000
"NC_036851.1",14160000,0.215429,0.0754691,0.00857162,0.215429,"chr036851.1",14110001,14210000
"NC_036851.1",14170000,0.23539,0.077396,0.0160937,0.23539,"chr036851.1",14120001,14220000
"NC_036851.1",14180000,0.250308,0.0824535,0.0421814,0.250308,"chr036851.1",14130001,14230000
"NC_036851.1",14190000,0.256314,0.087625,0.0439331,0.256314,"chr036851.1",14140001,14240000
"NC_036851.1",14200000,0.259106,0.0938438,0.0425519,0.259106,"chr036851.1",14150001,14250000
"NC_036851.1",14210000,0.245379,0.0937074,0.0551715,0.245379,"chr036851.1",14160001,14260000
"NC_036851.1",14220000,0.229272,0.0921921,0.0451545,0.229272,"chr036851.1",14170001,14270000
"NC_036851.1",14260000,0.200929,0.185562,0,0.200929,"chr036851.1",14210001,14310000
"NC_036851.1",15200000,0.143433,0.220835,0.166854,0.220835,"chr036851.1",15150001,15250000
"NC_036851.1",15210000,0.152177,0.237194,0.16431,0.237194,"chr036851.1",15160001,15260000
"NC_036851.1",15220000,0.170945,0.255643,0.178684,0.255643,"chr036851.1",15170001,15270000
"NC_036851.1",15230000,0.172127,0.25864,0.183753,0.25864,"chr036851.1",15180001,15280000
"NC_036851.1",15240000,0.167691,0.24913,0.179429,0.24913,"chr036851.1",15190001,15290000
"NC_036851.1",15250000,0.282269,0.364614,0.313469,0.364614,"chr036851.1",15200001,15300000
"NC_036851.1",15260000,0.274947,0.343104,0.294738,0.343104,"chr036851.1",15210001,15310000
"NC_036851.1",15270000,0.212005,0.307148,0.24568,0.307148,"chr036851.1",15220001,15320000
"NC_036851.1",15280000,0.232993,0.332197,0.232863,0.332197,"chr036851.1",15230001,15330000
"NC_036851.1",15290000,0.174442,0.2805,0.179898,0.2805,"chr036851.1",15240001,15340000
"NC_036851.1",15550000,0,0.209763,0,0.209763,"chr036851.1",15500001,15600000
"NC_036851.1",15560000,0,0.274244,0,0.274244,"chr036851.1",15510001,15610000
"NC_036851.1",15570000,0,0.298828,0,0.298828,"chr036851.1",15520001,15620000
"NC_036851.1",15580000,0,0.308615,0,0.308615,"chr036851.1",15530001,15630000
"NC_036851.1",15590000,0,0.370681,0,0.370681,"chr036851.1",15540001,15640000
"NC_036851.1",15600000,0,0.383697,0,0.383697,"chr036851.1",15550001,15650000
"NC_036851.1",15610000,0,0.346526,0,0.346526,"chr036851.1",15560001,15660000
"NC_036851.1",15620000,0.00771217,0.27048,0,0.27048,"chr036851.1",15570001,15670000
"NC_036851.1",15630000,0.0664584,0.243086,0,0.243086,"chr036851.1",15580001,15680000
"NC_036851.1",16090000,0.107799,0.229232,0,0.229232,"chr036851.1",16040001,16140000
"NC_036851.1",16100000,0.10196,0.220758,0,0.220758,"chr036851.1",16050001,16150000
"NC_036851.1",16110000,0.083112,0.232495,0,0.232495,"chr036851.1",16060001,16160000
"NC_036851.1",16120000,0.0677716,0.20846,0,0.20846,"chr036851.1",16070001,16170000
"NC_036851.1",16130000,0.0651401,0.207709,0,0.207709,"chr036851.1",16080001,16180000
"NC_036851.1",16240000,0.176995,0.281318,0.0118451,0.281318,"chr036851.1",16190001,16290000
"NC_036851.1",16250000,0.176659,0.305897,0.0421461,0.305897,"chr036851.1",16200001,16300000
"NC_036851.1",16260000,0.215936,0.283705,0.0951273,0.283705,"chr036851.1",16210001,16310000
"NC_036851.1",16360000,0.0532522,0,0.203191,0.203191,"chr036851.1",16310001,16410000
"NC_036851.1",16370000,0.0611574,0,0.270339,0.270339,"chr036851.1",16320001,16420000
"NC_036851.1",16380000,0.0656036,0,0.291368,0.291368,"chr036851.1",16330001,16430000
"NC_036851.1",16390000,0.0541741,0.00652789,0.256735,0.256735,"chr036851.1",16340001,16440000
"NC_036851.1",16400000,0.0549151,0.00614522,0.240167,0.240167,"chr036851.1",16350001,16450000
"NC_036851.1",16410000,0.0441193,0.00742594,0.241834,0.241834,"chr036851.1",16360001,16460000
"NC_036851.1",16420000,0.0457106,0.0155461,0.255545,0.255545,"chr036851.1",16370001,16470000
"NC_036851.1",16430000,0.0412125,0.0190224,0.212636,0.212636,"chr036851.1",16380001,16480000
"NC_036851.1",16440000,0.039583,0.0257535,0.219461,0.219461,"chr036851.1",16390001,16490000
"NC_036851.1",16450000,0.0428298,0.0238637,0.230783,0.230783,"chr036851.1",16400001,16500000
"NC_036851.1",16460000,0.0333735,0.0297033,0.22273,0.22273,"chr036851.1",16410001,16510000
"NC_036851.1",16500000,0.0471468,0.0818219,0.217225,0.217225,"chr036851.1",16450001,16550000
"NC_036851.1",16510000,0.0445418,0.0845865,0.218987,0.218987,"chr036851.1",16460001,16560000
"NC_036851.1",16520000,0.0490811,0.101831,0.234844,0.234844,"chr036851.1",16470001,16570000
"NC_036851.1",16530000,0.0570101,0.154022,0.278077,0.278077,"chr036851.1",16480001,16580000
"NC_036851.1",16540000,0.0702556,0.14628,0.241485,0.241485,"chr036851.1",16490001,16590000
"NC_036851.1",16550000,0.0653497,0.163571,0.231587,0.231587,"chr036851.1",16500001,16600000
"NC_036851.1",16560000,0.0817274,0.161572,0.215188,0.215188,"chr036851.1",16510001,16610000
"NC_036851.1",16570000,0.0994246,0.170948,0.232445,0.232445,"chr036851.1",16520001,16620000
"NC_036851.1",16580000,0.0846063,0.187952,0.251407,0.251407,"chr036851.1",16530001,16630000
"NC_036851.1",18310000,0,0.0861517,0.250782,0.250782,"chr036851.1",18260001,18360000
"NC_036851.1",18320000,0,0.0692656,0.296185,0.296185,"chr036851.1",18270001,18370000
"NC_036851.1",18330000,0,0.0397642,0.331722,0.331722,"chr036851.1",18280001,18380000
"NC_036851.1",18340000,0,0.00338024,0.355114,0.355114,"chr036851.1",18290001,18390000
"NC_036851.1",18350000,0,0,0.36596,0.36596,"chr036851.1",18300001,18400000
"NC_036851.1",18360000,0,0,0.418614,0.418614,"chr036851.1",18310001,18410000
"NC_036851.1",18370000,0,0,0.427858,0.427858,"chr036851.1",18320001,18420000
"NC_036851.1",18380000,0,0,0.465551,0.465551,"chr036851.1",18330001,18430000
"NC_036851.1",18390000,0,0,0.376237,0.376237,"chr036851.1",18340001,18440000
"NC_036851.1",18400000,0,0,0.39722,0.39722,"chr036851.1",18350001,18450000
"NC_036851.1",18410000,0,0,0.342266,0.342266,"chr036851.1",18360001,18460000
"NC_036851.1",18420000,0,0.00149903,0.307755,0.307755,"chr036851.1",18370001,18470000
"NC_036851.1",18430000,0,0,0.286621,0.286621,"chr036851.1",18380001,18480000
"NC_036851.1",18440000,0,0.00252316,0.28885,0.28885,"chr036851.1",18390001,18490000
"NC_036851.1",18450000,0,0.0209492,0.268163,0.268163,"chr036851.1",18400001,18500000
"NC_036851.1",18600000,0,0,0.262038,0.262038,"chr036851.1",18550001,18650000
"NC_036851.1",18610000,0,0,0.250394,0.250394,"chr036851.1",18560001,18660000
"NC_036851.1",18620000,0,0,0.240948,0.240948,"chr036851.1",18570001,18670000
"NC_036851.1",18630000,0,0,0.258792,0.258792,"chr036851.1",18580001,18680000
"NC_036851.1",18640000,0,0,0.247019,0.247019,"chr036851.1",18590001,18690000
"NC_036851.1",18650000,0,0,0.264939,0.264939,"chr036851.1",18600001,18700000
"NC_036851.1",18660000,0,0,0.247999,0.247999,"chr036851.1",18610001,18710000
"NC_036851.1",18670000,0,0,0.246027,0.246027,"chr036851.1",18620001,18720000
"NC_036851.1",18680000,0,0,0.2611,0.2611,"chr036851.1",18630001,18730000
"NC_036851.1",18690000,0,0,0.25195,0.25195,"chr036851.1",18640001,18740000
"NC_036851.1",18700000,0,0,0.222285,0.222285,"chr036851.1",18650001,18750000
"NC_036851.1",18710000,0,0,0.243075,0.243075,"chr036851.1",18660001,18760000
"NC_036851.1",18720000,0,0,0.248668,0.248668,"chr036851.1",18670001,18770000
"NC_036851.1",18730000,0,0,0.207025,0.207025,"chr036851.1",18680001,18780000
"NC_036851.1",18740000,0.0174032,0.00558143,0.215269,0.215269,"chr036851.1",18690001,18790000
"NC_036851.1",18760000,0,0.0110563,0.208018,0.208018,"chr036851.1",18710001,18810000
"NC_036851.1",18770000,0.00534739,0.0116342,0.204117,0.204117,"chr036851.1",18720001,18820000
"NC_036851.1",20200000,0,0.224771,0,0.224771,"chr036851.1",20150001,20250000
"NC_036851.1",20230000,0,0.202888,0,0.202888,"chr036851.1",20180001,20280000
"NC_036851.1",20240000,0,0.205841,0,0.205841,"chr036851.1",20190001,20290000
"NC_036851.1",20250000,0,0.235389,0,0.235389,"chr036851.1",20200001,20300000
"NC_036851.1",20260000,0,0.23461,0,0.23461,"chr036851.1",20210001,20310000
"NC_036851.1",20270000,0,0.264906,0,0.264906,"chr036851.1",20220001,20320000
"NC_036851.1",20280000,0,0.265057,0,0.265057,"chr036851.1",20230001,20330000
"NC_036851.1",20290000,0,0.259834,0,0.259834,"chr036851.1",20240001,20340000
"NC_036851.1",20300000,0,0.257779,0,0.257779,"chr036851.1",20250001,20350000
"NC_036851.1",20310000,0,0.36434,0,0.36434,"chr036851.1",20260001,20360000
"NC_036851.1",20320000,0,0.402048,0,0.402048,"chr036851.1",20270001,20370000
"NC_036851.1",20330000,0,0.417859,0,0.417859,"chr036851.1",20280001,20380000
"NC_036851.1",20340000,0,0.460412,0,0.460412,"chr036851.1",20290001,20390000
"NC_036851.1",20350000,0,0.480147,0,0.480147,"chr036851.1",20300001,20400000
"NC_036851.1",20360000,0,0.535934,0,0.535934,"chr036851.1",20310001,20410000
"NC_036851.1",20370000,0,0.433549,0,0.433549,"chr036851.1",20320001,20420000
"NC_036851.1",20380000,0,0.372638,0,0.372638,"chr036851.1",20330001,20430000
"NC_036851.1",20390000,0,0.369186,0,0.369186,"chr036851.1",20340001,20440000
"NC_036851.1",20400000,0,0.321829,0,0.321829,"chr036851.1",20350001,20450000
"NC_036851.1",20410000,0,0.277426,0,0.277426,"chr036851.1",20360001,20460000
"NC_036851.1",20420000,0,0.214996,0,0.214996,"chr036851.1",20370001,20470000
"NC_036851.1",20430000,0,0.213631,0,0.213631,"chr036851.1",20380001,20480000
"NC_036851.1",20440000,0,0.223127,0,0.223127,"chr036851.1",20390001,20490000
"NC_036851.1",20450000,0,0.252317,0,0.252317,"chr036851.1",20400001,20500000
"NC_036851.1",20460000,0,0.26957,0,0.26957,"chr036851.1",20410001,20510000
"NC_036851.1",20470000,0,0.304211,0,0.304211,"chr036851.1",20420001,20520000
"NC_036851.1",20480000,0,0.345973,0,0.345973,"chr036851.1",20430001,20530000
"NC_036851.1",20490000,0,0.351856,0,0.351856,"chr036851.1",20440001,20540000
"NC_036851.1",20500000,0,0.39595,0,0.39595,"chr036851.1",20450001,20550000
"NC_036851.1",20510000,0,0.428457,0,0.428457,"chr036851.1",20460001,20560000
"NC_036851.1",20520000,0,0.50419,0,0.50419,"chr036851.1",20470001,20570000
"NC_036851.1",20530000,0,0.491458,0,0.491458,"chr036851.1",20480001,20580000
"NC_036851.1",20540000,0,0.422525,0,0.422525,"chr036851.1",20490001,20590000
"NC_036851.1",20550000,0,0.309197,0,0.309197,"chr036851.1",20500001,20600000
"NC_036851.1",20560000,0,0.278256,0,0.278256,"chr036851.1",20510001,20610000
"NC_036851.1",20570000,0,0.214922,0,0.214922,"chr036851.1",20520001,20620000
"NC_036851.1",20840000,0.0402902,0.220293,0,0.220293,"chr036851.1",20790001,20890000
"NC_036851.1",20850000,0.0372996,0.239129,0,0.239129,"chr036851.1",20800001,20900000
"NC_036851.1",20860000,0.034958,0.254627,0,0.254627,"chr036851.1",20810001,20910000
"NC_036851.1",20870000,0.00994324,0.29231,0,0.29231,"chr036851.1",20820001,20920000
"NC_036851.1",20880000,0,0.330615,0,0.330615,"chr036851.1",20830001,20930000
"NC_036851.1",20890000,0,0.43943,0,0.43943,"chr036851.1",20840001,20940000
"NC_036851.1",20900000,0,0.432558,0,0.432558,"chr036851.1",20850001,20950000
"NC_036851.1",20910000,0,0.601186,0,0.601186,"chr036851.1",20860001,20960000
"NC_036851.1",20920000,0,0.469953,0,0.469953,"chr036851.1",20870001,20970000
"NC_036851.1",20930000,0,0.421473,0,0.421473,"chr036851.1",20880001,20980000
"NC_036851.1",20940000,0,0.377757,0,0.377757,"chr036851.1",20890001,20990000
"NC_036851.1",20950000,0,0.3074,0,0.3074,"chr036851.1",20900001,2.1e+07
"NC_036851.1",20960000,0,0.280376,0,0.280376,"chr036851.1",20910001,21010000
"NC_036851.1",20970000,0,0.268234,0,0.268234,"chr036851.1",20920001,21020000
"NC_036851.1",20980000,0,0.240764,0,0.240764,"chr036851.1",20930001,21030000
"NC_036851.1",20990000,0,0.199922,0,0.199922,"chr036851.1",20940001,21040000
"NC_036851.1",21020000,0,0.201287,0,0.201287,"chr036851.1",20970001,21070000
"NC_036851.1",21030000,0,0.201669,0,0.201669,"chr036851.1",20980001,21080000
"NC_036851.1",21050000,0,0.210177,0,0.210177,"chr036851.1",21000001,21100000
"NC_036851.1",22450000,0.129484,0.0580001,0.224561,0.224561,"chr036851.1",22400001,22500000
"NC_036851.1",22480000,0.0275742,0.0485663,0.206325,0.206325,"chr036851.1",22430001,22530000
"NC_036851.1",22650000,0.0945397,0.0356751,0.204476,0.204476,"chr036851.1",22600001,22700000
"NC_036851.1",22660000,0.0987294,0.0275362,0.209198,0.209198,"chr036851.1",22610001,22710000
"NC_036851.1",22680000,0.107818,0,0.231749,0.231749,"chr036851.1",22630001,22730000
"NC_036851.1",22690000,0.124224,0,0.231073,0.231073,"chr036851.1",22640001,22740000
"NC_036851.1",22700000,0.135104,0,0.255068,0.255068,"chr036851.1",22650001,22750000
"NC_036851.1",22710000,0.108667,0,0.245025,0.245025,"chr036851.1",22660001,22760000
"NC_036851.1",22720000,0.0929157,0,0.219785,0.219785,"chr036851.1",22670001,22770000
"NC_036851.1",22730000,0.0888265,0,0.216905,0.216905,"chr036851.1",22680001,22780000
"NC_036851.1",22950000,0.175249,0.247685,0.0478994,0.247685,"chr036851.1",22900001,2.3e+07
"NC_036851.1",22960000,0.18723,0.265322,0.0470814,0.265322,"chr036851.1",22910001,23010000
"NC_036851.1",22970000,0.180915,0.24763,0.0433806,0.24763,"chr036851.1",22920001,23020000
"NC_036851.1",22980000,0.186826,0.270625,0.039996,0.270625,"chr036851.1",22930001,23030000
"NC_036851.1",22990000,0.184844,0.276501,0.0244042,0.276501,"chr036851.1",22940001,23040000
"NC_036851.1",2.3e+07,0.182502,0.28005,0.0188326,0.28005,"chr036851.1",22950001,23050000
"NC_036851.1",23010000,0.183383,0.282264,0,0.282264,"chr036851.1",22960001,23060000
"NC_036851.1",23020000,0.195509,0.28438,0.00145863,0.28438,"chr036851.1",22970001,23070000
"NC_036851.1",23030000,0.217533,0.284752,0,0.284752,"chr036851.1",22980001,23080000
"NC_036851.1",29450000,0.208121,0.0357239,0.0454631,0.208121,"chr036851.1",29400001,29500000
"NC_036851.1",29460000,0.207973,0.0527999,0.058445,0.207973,"chr036851.1",29410001,29510000
"NC_036851.1",29470000,0.201995,0.0541234,0.0595065,0.201995,"chr036851.1",29420001,29520000
"NC_036851.1",29480000,0.22192,0.065629,0.0606617,0.22192,"chr036851.1",29430001,29530000
"NC_036851.1",29490000,0.199197,0.0530427,0.0501607,0.199197,"chr036851.1",29440001,29540000
"NC_036851.1",30050000,0.212413,0.0576922,0.093909,0.212413,"chr036851.1",30000001,30100000
"NC_036851.1",30060000,0.257101,0.0948889,0.102158,0.257101,"chr036851.1",30010001,30110000
"NC_036851.1",30170000,0.215851,0.0394135,0.0743649,0.215851,"chr036851.1",30120001,30220000
"NC_036851.1",30180000,0.269943,0.0341649,0.109927,0.269943,"chr036851.1",30130001,30230000
"NC_036851.1",30190000,0.273863,0.0275739,0.156328,0.273863,"chr036851.1",30140001,30240000
"NC_036851.1",30200000,0.294995,0.0300074,0.191073,0.294995,"chr036851.1",30150001,30250000
"NC_036851.1",30210000,0.328733,0.0457836,0.220054,0.328733,"chr036851.1",30160001,30260000
"NC_036851.1",30220000,0.329513,0.0427428,0.223038,0.329513,"chr036851.1",30170001,30270000
"NC_036851.1",30230000,0.328672,0.0359287,0.232777,0.328672,"chr036851.1",30180001,30280000
"NC_036851.1",30240000,0.328478,0.0242471,0.244618,0.328478,"chr036851.1",30190001,30290000
"NC_036851.1",30250000,0.312158,0.0171775,0.234511,0.312158,"chr036851.1",30200001,30300000
"NC_036851.1",30260000,0.345803,0.0460053,0.223515,0.345803,"chr036851.1",30210001,30310000
"NC_036851.1",30270000,0.370153,0.0857856,0.186163,0.370153,"chr036851.1",30220001,30320000
"NC_036851.1",30280000,0.37241,0.0881554,0.167846,0.37241,"chr036851.1",30230001,30330000
"NC_036851.1",30290000,0.390781,0.110446,0.109576,0.390781,"chr036851.1",30240001,30340000
"NC_036851.1",30300000,0.396326,0.115013,0.0886257,0.396326,"chr036851.1",30250001,30350000
"NC_036851.1",30310000,0.405654,0.121834,0.0539545,0.405654,"chr036851.1",30260001,30360000
"NC_036851.1",30320000,0.418252,0.129369,0.0400182,0.418252,"chr036851.1",30270001,30370000
"NC_036851.1",30330000,0.419861,0.129025,0.0474247,0.419861,"chr036851.1",30280001,30380000
"NC_036851.1",30340000,0.422448,0.130622,0.0464272,0.422448,"chr036851.1",30290001,30390000
"NC_036851.1",30350000,0.402396,0.120268,0.0303633,0.402396,"chr036851.1",30300001,30400000
"NC_036851.1",30360000,0.389573,0.10965,0.0158757,0.389573,"chr036851.1",30310001,30410000
"NC_036851.1",30370000,0.371624,0.0995357,0.011144,0.371624,"chr036851.1",30320001,30420000
"NC_036851.1",30380000,0.355168,0.0882003,0,0.355168,"chr036851.1",30330001,30430000
"NC_036851.1",30390000,0.296574,0.0574815,0,0.296574,"chr036851.1",30340001,30440000
"NC_036851.1",30400000,0.271025,0.0447759,0,0.271025,"chr036851.1",30350001,30450000
"NC_036851.1",30410000,0.238252,0.0278229,0,0.238252,"chr036851.1",30360001,30460000
"NC_036851.1",34310000,0.102493,0.223625,0.0577443,0.223625,"chr036851.1",34260001,34360000
"NC_036851.1",34330000,0.105753,0.217812,0.0744944,0.217812,"chr036851.1",34280001,34380000
"NC_036851.1",34340000,0.125525,0.280449,0.0869847,0.280449,"chr036851.1",34290001,34390000
"NC_036851.1",34350000,0.127401,0.300413,0.0933028,0.300413,"chr036851.1",34300001,34400000
"NC_036851.1",34360000,0.118052,0.272105,0.0967884,0.272105,"chr036851.1",34310001,34410000
"NC_036851.1",34370000,0.117379,0.273747,0.0921101,0.273747,"chr036851.1",34320001,34420000
"NC_036851.1",34380000,0.15711,0.271215,0.0882283,0.271215,"chr036851.1",34330001,34430000
"NC_036851.1",34390000,0.223438,0.325036,0.0985343,0.325036,"chr036851.1",34340001,34440000
"NC_036851.1",34400000,0.232397,0.341572,0.0877997,0.341572,"chr036851.1",34350001,34450000
"NC_036851.1",34410000,0.243771,0.359086,0.0580076,0.359086,"chr036851.1",34360001,34460000
"NC_036851.1",34420000,0.261444,0.384846,0.0749946,0.384846,"chr036851.1",34370001,34470000
"NC_036851.1",34430000,0.185878,0.282758,0.031284,0.282758,"chr036851.1",34380001,34480000
"NC_036851.1",34630000,0.119997,0.221094,0.0189653,0.221094,"chr036851.1",34580001,34680000
"NC_036851.1",34640000,0.13787,0.218325,0.0234607,0.218325,"chr036851.1",34590001,34690000
"NC_036851.1",34650000,0.161377,0.249978,0.0212486,0.249978,"chr036851.1",34600001,34700000
"NC_036851.1",34660000,0.177918,0.246886,0.00319285,0.246886,"chr036851.1",34610001,34710000
"NC_036851.1",34670000,0.208348,0.289541,0.012286,0.289541,"chr036851.1",34620001,34720000
"NC_036851.1",34680000,0.201342,0.280768,0.0165944,0.280768,"chr036851.1",34630001,34730000
"NC_036851.1",34690000,0.190943,0.274236,0,0.274236,"chr036851.1",34640001,34740000
"NC_036851.1",34700000,0.192261,0.260078,0,0.260078,"chr036851.1",34650001,34750000
"NC_036851.1",34710000,0.163409,0.21009,0.01188,0.21009,"chr036851.1",34660001,34760000
"NC_036851.1",36380000,0,0,0.235771,0.235771,"chr036851.1",36330001,36430000
"NC_036851.1",36400000,0,0,0.251161,0.251161,"chr036851.1",36350001,36450000
"NC_036851.1",36410000,0,0,0.291786,0.291786,"chr036851.1",36360001,36460000
"NC_036851.1",36420000,0,0,0.282071,0.282071,"chr036851.1",36370001,36470000
"NC_036851.1",36430000,0,0,0.296879,0.296879,"chr036851.1",36380001,36480000
"NC_036851.1",36440000,0,0,0.258602,0.258602,"chr036851.1",36390001,36490000
"NC_036851.1",36450000,0,0,0.233176,0.233176,"chr036851.1",36400001,36500000
"NC_036851.1",36460000,0,0,0.236027,0.236027,"chr036851.1",36410001,36510000
"NC_036851.1",36470000,0,0,0.217536,0.217536,"chr036851.1",36420001,36520000
"NC_036851.1",36480000,0,0,0.210859,0.210859,"chr036851.1",36430001,36530000
"NC_036851.1",36490000,0,0,0.233087,0.233087,"chr036851.1",36440001,36540000
"NC_036851.1",36720000,0,0,0.217434,0.217434,"chr036851.1",36670001,36770000
"NC_036851.1",36730000,0,0,0.243429,0.243429,"chr036851.1",36680001,36780000
"NC_036851.1",36740000,0,0,0.207137,0.207137,"chr036851.1",36690001,36790000
"NC_036851.1",36890000,0,0,0.203801,0.203801,"chr036851.1",36840001,36940000
"NC_036851.1",37690000,0.208465,0,0,0.208465,"chr036851.1",37640001,37740000
"NC_036851.1",37730000,0.203584,0,0,0.203584,"chr036851.1",37680001,37780000
"NC_036851.1",37740000,0.216772,0,0,0.216772,"chr036851.1",37690001,37790000
"NC_036851.1",37750000,0.226097,0,0.000910437,0.226097,"chr036851.1",37700001,37800000
"NC_036851.1",37870000,0.282506,0.0355883,0,0.282506,"chr036851.1",37820001,37920000
"NC_036851.1",37880000,0.285235,0.0364872,0,0.285235,"chr036851.1",37830001,37930000
"NC_036851.1",37890000,0.298726,0.0297005,0,0.298726,"chr036851.1",37840001,37940000
"NC_036851.1",37900000,0.231902,0.027222,0,0.231902,"chr036851.1",37850001,37950000
"NC_036851.1",37910000,0.217608,0.0283137,0,0.217608,"chr036851.1",37860001,37960000
"NC_036851.1",37920000,0.219804,0.0136157,0,0.219804,"chr036851.1",37870001,37970000
"NC_036851.1",37930000,0.255766,0,0,0.255766,"chr036851.1",37880001,37980000
"NC_036851.1",37940000,0.231852,0,0,0.231852,"chr036851.1",37890001,37990000
"NC_036851.1",37950000,0.22562,0,0,0.22562,"chr036851.1",37900001,3.8e+07
"NC_036851.1",38010000,0.227961,0,0,0.227961,"chr036851.1",37960001,38060000
"NC_036851.1",38020000,0.21205,0,0,0.21205,"chr036851.1",37970001,38070000
"NC_036851.1",38160000,0.238579,0,0,0.238579,"chr036851.1",38110001,38210000
"NC_036851.1",38170000,0.236535,0.00139138,0,0.236535,"chr036851.1",38120001,38220000
"NC_036851.1",38180000,0.225551,0.00607848,0,0.225551,"chr036851.1",38130001,38230000
"NC_036851.1",38190000,0.238629,0.00620581,0,0.238629,"chr036851.1",38140001,38240000
"NC_036851.1",38500000,0.216258,0.0299665,0.011251,0.216258,"chr036851.1",38450001,38550000
"NC_036851.1",38850000,0.355869,0,0.0114369,0.355869,"chr036851.1",38800001,38900000
"NC_036851.1",38860000,0.265494,0,0.00962502,0.265494,"chr036851.1",38810001,38910000
"NC_036851.1",38870000,0.252968,0,0,0.252968,"chr036851.1",38820001,38920000
"NC_036851.1",38880000,0.259866,0,0,0.259866,"chr036851.1",38830001,38930000
"NC_036851.1",38890000,0.253537,0,0,0.253537,"chr036851.1",38840001,38940000
"NC_036851.1",38900000,0.216444,0,0,0.216444,"chr036851.1",38850001,38950000
"NC_036851.1",39020000,0.214368,0,0,0.214368,"chr036851.1",38970001,39070000
"NC_036851.1",39050000,0.199007,0,0,0.199007,"chr036851.1",39000001,39100000
"NC_036851.1",39080000,0.230749,0,0,0.230749,"chr036851.1",39030001,39130000
"NC_036851.1",39200000,0.230857,0,0,0.230857,"chr036851.1",39150001,39250000
"NC_036851.1",39210000,0.245465,0,0,0.245465,"chr036851.1",39160001,39260000
"NC_036851.1",39220000,0.232465,0,0,0.232465,"chr036851.1",39170001,39270000
"NC_036851.1",39240000,0.20297,0,0.0109318,0.20297,"chr036851.1",39190001,39290000
"NC_036851.1",39250000,0.204882,0,0,0.204882,"chr036851.1",39200001,39300000
"NC_036851.1",39310000,0.0460906,0.0518862,0.20687,0.20687,"chr036851.1",39260001,39360000
"NC_036851.1",39320000,0.0458517,0.0611672,0.240885,0.240885,"chr036851.1",39270001,39370000
"NC_036851.1",39330000,0.0568103,0.0911746,0.256771,0.256771,"chr036851.1",39280001,39380000
"NC_036851.1",39340000,0.0359115,0.0710673,0.264666,0.264666,"chr036851.1",39290001,39390000
"NC_036851.1",39350000,0.0290841,0.0585557,0.244271,0.244271,"chr036851.1",39300001,39400000
"NC_036851.1",39360000,0.0481603,0.0514685,0.241727,0.241727,"chr036851.1",39310001,39410000
"NC_036851.1",45340000,0.221351,0.101056,0.00867777,0.221351,"chr036851.1",45290001,45390000
"NC_036851.1",45350000,0.21963,0.0996287,0.0134469,0.21963,"chr036851.1",45300001,45400000
"NC_036851.1",45390000,0.207282,0.101634,0.0284577,0.207282,"chr036851.1",45340001,45440000
"NC_036851.1",45400000,0.225348,0.115801,0.0330876,0.225348,"chr036851.1",45350001,45450000
"NC_036851.1",45410000,0.209235,0.106711,0.0307789,0.209235,"chr036851.1",45360001,45460000
"NC_036851.1",45420000,0.201358,0.105134,0.0335541,0.201358,"chr036851.1",45370001,45470000
"NC_036851.1",45900000,0,0.03994,0.21422,0.21422,"chr036851.1",45850001,45950000
"NC_036851.1",45910000,0,0.0523339,0.227271,0.227271,"chr036851.1",45860001,45960000
"NC_036851.1",45920000,0,0.0293762,0.210399,0.210399,"chr036851.1",45870001,45970000
"NC_036851.1",46070000,0.0148392,0.00666002,0.235979,0.235979,"chr036851.1",46020001,46120000
"NC_036851.1",46080000,0.0156224,0.00843215,0.253344,0.253344,"chr036851.1",46030001,46130000
"NC_036851.1",46090000,0.0225317,0.0209491,0.341219,0.341219,"chr036851.1",46040001,46140000
"NC_036851.1",46100000,0.0218417,0.0301122,0.360916,0.360916,"chr036851.1",46050001,46150000
"NC_036851.1",46110000,0.0180295,0.0280685,0.304051,0.304051,"chr036851.1",46060001,46160000
"NC_036851.1",46120000,0.0166662,0.0328567,0.323845,0.323845,"chr036851.1",46070001,46170000
"NC_036851.1",46130000,0.0180554,0.0316955,0.318744,0.318744,"chr036851.1",46080001,46180000
"NC_036851.1",46140000,0.0207617,0.0368863,0.361447,0.361447,"chr036851.1",46090001,46190000
"NC_036851.1",46150000,0.0197068,0.0394838,0.392936,0.392936,"chr036851.1",46100001,46200000
"NC_036851.1",46160000,0.0177718,0.0297696,0.383886,0.383886,"chr036851.1",46110001,46210000
"NC_036851.1",46170000,0.0209927,0.0347999,0.394666,0.394666,"chr036851.1",46120001,46220000
"NC_036851.1",46180000,0.0234055,0.035924,0.409965,0.409965,"chr036851.1",46130001,46230000
"NC_036851.1",46190000,0.0262184,0.031422,0.370436,0.370436,"chr036851.1",46140001,46240000
"NC_036851.1",46200000,0.028912,0.0309104,0.378786,0.378786,"chr036851.1",46150001,46250000
"NC_036851.1",46210000,0.0365524,0.034247,0.482429,0.482429,"chr036851.1",46160001,46260000
"NC_036851.1",46220000,0.0343027,0.0265368,0.442621,0.442621,"chr036851.1",46170001,46270000
"NC_036851.1",46230000,0.0375263,0.0311181,0.461317,0.461317,"chr036851.1",46180001,46280000
"NC_036851.1",46240000,0.0358806,0.0298021,0.439272,0.439272,"chr036851.1",46190001,46290000
"NC_036851.1",46250000,0.0382176,0.0152722,0.374546,0.374546,"chr036851.1",46200001,46300000
"NC_036851.1",48860000,0.0161914,0.246704,0.0197518,0.246704,"chr036851.1",48810001,48910000
"NC_036851.1",48870000,0.0249169,0.260856,0.0267308,0.260856,"chr036851.1",48820001,48920000
"NC_036851.1",48880000,0.0201015,0.220506,0.0139355,0.220506,"chr036851.1",48830001,48930000
"NC_036851.1",48900000,0,0.206603,0,0.206603,"chr036851.1",48850001,48950000
"NC_036851.1",48950000,0.00116414,0.200744,0,0.200744,"chr036851.1",48900001,4.9e+07
"NC_036851.1",48970000,0,0.215736,0,0.215736,"chr036851.1",48920001,49020000
"NC_036851.1",48980000,0,0.209051,0,0.209051,"chr036851.1",48930001,49030000
"NC_036851.1",48990000,0.000251175,0.228582,0.00972781,0.228582,"chr036851.1",48940001,49040000
"NC_036851.1",4.9e+07,0.0111036,0.217955,0.0131904,0.217955,"chr036851.1",48950001,49050000
"NC_036851.1",49010000,0.0144928,0.271572,0.0150336,0.271572,"chr036851.1",48960001,49060000
"NC_036851.1",49020000,0.0127026,0.27069,0.0167351,0.27069,"chr036851.1",48970001,49070000
"NC_036851.1",49030000,0.00333506,0.284752,0.0164692,0.284752,"chr036851.1",48980001,49080000
"NC_036851.1",49040000,0,0.233442,0,0.233442,"chr036851.1",48990001,49090000
"NC_036851.1",49050000,0,0.201085,0,0.201085,"chr036851.1",49000001,49100000
"NC_036852.1",4440000,0,0,0.223812,0.223812,"chr036852.1",4390001,4490000
"NC_036852.1",4450000,0,0,0.280277,0.280277,"chr036852.1",4400001,4500000
"NC_036852.1",4460000,0.0111144,0,0.293883,0.293883,"chr036852.1",4410001,4510000
"NC_036852.1",4470000,0.00322211,0,0.263703,0.263703,"chr036852.1",4420001,4520000
"NC_036852.1",4480000,0.00124755,0.0219249,0.213579,0.213579,"chr036852.1",4430001,4530000
"NC_036852.1",6360000,0,0,0.200813,0.200813,"chr036852.1",6310001,6410000
"NC_036852.1",6370000,0,0,0.2027,0.2027,"chr036852.1",6320001,6420000
"NC_036852.1",6380000,0,0,0.205115,0.205115,"chr036852.1",6330001,6430000
"NC_036852.1",7520000,0.0344625,0.0772255,0.206555,0.206555,"chr036852.1",7470001,7570000
"NC_036852.1",9690000,0.247994,0.0222086,0.0436256,0.247994,"chr036852.1",9640001,9740000
"NC_036852.1",9700000,0.288447,0.0248629,0.0169026,0.288447,"chr036852.1",9650001,9750000
"NC_036852.1",9710000,0.307569,0.0277107,0.0180171,0.307569,"chr036852.1",9660001,9760000
"NC_036852.1",9720000,0.309303,0.0306105,0.021768,0.309303,"chr036852.1",9670001,9770000
"NC_036852.1",9730000,0.332136,0.0112625,0,0.332136,"chr036852.1",9680001,9780000
"NC_036852.1",9740000,0.335504,0.012076,0,0.335504,"chr036852.1",9690001,9790000
"NC_036852.1",9750000,0.345631,0.0136633,0,0.345631,"chr036852.1",9700001,9800000
"NC_036852.1",9760000,0.298397,0.0033476,0,0.298397,"chr036852.1",9710001,9810000
"NC_036852.1",9770000,0.297315,0.00317232,0,0.297315,"chr036852.1",9720001,9820000
"NC_036852.1",9780000,0.291012,0.028664,0.00690601,0.291012,"chr036852.1",9730001,9830000
"NC_036852.1",9790000,0.200649,0.0203134,0.0238491,0.200649,"chr036852.1",9740001,9840000
"NC_036852.1",9850000,0.20289,0.133298,0.138887,0.20289,"chr036852.1",9800001,9900000
"NC_036852.1",9860000,0.281624,0.193806,0.204769,0.281624,"chr036852.1",9810001,9910000
"NC_036852.1",9870000,0.234535,0.187107,0.158254,0.234535,"chr036852.1",9820001,9920000
"NC_036852.1",9880000,0.212001,0.153831,0.110439,0.212001,"chr036852.1",9830001,9930000
"NC_036852.1",11610000,0,0.249061,0,0.249061,"chr036852.1",11560001,11660000
"NC_036852.1",11620000,0,0.277915,0,0.277915,"chr036852.1",11570001,11670000
"NC_036852.1",11630000,0,0.287884,0,0.287884,"chr036852.1",11580001,11680000
"NC_036852.1",11640000,0,0.32472,0,0.32472,"chr036852.1",11590001,11690000
"NC_036852.1",11650000,0,0.383934,0,0.383934,"chr036852.1",11600001,11700000
"NC_036852.1",11660000,0,0.420868,0,0.420868,"chr036852.1",11610001,11710000
"NC_036852.1",11670000,0,0.411776,0,0.411776,"chr036852.1",11620001,11720000
"NC_036852.1",11680000,0,0.297086,0,0.297086,"chr036852.1",11630001,11730000
"NC_036852.1",11690000,0,0.288627,0,0.288627,"chr036852.1",11640001,11740000
"NC_036852.1",11700000,0,0.305686,0,0.305686,"chr036852.1",11650001,11750000
"NC_036852.1",11710000,0,0.308717,0,0.308717,"chr036852.1",11660001,11760000
"NC_036852.1",11720000,0,0.290822,0,0.290822,"chr036852.1",11670001,11770000
"NC_036852.1",11730000,0,0.279098,0,0.279098,"chr036852.1",11680001,11780000
"NC_036852.1",11740000,0,0.254667,0,0.254667,"chr036852.1",11690001,11790000
"NC_036852.1",11750000,0,0.203051,0,0.203051,"chr036852.1",11700001,11800000
"NC_036852.1",12770000,0.0880717,0,0.237811,0.237811,"chr036852.1",12720001,12820000
"NC_036852.1",12780000,0.0793262,0,0.234358,0.234358,"chr036852.1",12730001,12830000
"NC_036852.1",12790000,0.0795897,0,0.235859,0.235859,"chr036852.1",12740001,12840000
"NC_036852.1",12820000,0.0559487,0,0.221389,0.221389,"chr036852.1",12770001,12870000
"NC_036852.1",12830000,0.0530732,0,0.208144,0.208144,"chr036852.1",12780001,12880000
"NC_036852.1",12840000,0.0225221,0,0.201566,0.201566,"chr036852.1",12790001,12890000
"NC_036852.1",14030000,0.032967,0.032967,0.428571,0.428571,"chr036852.1",13980001,14080000
"NC_036853.1",5060000,0,0.0242142,0.220943,0.220943,"chr036853.1",5010001,5110000
"NC_036853.1",5070000,0,0.0201763,0.209287,0.209287,"chr036853.1",5020001,5120000
"NC_036853.1",5080000,0,0.0191369,0.236631,0.236631,"chr036853.1",5030001,5130000
"NC_036853.1",5090000,0,0.0232038,0.25049,0.25049,"chr036853.1",5040001,5140000
"NC_036853.1",5100000,0,0.021534,0.255891,0.255891,"chr036853.1",5050001,5150000
"NC_036853.1",5110000,0,0.0140226,0.249097,0.249097,"chr036853.1",5060001,5160000
"NC_036853.1",5120000,0,0.0103382,0.237801,0.237801,"chr036853.1",5070001,5170000
"NC_036853.1",5720000,0,0.199127,0,0.199127,"chr036853.1",5670001,5770000
"NC_036853.1",5730000,0,0.240306,0,0.240306,"chr036853.1",5680001,5780000
"NC_036853.1",5740000,0,0.242495,0,0.242495,"chr036853.1",5690001,5790000
"NC_036853.1",5750000,0,0.231628,0,0.231628,"chr036853.1",5700001,5800000
"NC_036853.1",5780000,0,0.206269,0,0.206269,"chr036853.1",5730001,5830000
"NC_036853.1",9490000,0.0447361,0.199799,0.118558,0.199799,"chr036853.1",9440001,9540000
"NC_036853.1",9610000,0.0094812,0.219214,0.118899,0.219214,"chr036853.1",9560001,9660000
"NC_036853.1",9620000,0.00656569,0.236343,0.115854,0.236343,"chr036853.1",9570001,9670000
"NC_036853.1",9630000,0.0129918,0.324665,0.131778,0.324665,"chr036853.1",9580001,9680000
"NC_036853.1",9640000,0.0158508,0.326382,0.121514,0.326382,"chr036853.1",9590001,9690000
"NC_036853.1",9650000,0.018668,0.300486,0.115338,0.300486,"chr036853.1",9600001,9700000
"NC_036853.1",9660000,0.0140499,0.270775,0.0942024,0.270775,"chr036853.1",9610001,9710000
"NC_036853.1",9670000,0.014739,0.231504,0.0695354,0.231504,"chr036853.1",9620001,9720000
"NC_036853.1",9680000,0.0120954,0.226062,0.0618299,0.226062,"chr036853.1",9630001,9730000
"NC_036853.1",9690000,0.0137845,0.216597,0.0329731,0.216597,"chr036853.1",9640001,9740000
"NC_036853.1",9700000,0.0212295,0.225963,0.0463452,0.225963,"chr036853.1",9650001,9750000
"NC_036853.1",9710000,0.0189823,0.232216,0.0630266,0.232216,"chr036853.1",9660001,9760000
"NC_036853.1",9720000,0.0225372,0.226152,0.0764738,0.226152,"chr036853.1",9670001,9770000
"NC_036853.1",9730000,0.0143114,0.277732,0.113391,0.277732,"chr036853.1",9680001,9780000
"NC_036853.1",9740000,0.0136795,0.279933,0.132682,0.279933,"chr036853.1",9690001,9790000
"NC_036853.1",9750000,0.00979106,0.323293,0.160039,0.323293,"chr036853.1",9700001,9800000
"NC_036853.1",9760000,0.0348197,0.238958,0.134399,0.238958,"chr036853.1",9710001,9810000
"NC_036853.1",9770000,0.0388185,0.254669,0.132059,0.254669,"chr036853.1",9720001,9820000
"NC_036853.1",9780000,0.0396421,0.233025,0.124482,0.233025,"chr036853.1",9730001,9830000
"NC_036853.1",9790000,0.0313306,0.201268,0.1328,0.201268,"chr036853.1",9740001,9840000
"NC_036853.1",10270000,0.0248602,0.234877,0.177978,0.234877,"chr036853.1",10220001,10320000
"NC_036853.1",10280000,0.0168607,0.19957,0.15331,0.19957,"chr036853.1",10230001,10330000
"NC_036853.1",10290000,0.0113859,0.225169,0.163968,0.225169,"chr036853.1",10240001,10340000
"NC_036853.1",10300000,0.0175385,0.260932,0.176684,0.260932,"chr036853.1",10250001,10350000
"NC_036853.1",10310000,0.0174124,0.274322,0.18381,0.274322,"chr036853.1",10260001,10360000
"NC_036853.1",10320000,0.0209423,0.277531,0.18538,0.277531,"chr036853.1",10270001,10370000
"NC_036853.1",10330000,0.0108867,0.28591,0.187585,0.28591,"chr036853.1",10280001,10380000
"NC_036853.1",10340000,0,0.253482,0.173835,0.253482,"chr036853.1",10290001,10390000
"NC_036853.1",10350000,0,0.25285,0.16652,0.25285,"chr036853.1",10300001,10400000
"NC_036853.1",10360000,0,0.226595,0.142537,0.226595,"chr036853.1",10310001,10410000
"NC_036853.1",10380000,0,0.217377,0.125782,0.217377,"chr036853.1",10330001,10430000
"NC_036853.1",12650000,0,0,0.231626,0.231626,"chr036853.1",12600001,12700000
"NC_036853.1",12660000,0,0,0.264091,0.264091,"chr036853.1",12610001,12710000
"NC_036853.1",12670000,0,0,0.292227,0.292227,"chr036853.1",12620001,12720000
"NC_036853.1",12680000,0,0,0.353899,0.353899,"chr036853.1",12630001,12730000
"NC_036853.1",12690000,0,0,0.414096,0.414096,"chr036853.1",12640001,12740000
"NC_036853.1",12700000,0,0,0.444596,0.444596,"chr036853.1",12650001,12750000
"NC_036853.1",12710000,0,0,0.453877,0.453877,"chr036853.1",12660001,12760000
"NC_036853.1",12720000,0,0.00258525,0.477736,0.477736,"chr036853.1",12670001,12770000
"NC_036853.1",12730000,0,0.00723557,0.461168,0.461168,"chr036853.1",12680001,12780000
"NC_036853.1",12740000,0,0.00119674,0.437677,0.437677,"chr036853.1",12690001,12790000
"NC_036853.1",12750000,0,0.0142746,0.411965,0.411965,"chr036853.1",12700001,12800000
"NC_036853.1",12760000,0,0.0215244,0.392851,0.392851,"chr036853.1",12710001,12810000
"NC_036853.1",12770000,0,0,0.293288,0.293288,"chr036853.1",12720001,12820000
"NC_036853.1",12780000,0,0,0.31477,0.31477,"chr036853.1",12730001,12830000
"NC_036853.1",12790000,0,0,0.262315,0.262315,"chr036853.1",12740001,12840000
"NC_036853.1",12800000,0,0,0.298435,0.298435,"chr036853.1",12750001,12850000
"NC_036853.1",12810000,0,0,0.300342,0.300342,"chr036853.1",12760001,12860000
"NC_036853.1",12820000,0,0,0.261176,0.261176,"chr036853.1",12770001,12870000
"NC_036853.1",12850000,0,0,0.206255,0.206255,"chr036853.1",12800001,12900000
"NC_036853.1",12860000,0.00613322,0,0.233868,0.233868,"chr036853.1",12810001,12910000
"NC_036853.1",12870000,0.000420755,0,0.244466,0.244466,"chr036853.1",12820001,12920000
"NC_036853.1",12880000,0,0,0.238472,0.238472,"chr036853.1",12830001,12930000
"NC_036853.1",12890000,0,0,0.252995,0.252995,"chr036853.1",12840001,12940000
"NC_036853.1",12900000,0,0,0.249589,0.249589,"chr036853.1",12850001,12950000
"NC_036853.1",12910000,0,0,0.229572,0.229572,"chr036853.1",12860001,12960000
"NC_036853.1",12920000,0,0,0.232234,0.232234,"chr036853.1",12870001,12970000
"NC_036853.1",12930000,0,0,0.279494,0.279494,"chr036853.1",12880001,12980000
"NC_036853.1",12940000,0,0,0.284696,0.284696,"chr036853.1",12890001,12990000
"NC_036853.1",12950000,0,0,0.250584,0.250584,"chr036853.1",12900001,1.3e+07
"NC_036853.1",12960000,0,0,0.243012,0.243012,"chr036853.1",12910001,13010000
"NC_036853.1",12970000,0,0,0.265625,0.265625,"chr036853.1",12920001,13020000
"NC_036853.1",12980000,0,0,0.245702,0.245702,"chr036853.1",12930001,13030000
"NC_036853.1",12990000,0,0,0.250371,0.250371,"chr036853.1",12940001,13040000
"NC_036853.1",1.3e+07,0,0,0.253753,0.253753,"chr036853.1",12950001,13050000
"NC_036853.1",13010000,0,0,0.266661,0.266661,"chr036853.1",12960001,13060000
"NC_036853.1",13020000,0,0,0.28202,0.28202,"chr036853.1",12970001,13070000
"NC_036853.1",13030000,0,0,0.271101,0.271101,"chr036853.1",12980001,13080000
"NC_036853.1",13040000,0,0,0.291356,0.291356,"chr036853.1",12990001,13090000
"NC_036853.1",13050000,0,0,0.287326,0.287326,"chr036853.1",13000001,13100000
"NC_036853.1",13060000,0,0,0.286072,0.286072,"chr036853.1",13010001,13110000
"NC_036853.1",13070000,0,0,0.260306,0.260306,"chr036853.1",13020001,13120000
"NC_036853.1",13080000,0,0,0.274837,0.274837,"chr036853.1",13030001,13130000
"NC_036853.1",13090000,0,0,0.221134,0.221134,"chr036853.1",13040001,13140000
"NC_036853.1",13500000,0.0747934,0,0.231186,0.231186,"chr036853.1",13450001,13550000
"NC_036853.1",13510000,0.0206171,0,0.209342,0.209342,"chr036853.1",13460001,13560000
"NC_036853.1",13540000,0.0193785,0,0.221402,0.221402,"chr036853.1",13490001,13590000
"NC_036853.1",13710000,0,0.0431929,0.211885,0.211885,"chr036853.1",13660001,13760000
"NC_036853.1",13720000,0,0.0758181,0.282422,0.282422,"chr036853.1",13670001,13770000
"NC_036853.1",13730000,0,0.0719044,0.296552,0.296552,"chr036853.1",13680001,13780000
"NC_036853.1",13740000,0,0.0357932,0.285528,0.285528,"chr036853.1",13690001,13790000
"NC_036853.1",13750000,0,0.0188881,0.276473,0.276473,"chr036853.1",13700001,13800000
"NC_036853.1",13760000,0,0.0141056,0.261069,0.261069,"chr036853.1",13710001,13810000
"NC_036853.1",13770000,0.0206431,0,0.218402,0.218402,"chr036853.1",13720001,13820000
"NC_036853.1",13780000,0.0388716,0,0.205967,0.205967,"chr036853.1",13730001,13830000
"NC_036853.1",13800000,0.0118872,0,0.231169,0.231169,"chr036853.1",13750001,13850000
"NC_036853.1",13810000,0.0132968,0,0.200915,0.200915,"chr036853.1",13760001,13860000
"NC_036853.1",16470000,0.329311,0.0483277,0.202622,0.329311,"chr036853.1",16420001,16520000
"NC_036853.1",16480000,0.356574,0.0267457,0.168142,0.356574,"chr036853.1",16430001,16530000
"NC_036853.1",16490000,0.365966,0,0.126825,0.365966,"chr036853.1",16440001,16540000
"NC_036853.1",16500000,0.442997,0,0.0621927,0.442997,"chr036853.1",16450001,16550000
"NC_036853.1",16510000,0.439738,0,0.0529092,0.439738,"chr036853.1",16460001,16560000
"NC_036853.1",16520000,0.419896,0,0.0458446,0.419896,"chr036853.1",16470001,16570000
"NC_036853.1",16530000,0.408239,0,0.0444254,0.408239,"chr036853.1",16480001,16580000
"NC_036853.1",16540000,0.410095,0.00677439,0.0488073,0.410095,"chr036853.1",16490001,16590000
"NC_036853.1",16550000,0.42342,0.00274933,0.041151,0.42342,"chr036853.1",16500001,16600000
"NC_036853.1",16560000,0.415597,0,0.0426575,0.415597,"chr036853.1",16510001,16610000
"NC_036853.1",16570000,0.375778,0.0136639,0.0290865,0.375778,"chr036853.1",16520001,16620000
"NC_036853.1",16580000,0.338772,0.0195099,0.0216362,0.338772,"chr036853.1",16530001,16630000
"NC_036853.1",16590000,0.290943,0.0148581,0.0223644,0.290943,"chr036853.1",16540001,16640000
"NC_036853.1",16600000,0.236681,0.00508415,0.0163874,0.236681,"chr036853.1",16550001,16650000
"NC_036853.1",16710000,0.243095,0,0.0496058,0.243095,"chr036853.1",16660001,16760000
"NC_036853.1",16720000,0.30571,0,0.0476235,0.30571,"chr036853.1",16670001,16770000
"NC_036853.1",16730000,0.289384,0,0.0265728,0.289384,"chr036853.1",16680001,16780000
"NC_036853.1",16740000,0.288087,0,0.0256759,0.288087,"chr036853.1",16690001,16790000
"NC_036853.1",16750000,0.299446,0,0.0305734,0.299446,"chr036853.1",16700001,16800000
"NC_036853.1",16760000,0.301498,0,0.0406436,0.301498,"chr036853.1",16710001,16810000
"NC_036853.1",16770000,0.232984,0.00104655,0.0357608,0.232984,"chr036853.1",16720001,16820000
"NC_036853.1",16940000,0.202151,0.0875228,0.0191019,0.202151,"chr036853.1",16890001,16990000
"NC_036853.1",16950000,0.216799,0.101291,0.0163374,0.216799,"chr036853.1",16900001,1.7e+07
"NC_036853.1",16960000,0.205326,0.0828253,0.0142589,0.205326,"chr036853.1",16910001,17010000
"NC_036853.1",16970000,0.206821,0.0818534,0.0154902,0.206821,"chr036853.1",16920001,17020000
"NC_036853.1",16980000,0.223812,0.088879,0.0243134,0.223812,"chr036853.1",16930001,17030000
"NC_036853.1",16990000,0.225891,0.0575086,0.0306221,0.225891,"chr036853.1",16940001,17040000
"NC_036853.1",1.7e+07,0.237956,0.048156,0.026436,0.237956,"chr036853.1",16950001,17050000
"NC_036853.1",17010000,0.248214,0.0545266,0.013201,0.248214,"chr036853.1",16960001,17060000
"NC_036853.1",17020000,0.251798,0.0581639,0,0.251798,"chr036853.1",16970001,17070000
"NC_036853.1",17030000,0.290482,0.0238279,0.0200946,0.290482,"chr036853.1",16980001,17080000
"NC_036853.1",17040000,0.287189,0.0252989,0,0.287189,"chr036853.1",16990001,17090000
"NC_036853.1",17050000,0.300538,0.0464943,0,0.300538,"chr036853.1",17000001,17100000
"NC_036853.1",17060000,0.310929,0.0456737,0,0.310929,"chr036853.1",17010001,17110000
"NC_036853.1",17070000,0.347235,0.0706214,0,0.347235,"chr036853.1",17020001,17120000
"NC_036853.1",17080000,0.358793,0.0766108,0,0.358793,"chr036853.1",17030001,17130000
"NC_036853.1",17090000,0.37118,0.0954134,0,0.37118,"chr036853.1",17040001,17140000
"NC_036853.1",17100000,0.334404,0.0994086,0,0.334404,"chr036853.1",17050001,17150000
"NC_036853.1",17110000,0.342895,0.103174,0,0.342895,"chr036853.1",17060001,17160000
"NC_036853.1",17120000,0.354886,0.110619,0,0.354886,"chr036853.1",17070001,17170000
"NC_036853.1",17130000,0.371475,0.150447,0,0.371475,"chr036853.1",17080001,17180000
"NC_036853.1",17140000,0.370002,0.170802,0,0.370002,"chr036853.1",17090001,17190000
"NC_036853.1",17150000,0.235446,0.0818264,0,0.235446,"chr036853.1",17100001,17200000
"NC_036853.1",17160000,0.229642,0.0868913,0,0.229642,"chr036853.1",17110001,17210000
"NC_036853.1",17200000,0.203049,0.0540193,0,0.203049,"chr036853.1",17150001,17250000
"NC_036853.1",17210000,0.214311,0.059302,0,0.214311,"chr036853.1",17160001,17260000
"NC_036853.1",19750000,0,0.231412,0.0365866,0.231412,"chr036853.1",19700001,19800000
"NC_036853.1",19760000,0,0.218052,0.0132553,0.218052,"chr036853.1",19710001,19810000
"NC_036853.1",19770000,0,0.202814,0.0106373,0.202814,"chr036853.1",19720001,19820000
"NC_036853.1",20650000,0.239929,0,0,0.239929,"chr036853.1",20600001,20700000
"NC_036853.1",20660000,0.268928,0,0,0.268928,"chr036853.1",20610001,20710000
"NC_036853.1",20670000,0.271933,0,0,0.271933,"chr036853.1",20620001,20720000
"NC_036853.1",20680000,0.26842,0,0,0.26842,"chr036853.1",20630001,20730000
"NC_036853.1",20690000,0.232092,0,0,0.232092,"chr036853.1",20640001,20740000
"NC_036853.1",20700000,0.260453,0,0,0.260453,"chr036853.1",20650001,20750000
"NC_036853.1",20710000,0.265377,0,0,0.265377,"chr036853.1",20660001,20760000
"NC_036853.1",20720000,0.260574,0,0,0.260574,"chr036853.1",20670001,20770000
"NC_036853.1",20730000,0.244845,0,0,0.244845,"chr036853.1",20680001,20780000
"NC_036853.1",20740000,0.241313,0,0,0.241313,"chr036853.1",20690001,20790000
"NC_036853.1",21400000,0.206537,0.00113806,0.0383713,0.206537,"chr036853.1",21350001,21450000
"NC_036853.1",2.2e+07,0.0986747,0.218244,0.0786966,0.218244,"chr036853.1",21950001,22050000
"NC_036853.1",22010000,0.108223,0.317325,0.125542,0.317325,"chr036853.1",21960001,22060000
"NC_036853.1",22020000,0.0802647,0.302198,0.136256,0.302198,"chr036853.1",21970001,22070000
"NC_036853.1",22030000,0.0344109,0.258839,0.150066,0.258839,"chr036853.1",21980001,22080000
"NC_036853.1",22040000,0.00144724,0.23093,0.15522,0.23093,"chr036853.1",21990001,22090000
"NC_036853.1",22050000,0,0.222438,0.152167,0.222438,"chr036853.1",22000001,22100000
"NC_036853.1",24010000,0.0145912,0.225226,0.00441306,0.225226,"chr036853.1",23960001,24060000
"NC_036853.1",24020000,0.0115116,0.259973,0.00107997,0.259973,"chr036853.1",23970001,24070000
"NC_036853.1",24030000,0.00786984,0.266904,0.00488948,0.266904,"chr036853.1",23980001,24080000
"NC_036853.1",24040000,0.00802114,0.281245,0.00611094,0.281245,"chr036853.1",23990001,24090000
"NC_036853.1",24050000,0.0134673,0.282868,0.00242162,0.282868,"chr036853.1",24000001,24100000
"NC_036853.1",24060000,0.00972097,0.278925,0.00201869,0.278925,"chr036853.1",24010001,24110000
"NC_036853.1",24070000,0.0105633,0.237206,0.000555776,0.237206,"chr036853.1",24020001,24120000
"NC_036853.1",24080000,0.0041333,0.251905,0,0.251905,"chr036853.1",24030001,24130000
"NC_036853.1",24090000,0,0.211659,0.00173882,0.211659,"chr036853.1",24040001,24140000
"NC_036853.1",24100000,0,0.217249,0.0013867,0.217249,"chr036853.1",24050001,24150000
"NC_036853.1",24310000,0.0125378,0.20497,0.0141838,0.20497,"chr036853.1",24260001,24360000
"NC_036853.1",24350000,0.0190592,0.216772,0.0119025,0.216772,"chr036853.1",24300001,24400000
"NC_036853.1",24360000,0.0212565,0.228371,0.0159116,0.228371,"chr036853.1",24310001,24410000
"NC_036853.1",24370000,0.0315218,0.215158,0.016653,0.215158,"chr036853.1",24320001,24420000
"NC_036853.1",24400000,0.0192031,0.238214,0.0208384,0.238214,"chr036853.1",24350001,24450000
"NC_036853.1",24410000,0.0191794,0.207023,0.0147997,0.207023,"chr036853.1",24360001,24460000
"NC_036853.1",24420000,0.0151633,0.205698,0.0147973,0.205698,"chr036853.1",24370001,24470000
"NC_036853.1",24430000,0.0105734,0.221954,0.0136485,0.221954,"chr036853.1",24380001,24480000
"NC_036853.1",24440000,0.0118709,0.250519,0.0152715,0.250519,"chr036853.1",24390001,24490000
"NC_036853.1",24450000,0.0117182,0.251348,0.0135837,0.251348,"chr036853.1",24400001,24500000
"NC_036853.1",24460000,0.00944805,0.211982,0.0123325,0.211982,"chr036853.1",24410001,24510000
"NC_036853.1",24470000,0.00641333,0.239235,0.0151302,0.239235,"chr036853.1",24420001,24520000
"NC_036853.1",24480000,0.00672252,0.247013,0.0128639,0.247013,"chr036853.1",24430001,24530000
"NC_036853.1",24490000,0.00589444,0.244019,0.01166,0.244019,"chr036853.1",24440001,24540000
"NC_036853.1",25310000,0.286948,0,0,0.286948,"chr036853.1",25260001,25360000
"NC_036853.1",25320000,0.295488,0,0.0126348,0.295488,"chr036853.1",25270001,25370000
"NC_036853.1",27840000,0,0.0710373,0.200474,0.200474,"chr036853.1",27790001,27890000
"NC_036853.1",27860000,0,0.0533274,0.213636,0.213636,"chr036853.1",27810001,27910000
"NC_036853.1",27870000,0,0.0140347,0.208307,0.208307,"chr036853.1",27820001,27920000
"NC_036853.1",27880000,0,0.0061439,0.264765,0.264765,"chr036853.1",27830001,27930000
"NC_036853.1",27890000,0.00264896,0,0.278393,0.278393,"chr036853.1",27840001,27940000
"NC_036853.1",27900000,0,0,0.234029,0.234029,"chr036853.1",27850001,27950000
"NC_036853.1",27910000,0,0,0.21982,0.21982,"chr036853.1",27860001,27960000
"NC_036853.1",28320000,0.214036,0,0.0256634,0.214036,"chr036853.1",28270001,28370000
"NC_036853.1",28330000,0.233159,0,0.0280775,0.233159,"chr036853.1",28280001,28380000
"NC_036853.1",28340000,0.268487,0,0.0313725,0.268487,"chr036853.1",28290001,28390000
"NC_036853.1",28350000,0.262454,0,0.0263443,0.262454,"chr036853.1",28300001,28400000
"NC_036853.1",28360000,0.25979,0,0.0178678,0.25979,"chr036853.1",28310001,28410000
"NC_036853.1",28370000,0.254255,0,0.00324445,0.254255,"chr036853.1",28320001,28420000
"NC_036853.1",28380000,0.253487,0,0,0.253487,"chr036853.1",28330001,28430000
"NC_036853.1",28390000,0.265104,0,0,0.265104,"chr036853.1",28340001,28440000
"NC_036853.1",28400000,0.224963,0,0,0.224963,"chr036853.1",28350001,28450000
"NC_036853.1",28410000,0.224153,0,0,0.224153,"chr036853.1",28360001,28460000
"NC_036853.1",29510000,0.0440652,0.206159,0.127692,0.206159,"chr036853.1",29460001,29560000
"NC_036853.1",29520000,0.042503,0.218642,0.100065,0.218642,"chr036853.1",29470001,29570000
"NC_036853.1",29530000,0.0351743,0.23991,0.0633456,0.23991,"chr036853.1",29480001,29580000
"NC_036853.1",29540000,0.0683196,0.246925,0.0363317,0.246925,"chr036853.1",29490001,29590000
"NC_036853.1",29550000,0.0795324,0.279146,0,0.279146,"chr036853.1",29500001,29600000
"NC_036853.1",29560000,0.083844,0.264677,0,0.264677,"chr036853.1",29510001,29610000
"NC_036853.1",29570000,0.0802587,0.267998,0,0.267998,"chr036853.1",29520001,29620000
"NC_036853.1",29580000,0.0751581,0.214226,0,0.214226,"chr036853.1",29530001,29630000
"NC_036853.1",29700000,0.03793,0.200647,0.0152892,0.200647,"chr036853.1",29650001,29750000
"NC_036853.1",29710000,0.0456998,0.207291,0,0.207291,"chr036853.1",29660001,29760000
"NC_036853.1",29720000,0.0443844,0.224084,0,0.224084,"chr036853.1",29670001,29770000
"NC_036853.1",29730000,0.0508818,0.246139,0,0.246139,"chr036853.1",29680001,29780000
"NC_036853.1",29740000,0.0486695,0.253311,0,0.253311,"chr036853.1",29690001,29790000
"NC_036853.1",29750000,0.0410539,0.24784,0,0.24784,"chr036853.1",29700001,29800000
"NC_036853.1",29760000,0.0200882,0.21424,0,0.21424,"chr036853.1",29710001,29810000
"NC_036853.1",29770000,0.0177939,0.257681,0,0.257681,"chr036853.1",29720001,29820000
"NC_036853.1",29780000,0.0266468,0.28616,0,0.28616,"chr036853.1",29730001,29830000
"NC_036853.1",29790000,0.0307134,0.291373,0,0.291373,"chr036853.1",29740001,29840000
"NC_036853.1",29800000,0.0172116,0.272548,0,0.272548,"chr036853.1",29750001,29850000
"NC_036853.1",29810000,0.00693583,0.255604,0,0.255604,"chr036853.1",29760001,29860000
"NC_036853.1",30440000,0.203452,0.0281824,0.0246149,0.203452,"chr036853.1",30390001,30490000
"NC_036853.1",30450000,0.258975,0.0313219,0.046599,0.258975,"chr036853.1",30400001,30500000
"NC_036853.1",30470000,0.212521,0.0141108,0.0615592,0.212521,"chr036853.1",30420001,30520000
"NC_036853.1",30480000,0.239647,0.0204557,0.0683652,0.239647,"chr036853.1",30430001,30530000
"NC_036853.1",30490000,0.238647,0.000923025,0.0618908,0.238647,"chr036853.1",30440001,30540000
"NC_036853.1",30500000,0.237896,0.00502107,0.0607718,0.237896,"chr036853.1",30450001,30550000
"NC_036853.1",30510000,0.230102,0.0107644,0.0627016,0.230102,"chr036853.1",30460001,30560000
"NC_036853.1",30520000,0.256853,0.0197409,0.0494855,0.256853,"chr036853.1",30470001,30570000
"NC_036853.1",30530000,0.200845,0.0157489,0.0407478,0.200845,"chr036853.1",30480001,30580000
"NC_036853.1",30550000,0.225029,0.0283194,0.0432585,0.225029,"chr036853.1",30500001,30600000
"NC_036853.1",30560000,0.285486,0.00143315,0.0240996,0.285486,"chr036853.1",30510001,30610000
"NC_036853.1",30570000,0.299336,0.00449073,0.0230567,0.299336,"chr036853.1",30520001,30620000
"NC_036853.1",30580000,0.272878,0.00758534,0.0105817,0.272878,"chr036853.1",30530001,30630000
"NC_036853.1",30590000,0.254047,0,0.000579641,0.254047,"chr036853.1",30540001,30640000
"NC_036853.1",30600000,0.220905,0,0.0117226,0.220905,"chr036853.1",30550001,30650000
"NC_036853.1",30610000,0.214269,0,0.00871432,0.214269,"chr036853.1",30560001,30660000
"NC_036853.1",32590000,0,0.034126,0.199428,0.199428,"chr036853.1",32540001,32640000
"NC_036853.1",32600000,0,0.0376912,0.215549,0.215549,"chr036853.1",32550001,32650000
"NC_036853.1",32610000,0,0.0424756,0.24042,0.24042,"chr036853.1",32560001,32660000
"NC_036853.1",32620000,0,0.0433694,0.245758,0.245758,"chr036853.1",32570001,32670000
"NC_036853.1",32630000,0,0.0463295,0.246786,0.246786,"chr036853.1",32580001,32680000
"NC_036853.1",32640000,0,0.042381,0.236292,0.236292,"chr036853.1",32590001,32690000
"NC_036853.1",32650000,0,0.0456032,0.232593,0.232593,"chr036853.1",32600001,32700000
"NC_036853.1",32660000,0,0.0468485,0.230791,0.230791,"chr036853.1",32610001,32710000
"NC_036853.1",32670000,0,0.0444583,0.231974,0.231974,"chr036853.1",32620001,32720000
"NC_036853.1",32680000,0,0.0438217,0.227586,0.227586,"chr036853.1",32630001,32730000
"NC_036853.1",32690000,0,0.0184039,0.227706,0.227706,"chr036853.1",32640001,32740000
"NC_036853.1",32700000,0,0.0137173,0.207961,0.207961,"chr036853.1",32650001,32750000
"NC_036853.1",34720000,0.205601,0,0.0491234,0.205601,"chr036853.1",34670001,34770000
"NC_036853.1",35650000,0,0.227832,0.00369139,0.227832,"chr036853.1",35600001,35700000
"NC_036853.1",35660000,0,0.226452,0,0.226452,"chr036853.1",35610001,35710000
"NC_036853.1",35670000,0,0.201758,0,0.201758,"chr036853.1",35620001,35720000
"NC_036853.1",35680000,0,0.215181,0,0.215181,"chr036853.1",35630001,35730000
"NC_036853.1",35690000,0,0.21569,0,0.21569,"chr036853.1",35640001,35740000
"NC_036853.1",36580000,0.201656,0,0.0225532,0.201656,"chr036853.1",36530001,36630000
"NC_036853.1",36590000,0.218313,0,0.0302131,0.218313,"chr036853.1",36540001,36640000
"NC_036853.1",36600000,0.24937,0.0208321,0.0634909,0.24937,"chr036853.1",36550001,36650000
"NC_036853.1",36610000,0.300356,0.0394031,0.116836,0.300356,"chr036853.1",36560001,36660000
"NC_036853.1",36620000,0.310872,0.0312289,0.108981,0.310872,"chr036853.1",36570001,36670000
"NC_036853.1",36630000,0.324891,0.0236362,0.109794,0.324891,"chr036853.1",36580001,36680000
"NC_036853.1",36640000,0.392459,0.0233239,0.127403,0.392459,"chr036853.1",36590001,36690000
"NC_036853.1",36650000,0.375925,0.0396828,0.157977,0.375925,"chr036853.1",36600001,36700000
"NC_036853.1",36660000,0.2851,0.0254856,0.142517,0.2851,"chr036853.1",36610001,36710000
"NC_036853.1",36670000,0.267636,0.011434,0.135846,0.267636,"chr036853.1",36620001,36720000
"NC_036853.1",36680000,0.265876,0.0265051,0.15018,0.265876,"chr036853.1",36630001,36730000
"NC_036853.1",36690000,0.244506,0.0206733,0.139544,0.244506,"chr036853.1",36640001,36740000
"NC_036853.1",36700000,0.213167,0,0.0969437,0.213167,"chr036853.1",36650001,36750000
"NC_036853.1",38980000,0.253342,0,0,0.253342,"chr036853.1",38930001,39030000
"NC_036853.1",38990000,0.255214,0,0,0.255214,"chr036853.1",38940001,39040000
"NC_036853.1",3.9e+07,0.328934,0,0,0.328934,"chr036853.1",38950001,39050000
"NC_036853.1",39010000,0.398891,0,0,0.398891,"chr036853.1",38960001,39060000
"NC_036853.1",39020000,0.365992,0,0,0.365992,"chr036853.1",38970001,39070000
"NC_036853.1",39030000,0.280065,0,0,0.280065,"chr036853.1",38980001,39080000
"NC_036853.1",39040000,0.212137,0,0,0.212137,"chr036853.1",38990001,39090000
"NC_036853.1",40540000,0.237163,0.0157927,0.134863,0.237163,"chr036853.1",40490001,40590000
"NC_036853.1",40550000,0.208566,0.0212182,0.107346,0.208566,"chr036853.1",40500001,40600000
"NC_036853.1",40800000,0.228804,0,0,0.228804,"chr036853.1",40750001,40850000
"NC_036853.1",40810000,0.205558,0,0,0.205558,"chr036853.1",40760001,40860000
"NC_036853.1",41060000,0.213556,0,0.0432254,0.213556,"chr036853.1",41010001,41110000
"NC_036853.1",41070000,0.238921,0.00739669,0.0190389,0.238921,"chr036853.1",41020001,41120000
"NC_036853.1",41080000,0.260561,0.00474496,0.011399,0.260561,"chr036853.1",41030001,41130000
"NC_036853.1",41090000,0.259424,0.00891941,0.00876621,0.259424,"chr036853.1",41040001,41140000
"NC_036853.1",41100000,0.257782,0.0149291,0.0152201,0.257782,"chr036853.1",41050001,41150000
"NC_036853.1",41110000,0.258479,0.00657628,0.0106628,0.258479,"chr036853.1",41060001,41160000
"NC_036853.1",41120000,0.270384,0.0161554,0.0113291,0.270384,"chr036853.1",41070001,41170000
"NC_036853.1",41130000,0.2136,0.00633218,0.0101387,0.2136,"chr036853.1",41080001,41180000
"NC_036853.1",41150000,0.200985,0,0.0165879,0.200985,"chr036853.1",41100001,41200000
"NC_036853.1",41160000,0.204063,0,0.0134123,0.204063,"chr036853.1",41110001,41210000
"NC_036853.1",42040000,0.215956,0.0116789,0.00777269,0.215956,"chr036853.1",41990001,42090000
"NC_036853.1",42050000,0.222057,0.0122256,0.00798935,0.222057,"chr036853.1",42000001,42100000
"NC_036853.1",42060000,0.229225,0.00663322,0.00931862,0.229225,"chr036853.1",42010001,42110000
"NC_036853.1",42070000,0.20554,0.00320566,0.0164448,0.20554,"chr036853.1",42020001,42120000
"NC_036853.1",42080000,0.215273,0.00307698,0.00407188,0.215273,"chr036853.1",42030001,42130000
"NC_036853.1",42090000,0.235444,0,0.0170548,0.235444,"chr036853.1",42040001,42140000
"NC_036853.1",42910000,0.216836,0.0488528,0,0.216836,"chr036853.1",42860001,42960000
"NC_036853.1",42930000,0.234029,0.0646156,0,0.234029,"chr036853.1",42880001,42980000
"NC_036853.1",45340000,0.0298953,0.207818,0.000576143,0.207818,"chr036853.1",45290001,45390000
"NC_036853.1",46030000,0.00893076,0.214342,0.0588844,0.214342,"chr036853.1",45980001,46080000
"NC_036853.1",46040000,0.0207317,0.264168,0.0664564,0.264168,"chr036853.1",45990001,46090000
"NC_036853.1",46050000,0.0190587,0.290784,0.0769231,0.290784,"chr036853.1",46000001,46100000
"NC_036853.1",46060000,0.00440118,0.305837,0.0813321,0.305837,"chr036853.1",46010001,46110000
"NC_036853.1",46070000,0.0216109,0.331096,0.0791223,0.331096,"chr036853.1",46020001,46120000
"NC_036853.1",46080000,0.0325809,0.353986,0.0927001,0.353986,"chr036853.1",46030001,46130000
"NC_036853.1",46090000,0.0338757,0.339107,0.0897531,0.339107,"chr036853.1",46040001,46140000
"NC_036853.1",46100000,0.0346783,0.328029,0.0835194,0.328029,"chr036853.1",46050001,46150000
"NC_036853.1",46110000,0.0269235,0.29924,0.078365,0.29924,"chr036853.1",46060001,46160000
"NC_036853.1",46120000,0.0297892,0.288897,0.0836661,0.288897,"chr036853.1",46070001,46170000
"NC_036853.1",46130000,0.0281358,0.241344,0.0641444,0.241344,"chr036853.1",46080001,46180000
"NC_036853.1",46140000,0.0196127,0.21569,0.0561098,0.21569,"chr036853.1",46090001,46190000
"NC_036853.1",46150000,0.0227777,0.206588,0.0523364,0.206588,"chr036853.1",46100001,46200000
"NC_036853.1",46690000,0.205505,0.1231,0.0805769,0.205505,"chr036853.1",46640001,46740000
"NC_036853.1",47210000,0.00397845,0.0176261,0.200081,0.200081,"chr036853.1",47160001,47260000
"NC_036853.1",47220000,0.0140272,0.0119856,0.346695,0.346695,"chr036853.1",47170001,47270000
"NC_036853.1",47230000,0.0158731,0.0137863,0.327846,0.327846,"chr036853.1",47180001,47280000
"NC_036853.1",47240000,0.0441633,0.00951324,0.347677,0.347677,"chr036853.1",47190001,47290000
"NC_036853.1",47250000,0.0414142,0.0132491,0.345074,0.345074,"chr036853.1",47200001,47300000
"NC_036853.1",47420000,0.00778545,0.00237377,0.229561,0.229561,"chr036853.1",47370001,47470000
"NC_036853.1",47430000,0.0132888,0,0.22756,0.22756,"chr036853.1",47380001,47480000
"NC_036853.1",47440000,0.00577517,0.014345,0.270891,0.270891,"chr036853.1",47390001,47490000
"NC_036853.1",47480000,0.0147558,0.0349794,0.276111,0.276111,"chr036853.1",47430001,47530000
"NC_036853.1",47490000,0.0320675,0.0491354,0.241858,0.241858,"chr036853.1",47440001,47540000
"NC_036853.1",47520000,0.0123996,0.0437092,0.217105,0.217105,"chr036853.1",47470001,47570000
"NC_036853.1",47530000,0.0363342,0.0324866,0.216484,0.216484,"chr036853.1",47480001,47580000
"NC_036853.1",47540000,0.0288912,0.0178484,0.212209,0.212209,"chr036853.1",47490001,47590000
"NC_036853.1",47550000,0.0384051,0.0161541,0.225626,0.225626,"chr036853.1",47500001,47600000
"NC_036853.1",47560000,0.0374373,0.0141217,0.200382,0.200382,"chr036853.1",47510001,47610000
"NC_036853.1",47600000,0.048027,0,0.21281,0.21281,"chr036853.1",47550001,47650000
"NC_036853.1",47650000,0.0125072,0.0428918,0.233785,0.233785,"chr036853.1",47600001,47700000
"NC_036853.1",47660000,0.0142939,0.0429384,0.241593,0.241593,"chr036853.1",47610001,47710000
"NC_036853.1",47670000,0.00789174,0.0422445,0.245529,0.245529,"chr036853.1",47620001,47720000
"NC_036853.1",47680000,0.00776415,0.0430622,0.215701,0.215701,"chr036853.1",47630001,47730000
"NC_036853.1",47690000,0.00583645,0.0489138,0.205035,0.205035,"chr036853.1",47640001,47740000
"NC_036853.1",47700000,0.0113146,0.0556682,0.22859,0.22859,"chr036853.1",47650001,47750000
"NC_036853.1",47720000,0.0134879,0.0630788,0.228254,0.228254,"chr036853.1",47670001,47770000
"NC_036853.1",47730000,0.0257975,0.0292652,0.248579,0.248579,"chr036853.1",47680001,47780000
"NC_036853.1",47810000,0.0302255,0,0.220973,0.220973,"chr036853.1",47760001,47860000
"NC_036853.1",47870000,0.00984516,0.00466108,0.201929,0.201929,"chr036853.1",47820001,47920000
"NC_036853.1",48270000,0.032901,0,0.294047,0.294047,"chr036853.1",48220001,48320000
"NC_036853.1",48280000,0.0267213,0,0.29871,0.29871,"chr036853.1",48230001,48330000
"NC_036853.1",48290000,0.0282725,0,0.293958,0.293958,"chr036853.1",48240001,48340000
"NC_036853.1",48300000,0.0451743,0,0.328557,0.328557,"chr036853.1",48250001,48350000
"NC_036853.1",48310000,0.0752503,0,0.26971,0.26971,"chr036853.1",48260001,48360000
"NC_036853.1",50100000,0,0.208689,0.00761101,0.208689,"chr036853.1",50050001,50150000
"NC_036853.1",50110000,0,0.205343,0.00528562,0.205343,"chr036853.1",50060001,50160000
"NC_036854.1",5130000,0.203074,0.0339732,0,0.203074,"chr036854.1",5080001,5180000
"NC_036854.1",5140000,0.246541,0.0380163,0.000628397,0.246541,"chr036854.1",5090001,5190000
"NC_036854.1",5150000,0.229501,0.0465317,0.015319,0.229501,"chr036854.1",5100001,5200000
"NC_036854.1",5160000,0.294136,0.0548172,0.0152284,0.294136,"chr036854.1",5110001,5210000
"NC_036854.1",5170000,0.286414,0.0490132,0.0186082,0.286414,"chr036854.1",5120001,5220000
"NC_036854.1",5180000,0.274678,0.0555957,0.0193264,0.274678,"chr036854.1",5130001,5230000
"NC_036854.1",5190000,0.249985,0.0473936,0.017331,0.249985,"chr036854.1",5140001,5240000
"NC_036854.1",8110000,0,0.012596,0.203912,0.203912,"chr036854.1",8060001,8160000
"NC_036854.1",8150000,0,0,0.243229,0.243229,"chr036854.1",8100001,8200000
"NC_036854.1",8160000,0,0,0.232196,0.232196,"chr036854.1",8110001,8210000
"NC_036854.1",8170000,0.0025589,0,0.256276,0.256276,"chr036854.1",8120001,8220000
"NC_036854.1",8180000,0.00408926,0,0.262056,0.262056,"chr036854.1",8130001,8230000
"NC_036854.1",8190000,0,0.0194588,0.268085,0.268085,"chr036854.1",8140001,8240000
"NC_036854.1",8200000,0,0,0.265422,0.265422,"chr036854.1",8150001,8250000
"NC_036854.1",9180000,0.0243386,0.201275,0.133818,0.201275,"chr036854.1",9130001,9230000
"NC_036854.1",9190000,0.0224102,0.203497,0.134299,0.203497,"chr036854.1",9140001,9240000
"NC_036854.1",9200000,0.0133676,0.199658,0.139131,0.199658,"chr036854.1",9150001,9250000
"NC_036854.1",9220000,0.0302982,0.217066,0.160455,0.217066,"chr036854.1",9170001,9270000
"NC_036854.1",9240000,0.0438863,0.281342,0.177649,0.281342,"chr036854.1",9190001,9290000
"NC_036854.1",9250000,0.0464171,0.220739,0.148316,0.220739,"chr036854.1",9200001,9300000
"NC_036854.1",11440000,0,0,0.205121,0.205121,"chr036854.1",11390001,11490000
"NC_036854.1",11450000,0,0,0.219531,0.219531,"chr036854.1",11400001,11500000
"NC_036854.1",11460000,0,0,0.222837,0.222837,"chr036854.1",11410001,11510000
"NC_036854.1",11580000,0,0.00240337,0.223085,0.223085,"chr036854.1",11530001,11630000
"NC_036854.1",11590000,0,0.0287295,0.251431,0.251431,"chr036854.1",11540001,11640000
"NC_036854.1",11600000,0,0.0374166,0.265897,0.265897,"chr036854.1",11550001,11650000
"NC_036854.1",11610000,0,0.0377894,0.246787,0.246787,"chr036854.1",11560001,11660000
"NC_036854.1",13440000,0,0.251441,0.00778412,0.251441,"chr036854.1",13390001,13490000
"NC_036854.1",19800000,0,0.221261,0,0.221261,"chr036854.1",19750001,19850000
"NC_036854.1",19810000,0,0.217636,0,0.217636,"chr036854.1",19760001,19860000
"NC_036854.1",19820000,0,0.225479,0,0.225479,"chr036854.1",19770001,19870000
"NC_036854.1",19830000,0,0.247483,0,0.247483,"chr036854.1",19780001,19880000
"NC_036854.1",19840000,0,0.25129,0,0.25129,"chr036854.1",19790001,19890000
"NC_036854.1",19850000,0,0.257339,0,0.257339,"chr036854.1",19800001,19900000
"NC_036854.1",19860000,0,0.250429,0,0.250429,"chr036854.1",19810001,19910000
"NC_036854.1",19870000,0,0.22993,0,0.22993,"chr036854.1",19820001,19920000
"NC_036854.1",19880000,0,0.301511,0,0.301511,"chr036854.1",19830001,19930000
"NC_036854.1",19890000,0,0.293797,0,0.293797,"chr036854.1",19840001,19940000
"NC_036854.1",20540000,0,0,0.210807,0.210807,"chr036854.1",20490001,20590000
"NC_036854.1",20550000,0,0,0.205103,0.205103,"chr036854.1",20500001,20600000
"NC_036854.1",20850000,0,0,0.24531,0.24531,"chr036854.1",20800001,20900000
"NC_036854.1",20860000,0,0,0.287952,0.287952,"chr036854.1",20810001,20910000
"NC_036854.1",20870000,0,0,0.348245,0.348245,"chr036854.1",20820001,20920000
"NC_036854.1",20880000,0,0,0.345871,0.345871,"chr036854.1",20830001,20930000
"NC_036854.1",20890000,0,0,0.298418,0.298418,"chr036854.1",20840001,20940000
"NC_036854.1",20900000,0,0,0.338224,0.338224,"chr036854.1",20850001,20950000
"NC_036854.1",20910000,0.00702984,0.0114641,0.339284,0.339284,"chr036854.1",20860001,20960000
"NC_036854.1",20920000,0.00932391,0.00931618,0.27543,0.27543,"chr036854.1",20870001,20970000
"NC_036854.1",20930000,0.012255,0.0129604,0.310117,0.310117,"chr036854.1",20880001,20980000
"NC_036854.1",20940000,0.0129636,0.00919494,0.305377,0.305377,"chr036854.1",20890001,20990000
"NC_036854.1",20950000,0.012469,0.0120463,0.306702,0.306702,"chr036854.1",20900001,2.1e+07
"NC_036854.1",20960000,0.00546852,0.00670918,0.246023,0.246023,"chr036854.1",20910001,21010000
"NC_036854.1",20970000,0.00478794,0.00935377,0.246833,0.246833,"chr036854.1",20920001,21020000
"NC_036854.1",20980000,0.00449629,0.00887202,0.241704,0.241704,"chr036854.1",20930001,21030000
"NC_036854.1",20990000,0.00488513,0.0153714,0.27995,0.27995,"chr036854.1",20940001,21040000
"NC_036854.1",2.1e+07,0.00340622,0.00757945,0.249148,0.249148,"chr036854.1",20950001,21050000
"NC_036854.1",21010000,0.0255469,0.00430442,0.208827,0.208827,"chr036854.1",20960001,21060000
"NC_036854.1",21020000,0.0322257,0.00465214,0.260317,0.260317,"chr036854.1",20970001,21070000
"NC_036854.1",21040000,0.0249636,0,0.20643,0.20643,"chr036854.1",20990001,21090000
"NC_036854.1",21050000,0.030713,0,0.205983,0.205983,"chr036854.1",21000001,21100000
"NC_036854.1",21060000,0.0407719,0.00351731,0.218657,0.218657,"chr036854.1",21010001,21110000
"NC_036854.1",21070000,0.0332141,0.000412006,0.209927,0.209927,"chr036854.1",21020001,21120000
"NC_036854.1",21080000,0.0257891,0.00525959,0.25396,0.25396,"chr036854.1",21030001,21130000
"NC_036854.1",21090000,0.0232391,0.0169025,0.248368,0.248368,"chr036854.1",21040001,21140000
"NC_036854.1",21100000,0.0227089,0.0223836,0.234148,0.234148,"chr036854.1",21050001,21150000
"NC_036854.1",21110000,0,0.0238677,0.274784,0.274784,"chr036854.1",21060001,21160000
"NC_036854.1",21120000,0.000802761,0.039899,0.262751,0.262751,"chr036854.1",21070001,21170000
"NC_036854.1",21130000,0.00109708,0.0394315,0.250062,0.250062,"chr036854.1",21080001,21180000
"NC_036854.1",21140000,0,0.0310426,0.223095,0.223095,"chr036854.1",21090001,21190000
"NC_036854.1",21160000,0.00282243,0.0325888,0.265868,0.265868,"chr036854.1",21110001,21210000
"NC_036854.1",21170000,0.0231806,0.0329071,0.246245,0.246245,"chr036854.1",21120001,21220000
"NC_036854.1",21250000,0.0171133,0.02333,0.214361,0.214361,"chr036854.1",21200001,21300000
"NC_036854.1",21260000,0.0161875,0.0186907,0.207312,0.207312,"chr036854.1",21210001,21310000
"NC_036854.1",21280000,0.00122684,0.0193575,0.205405,0.205405,"chr036854.1",21230001,21330000
"NC_036854.1",21290000,0.00841347,0.0142993,0.212814,0.212814,"chr036854.1",21240001,21340000
"NC_036854.1",21820000,0.218353,0.0539087,0.110267,0.218353,"chr036854.1",21770001,21870000
"NC_036854.1",21830000,0.256481,0.0603795,0.112544,0.256481,"chr036854.1",21780001,21880000
"NC_036854.1",21840000,0.275609,0.0567562,0.116406,0.275609,"chr036854.1",21790001,21890000
"NC_036854.1",21850000,0.286497,0.0585781,0.126008,0.286497,"chr036854.1",21800001,21900000
"NC_036854.1",21860000,0.301692,0.00941519,0.182236,0.301692,"chr036854.1",21810001,21910000
"NC_036854.1",21870000,0.402312,0.0167963,0.248749,0.402312,"chr036854.1",21820001,21920000
"NC_036854.1",21880000,0.38315,0.042241,0.240372,0.38315,"chr036854.1",21830001,21930000
"NC_036854.1",21890000,0.362353,0.0238123,0.22551,0.362353,"chr036854.1",21840001,21940000
"NC_036854.1",21900000,0.300881,0.030026,0.203402,0.300881,"chr036854.1",21850001,21950000
"NC_036854.1",21910000,0.321685,0.0345851,0.218781,0.321685,"chr036854.1",21860001,21960000
"NC_036854.1",21920000,0.269721,0.0232394,0.178722,0.269721,"chr036854.1",21870001,21970000
"NC_036854.1",21930000,0.289897,0,0.0666923,0.289897,"chr036854.1",21880001,21980000
"NC_036854.1",21940000,0.265603,0,0.0177095,0.265603,"chr036854.1",21890001,21990000
"NC_036854.1",21950000,0.226607,0,0,0.226607,"chr036854.1",21900001,2.2e+07
"NC_036854.1",21960000,0.210853,0,0,0.210853,"chr036854.1",21910001,22010000
"NC_036854.1",21970000,0.221901,0,0,0.221901,"chr036854.1",21920001,22020000
"NC_036854.1",21980000,0.216716,0,0,0.216716,"chr036854.1",21930001,22030000
"NC_036854.1",21990000,0.223043,0,0,0.223043,"chr036854.1",21940001,22040000
"NC_036854.1",23590000,0,0.000282502,0.202025,0.202025,"chr036854.1",23540001,23640000
"NC_036854.1",23600000,0,0.0599903,0.322951,0.322951,"chr036854.1",23550001,23650000
"NC_036854.1",23610000,0,0.0518716,0.328876,0.328876,"chr036854.1",23560001,23660000
"NC_036854.1",27690000,0.0478525,0.101905,0.200911,0.200911,"chr036854.1",27640001,27740000
"NC_036854.1",27890000,0.170675,0.21124,0.176097,0.21124,"chr036854.1",27840001,27940000
"NC_036854.1",27900000,0.171003,0.205931,0.18185,0.205931,"chr036854.1",27850001,27950000
"NC_036854.1",27910000,0.258614,0.290941,0.29203,0.29203,"chr036854.1",27860001,27960000
"NC_036854.1",27920000,0.234257,0.279911,0.272363,0.279911,"chr036854.1",27870001,27970000
"NC_036854.1",27930000,0.201747,0.264573,0.238839,0.264573,"chr036854.1",27880001,27980000
"NC_036854.1",27940000,0.186397,0.247726,0.255311,0.255311,"chr036854.1",27890001,27990000
"NC_036854.1",27950000,0.168866,0.210354,0.207472,0.210354,"chr036854.1",27900001,2.8e+07
"NC_036854.1",27960000,0.163108,0.204405,0.189237,0.204405,"chr036854.1",27910001,28010000
"NC_036854.1",34560000,0.214479,0.0508272,0,0.214479,"chr036854.1",34510001,34610000
"NC_036854.1",34780000,0.201545,0.0301014,0.0247742,0.201545,"chr036854.1",34730001,34830000
"NC_036854.1",34790000,0.215381,0.0154898,0.0275386,0.215381,"chr036854.1",34740001,34840000
"NC_036854.1",34800000,0.210389,0.0148071,0.0250929,0.210389,"chr036854.1",34750001,34850000
"NC_036854.1",34810000,0.216009,0.0141939,0.0211204,0.216009,"chr036854.1",34760001,34860000
"NC_036854.1",36890000,0,0.201374,0,0.201374,"chr036854.1",36840001,36940000
"NC_036854.1",38930000,0.0698999,0.0524131,0.242768,0.242768,"chr036854.1",38880001,38980000
"NC_036854.1",38940000,0.0920876,0.0613805,0.299869,0.299869,"chr036854.1",38890001,38990000
"NC_036854.1",38950000,0.106918,0.0717536,0.33726,0.33726,"chr036854.1",38900001,3.9e+07
"NC_036854.1",38960000,0.100816,0.0717911,0.322128,0.322128,"chr036854.1",38910001,39010000
"NC_036854.1",38970000,0.0987828,0.0695391,0.313457,0.313457,"chr036854.1",38920001,39020000
"NC_036854.1",38980000,0.104735,0.0794625,0.306511,0.306511,"chr036854.1",38930001,39030000
"NC_036854.1",38990000,0.111621,0.120444,0.338636,0.338636,"chr036854.1",38940001,39040000
"NC_036854.1",3.9e+07,0.0886666,0.109483,0.29674,0.29674,"chr036854.1",38950001,39050000
"NC_036854.1",39010000,0.0907559,0.108348,0.294715,0.294715,"chr036854.1",38960001,39060000
"NC_036854.1",39020000,0.0895254,0.107339,0.287006,0.287006,"chr036854.1",38970001,39070000
"NC_036854.1",39030000,0.0676412,0.122259,0.258293,0.258293,"chr036854.1",38980001,39080000
"NC_036854.1",39040000,0.0487208,0.120801,0.217793,0.217793,"chr036854.1",38990001,39090000
"NC_036854.1",39610000,0,0.010484,0.200873,0.200873,"chr036854.1",39560001,39660000
"NC_036854.1",39620000,0.00198338,0.031841,0.214384,0.214384,"chr036854.1",39570001,39670000
"NC_036854.1",39630000,0,0.0423528,0.282291,0.282291,"chr036854.1",39580001,39680000
"NC_036854.1",39640000,0,0.0505707,0.307619,0.307619,"chr036854.1",39590001,39690000
"NC_036854.1",39650000,0.0123014,0.064052,0.325142,0.325142,"chr036854.1",39600001,39700000
"NC_036854.1",39660000,0.00409919,0.0413488,0.332141,0.332141,"chr036854.1",39610001,39710000
"NC_036854.1",39670000,0.00298261,0.030592,0.302839,0.302839,"chr036854.1",39620001,39720000
"NC_036854.1",39780000,0,0,0.204425,0.204425,"chr036854.1",39730001,39830000
"NC_036854.1",39850000,0.00856259,0,0.232724,0.232724,"chr036854.1",39800001,39900000
"NC_036854.1",39860000,0.0148862,0.0206958,0.281769,0.281769,"chr036854.1",39810001,39910000
"NC_036854.1",39870000,0.010685,0.0161535,0.308024,0.308024,"chr036854.1",39820001,39920000
"NC_036854.1",39880000,0.0119515,0.0104345,0.309527,0.309527,"chr036854.1",39830001,39930000
"NC_036854.1",39890000,0,0.0199274,0.604652,0.604652,"chr036854.1",39840001,39940000
"NC_036854.1",39900000,0,0.0230207,0.587594,0.587594,"chr036854.1",39850001,39950000
"NC_036854.1",39910000,0,0.0249407,0.581283,0.581283,"chr036854.1",39860001,39960000
"NC_036854.1",39920000,0,0.0178426,0.532936,0.532936,"chr036854.1",39870001,39970000
"NC_036854.1",39930000,0.00659493,0.0109557,0.447386,0.447386,"chr036854.1",39880001,39980000
"NC_036854.1",39940000,0.0163875,0.0172817,0.428631,0.428631,"chr036854.1",39890001,39990000
"NC_036854.1",39950000,0,0.00790847,0.332964,0.332964,"chr036854.1",39900001,4e+07
"NC_036854.1",39960000,0,0,0.316362,0.316362,"chr036854.1",39910001,40010000
"NC_036854.1",40620000,0,0.232489,0.0288107,0.232489,"chr036854.1",40570001,40670000
"NC_036854.1",41010000,0.204837,0,0,0.204837,"chr036854.1",40960001,41060000
"NC_036854.1",43970000,0,0.202994,0.00114829,0.202994,"chr036854.1",43920001,44020000
"NC_036854.1",43980000,0,0.230668,0,0.230668,"chr036854.1",43930001,44030000
"NC_036854.1",43990000,0,0.294442,0,0.294442,"chr036854.1",43940001,44040000
"NC_036854.1",4.4e+07,0,0.238182,0,0.238182,"chr036854.1",43950001,44050000
"NC_036854.1",44010000,0,0.258741,0,0.258741,"chr036854.1",43960001,44060000
"NC_036854.1",44020000,0,0.270088,0,0.270088,"chr036854.1",43970001,44070000
"NC_036854.1",44030000,0,0.221374,0,0.221374,"chr036854.1",43980001,44080000
"NC_036854.1",44040000,0,0.201385,0.0112819,0.201385,"chr036854.1",43990001,44090000
"NC_036854.1",44050000,0,0.212902,0.0278386,0.212902,"chr036854.1",44000001,44100000
"NC_036854.1",47330000,0,0,0.221242,0.221242,"chr036854.1",47280001,47380000
"NC_036854.1",47340000,0,0,0.262003,0.262003,"chr036854.1",47290001,47390000
"NC_036854.1",47350000,0,0,0.265391,0.265391,"chr036854.1",47300001,47400000
"NC_036854.1",47360000,0,0,0.269047,0.269047,"chr036854.1",47310001,47410000
"NC_036854.1",47370000,0,0,0.253087,0.253087,"chr036854.1",47320001,47420000
"NC_036854.1",47380000,0,0,0.264731,0.264731,"chr036854.1",47330001,47430000
"NC_036854.1",47390000,0,0,0.260776,0.260776,"chr036854.1",47340001,47440000
"NC_036854.1",47400000,0,0,0.274052,0.274052,"chr036854.1",47350001,47450000
"NC_036854.1",47410000,0,0,0.308091,0.308091,"chr036854.1",47360001,47460000
"NC_036854.1",47420000,0,0,0.309201,0.309201,"chr036854.1",47370001,47470000
"NC_036854.1",47430000,0,0,0.335258,0.335258,"chr036854.1",47380001,47480000
"NC_036854.1",47440000,0,0,0.5079,0.5079,"chr036854.1",47390001,47490000
"NC_036854.1",47450000,0,0,0.526246,0.526246,"chr036854.1",47400001,47500000
"NC_036854.1",47460000,0,0,0.426534,0.426534,"chr036854.1",47410001,47510000
"NC_036854.1",47470000,0,0,0.455009,0.455009,"chr036854.1",47420001,47520000
"NC_036854.1",47480000,0,0,0.411848,0.411848,"chr036854.1",47430001,47530000
"NC_036854.1",47490000,0,0,0.396802,0.396802,"chr036854.1",47440001,47540000
"NC_036854.1",47500000,0,0,0.304102,0.304102,"chr036854.1",47450001,47550000
"NC_036854.1",47510000,0,0,0.199112,0.199112,"chr036854.1",47460001,47560000
"NC_036854.1",47910000,0.204723,0,0.121906,0.204723,"chr036854.1",47860001,47960000
"NC_036854.1",47930000,0.198987,0,0.118863,0.198987,"chr036854.1",47880001,47980000
"NC_036854.1",48610000,0,0,0.200793,0.200793,"chr036854.1",48560001,48660000
"NC_036854.1",48620000,0,0,0.21553,0.21553,"chr036854.1",48570001,48670000
"NC_036854.1",48630000,0.00312106,0,0.237089,0.237089,"chr036854.1",48580001,48680000
"NC_036854.1",48640000,0,0.000297056,0.221529,0.221529,"chr036854.1",48590001,48690000
"NC_036854.1",48650000,0.00381946,0.00383141,0.205001,0.205001,"chr036854.1",48600001,48700000
"NC_036854.1",49100000,0.149959,0,0.211201,0.211201,"chr036854.1",49050001,49150000
"NC_036854.1",49300000,0.211268,0,0,0.211268,"chr036854.1",49250001,49350000
"NC_036854.1",49310000,0.211268,0,0,0.211268,"chr036854.1",49260001,49360000
"NC_036854.1",49420000,0,0,0.249645,0.249645,"chr036854.1",49370001,49470000
"NC_036854.1",49430000,0,0,0.249645,0.249645,"chr036854.1",49380001,49480000
"NC_036854.1",49440000,0,0,0.623269,0.623269,"chr036854.1",49390001,49490000
"NC_036854.1",49450000,0,0,0.623269,0.623269,"chr036854.1",49400001,49500000
"NC_036854.1",49460000,0,0,0.671642,0.671642,"chr036854.1",49410001,49510000
"NC_036854.1",49470000,0,0,0.671642,0.671642,"chr036854.1",49420001,49520000
"NC_036854.1",49480000,0.555556,0.172414,0,0.555556,"chr036854.1",49430001,49530000
"NC_036854.1",49880000,0,0.19999,0,0.19999,"chr036854.1",49830001,49930000
"NC_036854.1",49890000,0,0.206766,0,0.206766,"chr036854.1",49840001,49940000
"NC_036854.1",49900000,0,0.203538,0,0.203538,"chr036854.1",49850001,49950000
"NC_036854.1",49910000,0,0.208263,0,0.208263,"chr036854.1",49860001,49960000
"NC_036854.1",49920000,0,0.291373,0,0.291373,"chr036854.1",49870001,49970000
"NC_036854.1",49930000,0,0.272876,0,0.272876,"chr036854.1",49880001,49980000
"NC_036854.1",50970000,0.0880646,0.221711,0.0158396,0.221711,"chr036854.1",50920001,51020000
"NC_036854.1",50980000,0.102685,0.229182,0.0303264,0.229182,"chr036854.1",50930001,51030000
"NC_036854.1",50990000,0.110025,0.270971,0.0602405,0.270971,"chr036854.1",50940001,51040000
"NC_036854.1",5.1e+07,0.116201,0.267123,0.0623948,0.267123,"chr036854.1",50950001,51050000
"NC_036854.1",51010000,0.137463,0.213324,0.0883448,0.213324,"chr036854.1",50960001,51060000
"NC_036854.1",51110000,0.108811,0.213692,0.224815,0.224815,"chr036854.1",51060001,51160000
"NC_036854.1",51120000,0.101858,0.250342,0.252381,0.252381,"chr036854.1",51070001,51170000
"NC_036854.1",51130000,0.0915789,0.282935,0.276605,0.282935,"chr036854.1",51080001,51180000
"NC_036854.1",51140000,0.0896002,0.302158,0.28249,0.302158,"chr036854.1",51090001,51190000
"NC_036854.1",51150000,0.0809745,0.352207,0.30243,0.352207,"chr036854.1",51100001,51200000
"NC_036854.1",51160000,0.0748774,0.39313,0.320466,0.39313,"chr036854.1",51110001,51210000
"NC_036854.1",51170000,0.0991268,0.4125,0.324317,0.4125,"chr036854.1",51120001,51220000
"NC_036854.1",51180000,0.0627626,0.406731,0.318862,0.406731,"chr036854.1",51130001,51230000
"NC_036854.1",51190000,0.0466226,0.397171,0.309276,0.397171,"chr036854.1",51140001,51240000
"NC_036854.1",51200000,0.0477707,0.449468,0.338287,0.449468,"chr036854.1",51150001,51250000
"NC_036854.1",51210000,0.0456353,0.448227,0.330975,0.448227,"chr036854.1",51160001,51260000
"NC_036854.1",51220000,0.0651994,0.327509,0.19315,0.327509,"chr036854.1",51170001,51270000
"NC_036854.1",51230000,0.0759619,0.308749,0.186961,0.308749,"chr036854.1",51180001,51280000
"NC_036854.1",51240000,0.074537,0.280446,0.174309,0.280446,"chr036854.1",51190001,51290000
"NC_036854.1",51250000,0.0736771,0.206734,0.120439,0.206734,"chr036854.1",51200001,51300000
"NC_036854.1",51480000,0.209156,0.0713348,0.086622,0.209156,"chr036854.1",51430001,51530000
"NC_036854.1",51490000,0.205556,0.0599452,0.0972459,0.205556,"chr036854.1",51440001,51540000
"NC_036854.1",51510000,0.220923,0.0220963,0.154431,0.220923,"chr036854.1",51460001,51560000
"NC_036854.1",51520000,0.218443,0.0132748,0.13443,0.218443,"chr036854.1",51470001,51570000
"NC_036854.1",51530000,0.230613,0.0134955,0.135196,0.230613,"chr036854.1",51480001,51580000
"NC_036854.1",51540000,0.235237,0.00961275,0.162386,0.235237,"chr036854.1",51490001,51590000
"NC_036854.1",51870000,0,0,0.248135,0.248135,"chr036854.1",51820001,51920000
"NC_036854.1",51880000,0,0,0.249005,0.249005,"chr036854.1",51830001,51930000
"NC_036854.1",51890000,0,0,0.265313,0.265313,"chr036854.1",51840001,51940000
"NC_036854.1",51900000,0,0,0.248209,0.248209,"chr036854.1",51850001,51950000
"NC_036854.1",51910000,0,0,0.206738,0.206738,"chr036854.1",51860001,51960000
"NC_036854.1",51920000,0,0,0.23315,0.23315,"chr036854.1",51870001,51970000
"NC_036854.1",51930000,0.0146996,0,0.221904,0.221904,"chr036854.1",51880001,51980000
"NC_036854.1",52660000,0,0,0.20859,0.20859,"chr036854.1",52610001,52710000
"NC_036854.1",52670000,0,0,0.292998,0.292998,"chr036854.1",52620001,52720000
"NC_036854.1",52680000,0,0.00396955,0.396027,0.396027,"chr036854.1",52630001,52730000
"NC_036854.1",52690000,0,0,0.390607,0.390607,"chr036854.1",52640001,52740000
"NC_036854.1",52700000,0,0,0.391754,0.391754,"chr036854.1",52650001,52750000
"NC_036854.1",52710000,0,0.0113745,0.390796,0.390796,"chr036854.1",52660001,52760000
"NC_036854.1",52720000,0,0.0423387,0.30736,0.30736,"chr036854.1",52670001,52770000
"NC_036854.1",52730000,0,0.0497987,0.3091,0.3091,"chr036854.1",52680001,52780000
"NC_036854.1",52740000,0,0.0498848,0.287348,0.287348,"chr036854.1",52690001,52790000
"NC_036854.1",52750000,0,0.0429401,0.301741,0.301741,"chr036854.1",52700001,52800000
"NC_036854.1",52760000,0,0.0447515,0.299408,0.299408,"chr036854.1",52710001,52810000
"NC_036854.1",52770000,0,0.0378199,0.237283,0.237283,"chr036854.1",52720001,52820000
"NC_036855.1",1560000,0.0468565,0,0.241579,0.241579,"chr036855.1",1510001,1610000
"NC_036855.1",1570000,0.0419185,0,0.27841,0.27841,"chr036855.1",1520001,1620000
"NC_036855.1",1580000,0.045939,0,0.280743,0.280743,"chr036855.1",1530001,1630000
"NC_036855.1",1590000,0.0483756,0,0.288132,0.288132,"chr036855.1",1540001,1640000
"NC_036855.1",1600000,0.0513458,0,0.307441,0.307441,"chr036855.1",1550001,1650000
"NC_036855.1",1610000,0.0500049,0,0.283506,0.283506,"chr036855.1",1560001,1660000
"NC_036855.1",1620000,0.0524932,0,0.281976,0.281976,"chr036855.1",1570001,1670000
"NC_036855.1",1630000,0.0527763,0,0.229364,0.229364,"chr036855.1",1580001,1680000
"NC_036855.1",1640000,0.0527128,0,0.218765,0.218765,"chr036855.1",1590001,1690000
"NC_036855.1",1910000,0.127532,0.0462431,0.245991,0.245991,"chr036855.1",1860001,1960000
"NC_036855.1",1920000,0.132186,0.0686768,0.256712,0.256712,"chr036855.1",1870001,1970000
"NC_036855.1",1930000,0.117612,0.0885218,0.240649,0.240649,"chr036855.1",1880001,1980000
"NC_036855.1",1940000,0.0943112,0.0891969,0.219847,0.219847,"chr036855.1",1890001,1990000
"NC_036855.1",1950000,0.0727129,0.0769199,0.200125,0.200125,"chr036855.1",1900001,2e+06
"NC_036855.1",12700000,0.202906,0.130603,0.177316,0.202906,"chr036855.1",12650001,12750000
"NC_036855.1",14170000,0,0,0.211611,0.211611,"chr036855.1",14120001,14220000
"NC_036855.1",14180000,0,0,0.216889,0.216889,"chr036855.1",14130001,14230000
"NC_036855.1",14190000,0,0,0.238039,0.238039,"chr036855.1",14140001,14240000
"NC_036855.1",14200000,0,0,0.21744,0.21744,"chr036855.1",14150001,14250000
"NC_036855.1",14210000,0,0,0.241987,0.241987,"chr036855.1",14160001,14260000
"NC_036855.1",14220000,0,0,0.358511,0.358511,"chr036855.1",14170001,14270000
"NC_036855.1",14230000,0,0,0.375553,0.375553,"chr036855.1",14180001,14280000
"NC_036855.1",14240000,0,0,0.317818,0.317818,"chr036855.1",14190001,14290000
"NC_036855.1",14250000,0,0,0.263491,0.263491,"chr036855.1",14200001,14300000
"NC_036855.1",14260000,0,0,0.248611,0.248611,"chr036855.1",14210001,14310000
"NC_036855.1",14270000,0,0,0.214805,0.214805,"chr036855.1",14220001,14320000
"NC_036855.1",17410000,0.233705,0,0,0.233705,"chr036855.1",17360001,17460000
"NC_036855.1",17460000,0.211601,0,0,0.211601,"chr036855.1",17410001,17510000
"NC_036855.1",17470000,0.207104,0,0,0.207104,"chr036855.1",17420001,17520000
"NC_036855.1",17480000,0.216331,0,0,0.216331,"chr036855.1",17430001,17530000
"NC_036855.1",17490000,0.202936,0,0,0.202936,"chr036855.1",17440001,17540000
"NC_036855.1",17510000,0.199728,0,0,0.199728,"chr036855.1",17460001,17560000
"NC_036855.1",17520000,0.285306,0,0,0.285306,"chr036855.1",17470001,17570000
"NC_036855.1",17530000,0.339569,0,0,0.339569,"chr036855.1",17480001,17580000
"NC_036855.1",17540000,0.333362,0,0,0.333362,"chr036855.1",17490001,17590000
"NC_036855.1",17550000,0.304155,0,0,0.304155,"chr036855.1",17500001,17600000
"NC_036855.1",17560000,0.296913,0,0,0.296913,"chr036855.1",17510001,17610000
"NC_036855.1",17570000,0.278462,0,0,0.278462,"chr036855.1",17520001,17620000
"NC_036855.1",17580000,0.259719,0,0,0.259719,"chr036855.1",17530001,17630000
"NC_036855.1",17590000,0.289688,0,0,0.289688,"chr036855.1",17540001,17640000
"NC_036855.1",17600000,0.306146,0,0,0.306146,"chr036855.1",17550001,17650000
"NC_036855.1",17610000,0.297574,0,0,0.297574,"chr036855.1",17560001,17660000
"NC_036855.1",17620000,0.312061,0,0,0.312061,"chr036855.1",17570001,17670000
"NC_036855.1",17630000,0.334449,0,0,0.334449,"chr036855.1",17580001,17680000
"NC_036855.1",17640000,0.33731,0,0,0.33731,"chr036855.1",17590001,17690000
"NC_036855.1",17650000,0.338723,0,0,0.338723,"chr036855.1",17600001,17700000
"NC_036855.1",17660000,0.320241,0,0,0.320241,"chr036855.1",17610001,17710000
"NC_036855.1",17670000,0.353134,0,0,0.353134,"chr036855.1",17620001,17720000
"NC_036855.1",17680000,0.38887,0,0,0.38887,"chr036855.1",17630001,17730000
"NC_036855.1",17690000,0.369389,0,0,0.369389,"chr036855.1",17640001,17740000
"NC_036855.1",17700000,0.393277,0,0,0.393277,"chr036855.1",17650001,17750000
"NC_036855.1",17710000,0.396557,0,0,0.396557,"chr036855.1",17660001,17760000
"NC_036855.1",17720000,0.385276,0,0,0.385276,"chr036855.1",17670001,17770000
"NC_036855.1",17730000,0.355755,0,0,0.355755,"chr036855.1",17680001,17780000
"NC_036855.1",17740000,0.339811,0,0,0.339811,"chr036855.1",17690001,17790000
"NC_036855.1",17750000,0.283836,0,0.027215,0.283836,"chr036855.1",17700001,17800000
"NC_036855.1",17760000,0.284834,0,0.0709225,0.284834,"chr036855.1",17710001,17810000
"NC_036855.1",17770000,0.241133,0,0.0852446,0.241133,"chr036855.1",17720001,17820000
"NC_036855.1",17890000,0.029538,0.0236522,0.22762,0.22762,"chr036855.1",17840001,17940000
"NC_036855.1",17900000,0.0281527,0.0217392,0.20027,0.20027,"chr036855.1",17850001,17950000
"NC_036855.1",22490000,0.0128099,0.0654962,0.203374,0.203374,"chr036855.1",22440001,22540000
"NC_036855.1",22580000,0,0.219432,0.2543,0.2543,"chr036855.1",22530001,22630000
"NC_036855.1",22590000,0,0.200937,0.239914,0.239914,"chr036855.1",22540001,22640000
"NC_036855.1",22600000,0,0.205154,0.253807,0.253807,"chr036855.1",22550001,22650000
"NC_036855.1",22610000,0,0.204099,0.250659,0.250659,"chr036855.1",22560001,22660000
"NC_036855.1",22620000,0,0.213604,0.265758,0.265758,"chr036855.1",22570001,22670000
"NC_036855.1",22630000,0,0.172831,0.201572,0.201572,"chr036855.1",22580001,22680000
"NC_036855.1",22640000,0,0.166869,0.1999,0.1999,"chr036855.1",22590001,22690000
"NC_036855.1",22650000,0,0.168531,0.20419,0.20419,"chr036855.1",22600001,22700000
"NC_036855.1",22660000,0,0.170248,0.200893,0.200893,"chr036855.1",22610001,22710000
"NC_036855.1",23910000,0,0.000179167,0.208446,0.208446,"chr036855.1",23860001,23960000
"NC_036855.1",23920000,0,0,0.259974,0.259974,"chr036855.1",23870001,23970000
"NC_036855.1",24740000,0,0.211576,0,0.211576,"chr036855.1",24690001,24790000
"NC_036855.1",24760000,0,0.20582,0,0.20582,"chr036855.1",24710001,24810000
"NC_036855.1",24770000,0,0.205433,0,0.205433,"chr036855.1",24720001,24820000
"NC_036855.1",24780000,0,0.240389,0,0.240389,"chr036855.1",24730001,24830000
"NC_036855.1",24790000,0,0.24818,0,0.24818,"chr036855.1",24740001,24840000
"NC_036855.1",24800000,0,0.306593,0,0.306593,"chr036855.1",24750001,24850000
"NC_036855.1",24810000,0,0.283911,0,0.283911,"chr036855.1",24760001,24860000
"NC_036855.1",24820000,0,0.283209,0,0.283209,"chr036855.1",24770001,24870000
"NC_036855.1",24830000,0,0.203558,0,0.203558,"chr036855.1",24780001,24880000
"NC_036855.1",31440000,0,0,0.222211,0.222211,"chr036855.1",31390001,31490000
"NC_036855.1",31730000,0,0.0012102,0.274012,0.274012,"chr036855.1",31680001,31780000
"NC_036855.1",31740000,0,0.0110059,0.290192,0.290192,"chr036855.1",31690001,31790000
"NC_036855.1",31750000,0,0.0185912,0.302428,0.302428,"chr036855.1",31700001,31800000
"NC_036855.1",31760000,0,0.0220824,0.376791,0.376791,"chr036855.1",31710001,31810000
"NC_036855.1",31770000,0,0.0161588,0.365667,0.365667,"chr036855.1",31720001,31820000
"NC_036855.1",31780000,0.0180147,0.0409111,0.305552,0.305552,"chr036855.1",31730001,31830000
"NC_036855.1",32260000,0,0,0.246801,0.246801,"chr036855.1",32210001,32310000
"NC_036855.1",32270000,0,0,0.247454,0.247454,"chr036855.1",32220001,32320000
"NC_036855.1",32280000,0,0,0.272947,0.272947,"chr036855.1",32230001,32330000
"NC_036855.1",32290000,0,0,0.278261,0.278261,"chr036855.1",32240001,32340000
"NC_036855.1",32300000,0,0,0.24434,0.24434,"chr036855.1",32250001,32350000
"NC_036855.1",32310000,0,0,0.266101,0.266101,"chr036855.1",32260001,32360000
"NC_036855.1",32320000,0.000519437,0,0.229919,0.229919,"chr036855.1",32270001,32370000
"NC_036855.1",32330000,0,0.0274169,0.203414,0.203414,"chr036855.1",32280001,32380000
"NC_036855.1",35100000,0.0530054,0,0.274871,0.274871,"chr036855.1",35050001,35150000
"NC_036855.1",35110000,0.0725931,0,0.20075,0.20075,"chr036855.1",35060001,35160000
"NC_036855.1",35120000,0.10315,0,0.199203,0.199203,"chr036855.1",35070001,35170000
"NC_036855.1",37450000,0.155613,0.234113,0.0993157,0.234113,"chr036855.1",37400001,37500000
"NC_036855.1",37460000,0.151684,0.244379,0.11987,0.244379,"chr036855.1",37410001,37510000
"NC_036855.1",37470000,0.140089,0.273325,0.149909,0.273325,"chr036855.1",37420001,37520000
"NC_036855.1",37480000,0.155809,0.34883,0.21687,0.34883,"chr036855.1",37430001,37530000
"NC_036855.1",37490000,0.131202,0.338241,0.203311,0.338241,"chr036855.1",37440001,37540000
"NC_036855.1",37500000,0.143442,0.341434,0.197756,0.341434,"chr036855.1",37450001,37550000
"NC_036855.1",37510000,0.149938,0.368493,0.208272,0.368493,"chr036855.1",37460001,37560000
"NC_036855.1",37520000,0.161722,0.368669,0.219175,0.368669,"chr036855.1",37470001,37570000
"NC_036855.1",37530000,0.134732,0.363545,0.219714,0.363545,"chr036855.1",37480001,37580000
"NC_036855.1",37540000,0.1469,0.317778,0.159925,0.317778,"chr036855.1",37490001,37590000
"NC_036855.1",37550000,0.130298,0.20878,0.0766963,0.20878,"chr036855.1",37500001,37600000
"NC_036855.1",37570000,0.10046,0.202298,0.0424742,0.202298,"chr036855.1",37520001,37620000
"NC_036855.1",39040000,0,0.214503,0,0.214503,"chr036855.1",38990001,39090000
"NC_036855.1",39050000,0,0.286132,0,0.286132,"chr036855.1",39000001,39100000
"NC_036855.1",39060000,0,0.341463,0,0.341463,"chr036855.1",39010001,39110000
"NC_036855.1",39070000,0,0.315788,0,0.315788,"chr036855.1",39020001,39120000
"NC_036855.1",39080000,0,0.312613,0,0.312613,"chr036855.1",39030001,39130000
"NC_036855.1",39090000,0,0.305809,0,0.305809,"chr036855.1",39040001,39140000
"NC_036855.1",39100000,0.00916946,0.305354,0,0.305354,"chr036855.1",39050001,39150000
"NC_036855.1",39110000,0,0.333649,0,0.333649,"chr036855.1",39060001,39160000
"NC_036855.1",39120000,0.0112106,0.332026,0.0196663,0.332026,"chr036855.1",39070001,39170000
"NC_036855.1",39130000,0,0.329976,0.024424,0.329976,"chr036855.1",39080001,39180000
"NC_036855.1",39140000,0.0791236,0.258553,0.0597385,0.258553,"chr036855.1",39090001,39190000
"NC_036855.1",45090000,0,0,0.214468,0.214468,"chr036855.1",45040001,45140000
"NC_036855.1",48590000,0.177812,0.00107218,0.200365,0.200365,"chr036855.1",48540001,48640000
"NC_036855.1",48600000,0.172996,0.00592092,0.201358,0.201358,"chr036855.1",48550001,48650000
"NC_036855.1",48620000,0.257927,0.00798157,0.303987,0.303987,"chr036855.1",48570001,48670000
"NC_036855.1",48630000,0.277025,0,0.316871,0.316871,"chr036855.1",48580001,48680000
"NC_036855.1",48640000,0.223202,0,0.310849,0.310849,"chr036855.1",48590001,48690000
"NC_036855.1",48650000,0.159005,0,0.316181,0.316181,"chr036855.1",48600001,48700000
"NC_036855.1",48660000,0.163976,0,0.316473,0.316473,"chr036855.1",48610001,48710000
"NC_036855.1",48670000,0.0965226,0,0.251419,0.251419,"chr036855.1",48620001,48720000
"NC_036855.1",48820000,0.212402,0.124105,0.180182,0.212402,"chr036855.1",48770001,48870000
"NC_036855.1",48850000,0.123377,0.0969236,0.203943,0.203943,"chr036855.1",48800001,48900000
"NC_036855.1",48860000,0.160996,0.146595,0.3072,0.3072,"chr036855.1",48810001,48910000
"NC_036855.1",48870000,0.138812,0.135831,0.295719,0.295719,"chr036855.1",48820001,48920000
"NC_036855.1",48880000,0.0957691,0.138493,0.314522,0.314522,"chr036855.1",48830001,48930000
"NC_036855.1",48890000,0.108491,0.0988578,0.289864,0.289864,"chr036855.1",48840001,48940000
"NC_036855.1",48900000,0.0949844,0.0529539,0.245179,0.245179,"chr036855.1",48850001,48950000
"NC_036855.1",48910000,0.0601975,0.0230693,0.237564,0.237564,"chr036855.1",48860001,48960000
"NC_036855.1",48920000,0.0955967,0.000642024,0.233648,0.233648,"chr036855.1",48870001,48970000
"NC_036855.1",48940000,0.071141,0.0112322,0.210907,0.210907,"chr036855.1",48890001,48990000
"NC_036855.1",49810000,0.204014,0,0.12731,0.204014,"chr036855.1",49760001,49860000
"NC_036855.1",49820000,0.201499,0,0.128195,0.201499,"chr036855.1",49770001,49870000
"NC_036855.1",50210000,0.280594,0.0681259,0.0665879,0.280594,"chr036855.1",50160001,50260000
"NC_036855.1",50220000,0.319621,0.0852819,0.0703801,0.319621,"chr036855.1",50170001,50270000
"NC_036855.1",50230000,0.38109,0.149227,0.141192,0.38109,"chr036855.1",50180001,50280000
"NC_036855.1",50240000,0.370801,0.149298,0.113762,0.370801,"chr036855.1",50190001,50290000
"NC_036855.1",50250000,0.329115,0.12691,0.0972942,0.329115,"chr036855.1",50200001,50300000
"NC_036855.1",50260000,0.229837,0.0965313,0.0751307,0.229837,"chr036855.1",50210001,50310000
"NC_036855.1",50410000,0.205709,0,0,0.205709,"chr036855.1",50360001,50460000
"NC_036855.1",51130000,0,0,0.22991,0.22991,"chr036855.1",51080001,51180000
"NC_036855.1",51140000,0,0,0.265188,0.265188,"chr036855.1",51090001,51190000
"NC_036855.1",51150000,0,0,0.26197,0.26197,"chr036855.1",51100001,51200000
"NC_036855.1",51160000,0,0,0.264531,0.264531,"chr036855.1",51110001,51210000
"NC_036855.1",51170000,0,0.0211076,0.269639,0.269639,"chr036855.1",51120001,51220000
"NC_036855.1",51180000,0,0.0356782,0.286354,0.286354,"chr036855.1",51130001,51230000
"NC_036855.1",51190000,0,0.053234,0.320239,0.320239,"chr036855.1",51140001,51240000
"NC_036855.1",51310000,0.0075797,0,0.238942,0.238942,"chr036855.1",51260001,51360000
"NC_036855.1",51320000,0.0326853,0,0.203375,0.203375,"chr036855.1",51270001,51370000
"NC_036855.1",51350000,0.20443,0,0.106723,0.20443,"chr036855.1",51300001,51400000
"NC_036855.1",51360000,0.217115,0,0.0858674,0.217115,"chr036855.1",51310001,51410000
"NC_036855.1",51370000,0.248623,0,0.0310906,0.248623,"chr036855.1",51320001,51420000
"NC_036855.1",51380000,0.312923,0,0,0.312923,"chr036855.1",51330001,51430000
"NC_036855.1",51390000,0.274144,0,0,0.274144,"chr036855.1",51340001,51440000
"NC_036855.1",51400000,0.299222,0,0,0.299222,"chr036855.1",51350001,51450000
"NC_036855.1",51410000,0.290733,0,0,0.290733,"chr036855.1",51360001,51460000
"NC_036855.1",51420000,0.268709,0,0,0.268709,"chr036855.1",51370001,51470000
"NC_036855.1",51430000,0.25423,0,0,0.25423,"chr036855.1",51380001,51480000
"NC_036855.1",51620000,0.0493528,0,0.202759,0.202759,"chr036855.1",51570001,51670000
"NC_036855.1",51630000,0.0440366,0,0.247892,0.247892,"chr036855.1",51580001,51680000
"NC_036855.1",51640000,0.0411822,0,0.267256,0.267256,"chr036855.1",51590001,51690000
"NC_036855.1",51650000,0.0314629,0.00376507,0.225062,0.225062,"chr036855.1",51600001,51700000
"NC_036855.1",51660000,0.0278795,0.00477989,0.227896,0.227896,"chr036855.1",51610001,51710000
"NC_036855.1",51670000,0.020561,0.0103896,0.231937,0.231937,"chr036855.1",51620001,51720000
"NC_036855.1",51680000,0.00430544,0.00192291,0.213103,0.213103,"chr036855.1",51630001,51730000
"NC_036855.1",51690000,0.00425843,0.00184432,0.209968,0.209968,"chr036855.1",51640001,51740000
"NC_036855.1",51700000,0,0.00260182,0.208898,0.208898,"chr036855.1",51650001,51750000
"NC_036855.1",52690000,0.204737,0,0,0.204737,"chr036855.1",52640001,52740000
"NC_036855.1",52700000,0.266578,0,0.00544585,0.266578,"chr036855.1",52650001,52750000
"NC_036855.1",52710000,0.292485,0,0.00467282,0.292485,"chr036855.1",52660001,52760000
"NC_036855.1",52720000,0.322833,0,0,0.322833,"chr036855.1",52670001,52770000
"NC_036855.1",52730000,0.339582,0,0.0046073,0.339582,"chr036855.1",52680001,52780000
"NC_036855.1",52740000,0.347263,0,0.00963966,0.347263,"chr036855.1",52690001,52790000
"NC_036855.1",52750000,0.397422,0,0.0187262,0.397422,"chr036855.1",52700001,52800000
"NC_036855.1",52760000,0.323555,0,0.0179361,0.323555,"chr036855.1",52710001,52810000
"NC_036855.1",52770000,0.32231,0,0.0131505,0.32231,"chr036855.1",52720001,52820000
"NC_036855.1",52780000,0.311141,0,0.0200522,0.311141,"chr036855.1",52730001,52830000
"NC_036855.1",52790000,0.22797,0,0.0285521,0.22797,"chr036855.1",52740001,52840000
"NC_036855.1",53750000,0.0601038,0.0664229,0.31778,0.31778,"chr036855.1",53700001,53800000
"NC_036855.1",53760000,0.0407268,0.0611101,0.302671,0.302671,"chr036855.1",53710001,53810000
"NC_036855.1",53770000,0.0472572,0.0494231,0.290107,0.290107,"chr036855.1",53720001,53820000
"NC_036855.1",53780000,0.0264867,0.0388496,0.284479,0.284479,"chr036855.1",53730001,53830000
"NC_036855.1",53790000,0.0110436,0.0285702,0.28591,0.28591,"chr036855.1",53740001,53840000
"NC_036855.1",53800000,0.00425656,0.0279324,0.292881,0.292881,"chr036855.1",53750001,53850000
"NC_036855.1",53810000,0,0.01747,0.28475,0.28475,"chr036855.1",53760001,53860000
"NC_036855.1",53820000,0.000245569,0.00547682,0.25927,0.25927,"chr036855.1",53770001,53870000
"NC_036855.1",54070000,0,0.235885,0,0.235885,"chr036855.1",54020001,54120000
"NC_036855.1",54080000,0,0.29281,0,0.29281,"chr036855.1",54030001,54130000
"NC_036855.1",54090000,0,0.30604,0,0.30604,"chr036855.1",54040001,54140000
"NC_036855.1",54100000,0,0.312006,0,0.312006,"chr036855.1",54050001,54150000
"NC_036855.1",54110000,0,0.296978,0,0.296978,"chr036855.1",54060001,54160000
"NC_036855.1",54120000,0,0.333255,0,0.333255,"chr036855.1",54070001,54170000
"NC_036855.1",54130000,0,0.323854,0,0.323854,"chr036855.1",54080001,54180000
"NC_036855.1",54140000,0,0.335033,0,0.335033,"chr036855.1",54090001,54190000
"NC_036855.1",54150000,0,0.342538,0,0.342538,"chr036855.1",54100001,54200000
"NC_036855.1",54160000,0,0.279041,0,0.279041,"chr036855.1",54110001,54210000
"NC_036855.1",55170000,0.0402265,0.227567,0.0109425,0.227567,"chr036855.1",55120001,55220000
"NC_036855.1",55180000,0.0503243,0.217608,0.00941428,0.217608,"chr036855.1",55130001,55230000
"NC_036855.1",55190000,0.0955737,0.360821,0.0154036,0.360821,"chr036855.1",55140001,55240000
"NC_036855.1",55200000,0.0785232,0.339834,0,0.339834,"chr036855.1",55150001,55250000
"NC_036855.1",55210000,0.111323,0.275359,0,0.275359,"chr036855.1",55160001,55260000
"NC_036855.1",55220000,0.104057,0.252217,0,0.252217,"chr036855.1",55170001,55270000
"NC_036855.1",55230000,0.107356,0.211396,0,0.211396,"chr036855.1",55180001,55280000
"NC_036855.1",55240000,0.08939,0.261974,0,0.261974,"chr036855.1",55190001,55290000
"NC_036855.1",55250000,0.0530743,0.223365,0,0.223365,"chr036855.1",55200001,55300000
"NC_036855.1",55950000,0.0578471,0,0.219684,0.219684,"chr036855.1",55900001,5.6e+07
"NC_036855.1",55960000,0.0319786,0,0.225287,0.225287,"chr036855.1",55910001,56010000
"NC_036855.1",55970000,0.0391095,0,0.245511,0.245511,"chr036855.1",55920001,56020000
"NC_036855.1",55980000,0.0381683,0,0.258587,0.258587,"chr036855.1",55930001,56030000
"NC_036855.1",55990000,0.0325445,0,0.244134,0.244134,"chr036855.1",55940001,56040000
"NC_036855.1",5.6e+07,0.0318224,0,0.252647,0.252647,"chr036855.1",55950001,56050000
"NC_036855.1",56010000,0.0268184,0,0.258684,0.258684,"chr036855.1",55960001,56060000
"NC_036855.1",60390000,0.0634198,0,0.214044,0.214044,"chr036855.1",60340001,60440000
"NC_036855.1",60400000,0.0575731,0,0.226863,0.226863,"chr036855.1",60350001,60450000
"NC_036855.1",60440000,0.252789,0,0.0303744,0.252789,"chr036855.1",60390001,60490000
"NC_036855.1",60450000,0.251953,0,0.0402534,0.251953,"chr036855.1",60400001,60500000
"NC_036855.1",60460000,0.267307,0,0.0287718,0.267307,"chr036855.1",60410001,60510000
"NC_036855.1",60470000,0.261792,0,0.0176585,0.261792,"chr036855.1",60420001,60520000
"NC_036855.1",60480000,0.217268,0,0.0265426,0.217268,"chr036855.1",60430001,60530000
"NC_036855.1",61180000,0.269075,0.0922049,0.0541256,0.269075,"chr036855.1",61130001,61230000
"NC_036855.1",61190000,0.268907,0.0866915,0.0547722,0.268907,"chr036855.1",61140001,61240000
"NC_036855.1",61200000,0.336711,0.122696,0.0774739,0.336711,"chr036855.1",61150001,61250000
"NC_036855.1",61210000,0.355369,0.109386,0.0815329,0.355369,"chr036855.1",61160001,61260000
"NC_036855.1",61220000,0.353725,0.105954,0.0717995,0.353725,"chr036855.1",61170001,61270000
"NC_036855.1",61230000,0.364909,0.111452,0.0666648,0.364909,"chr036855.1",61180001,61280000
"NC_036855.1",61240000,0.376012,0.0838498,0.0713409,0.376012,"chr036855.1",61190001,61290000
"NC_036855.1",61250000,0.368206,0.0793475,0.0509522,0.368206,"chr036855.1",61200001,61300000
"NC_036855.1",61260000,0.344547,0.0881187,0.0600716,0.344547,"chr036855.1",61210001,61310000
"NC_036855.1",61270000,0.367909,0.159862,0.103954,0.367909,"chr036855.1",61220001,61320000
"NC_036855.1",61280000,0.278096,0.113102,0.0545482,0.278096,"chr036855.1",61230001,61330000
"NC_036855.1",62450000,0.210518,0.0322919,0.145189,0.210518,"chr036855.1",62400001,62500000
"NC_036855.1",62460000,0.241211,0.0363297,0.135196,0.241211,"chr036855.1",62410001,62510000
"NC_036855.1",62470000,0.225494,0.0526486,0.100492,0.225494,"chr036855.1",62420001,62520000
"NC_036855.1",62540000,0.19932,0.0330102,0.0945703,0.19932,"chr036855.1",62490001,62590000
"NC_036855.1",65470000,0.203634,0.0213587,0,0.203634,"chr036855.1",65420001,65520000
"NC_036855.1",65480000,0.204037,0.0177294,0,0.204037,"chr036855.1",65430001,65530000
"NC_036855.1",65490000,0.228398,0.0170256,0,0.228398,"chr036855.1",65440001,65540000
"NC_036855.1",65500000,0.243858,0.0140751,0,0.243858,"chr036855.1",65450001,65550000
"NC_036855.1",65510000,0.250588,0.0133879,0,0.250588,"chr036855.1",65460001,65560000
"NC_036855.1",65520000,0.299305,0.0145832,0,0.299305,"chr036855.1",65470001,65570000
"NC_036855.1",65530000,0.298338,0.0115379,0,0.298338,"chr036855.1",65480001,65580000
"NC_036855.1",65540000,0.308235,0.013261,0,0.308235,"chr036855.1",65490001,65590000
"NC_036855.1",65550000,0.311279,0.0134173,0,0.311279,"chr036855.1",65500001,65600000
"NC_036855.1",65560000,0.301174,0.0125757,0,0.301174,"chr036855.1",65510001,65610000
"NC_036855.1",65570000,0.29573,0.0100776,0,0.29573,"chr036855.1",65520001,65620000
"NC_036855.1",65580000,0.287938,0.0160567,0,0.287938,"chr036855.1",65530001,65630000
"NC_036855.1",65590000,0.266362,0.0151384,0.00158473,0.266362,"chr036855.1",65540001,65640000
"NC_036855.1",65600000,0.266988,0.0161281,0.00566631,0.266988,"chr036855.1",65550001,65650000
"NC_036855.1",65610000,0.236466,0.013976,0.00679353,0.236466,"chr036855.1",65560001,65660000
"NC_036856.1",2730000,0.233533,0.00602528,0.0120287,0.233533,"chr036856.1",2680001,2780000
"NC_036856.1",2740000,0.231383,0.00465175,0.00552056,0.231383,"chr036856.1",2690001,2790000
"NC_036856.1",3370000,0.0919388,0,0.233477,0.233477,"chr036856.1",3320001,3420000
"NC_036856.1",3380000,0.0852868,0,0.225489,0.225489,"chr036856.1",3330001,3430000
"NC_036856.1",3390000,0.083006,0,0.217955,0.217955,"chr036856.1",3340001,3440000
"NC_036856.1",3400000,0.0803043,0,0.207206,0.207206,"chr036856.1",3350001,3450000
"NC_036856.1",3410000,0.0757147,0,0.199118,0.199118,"chr036856.1",3360001,3460000
"NC_036856.1",4660000,0.0520531,0.216399,0,0.216399,"chr036856.1",4610001,4710000
"NC_036856.1",4670000,0.083467,0.218141,0,0.218141,"chr036856.1",4620001,4720000
"NC_036856.1",4680000,0.114672,0.229269,0.0321189,0.229269,"chr036856.1",4630001,4730000
"NC_036856.1",4690000,0.125974,0.241852,0.0903431,0.241852,"chr036856.1",4640001,4740000
"NC_036856.1",4700000,0.116477,0.22889,0.0868005,0.22889,"chr036856.1",4650001,4750000
"NC_036856.1",4710000,0.118043,0.218049,0.0985139,0.218049,"chr036856.1",4660001,4760000
"NC_036856.1",4720000,0.148427,0.259127,0.157142,0.259127,"chr036856.1",4670001,4770000
"NC_036856.1",4730000,0.147874,0.260252,0.160429,0.260252,"chr036856.1",4680001,4780000
"NC_036856.1",5400000,0.236096,0,0.0168325,0.236096,"chr036856.1",5350001,5450000
"NC_036856.1",5410000,0.286935,0,0.032532,0.286935,"chr036856.1",5360001,5460000
"NC_036856.1",5420000,0.267697,0,0.0215154,0.267697,"chr036856.1",5370001,5470000
"NC_036856.1",5430000,0.248417,0,0.0178639,0.248417,"chr036856.1",5380001,5480000
"NC_036856.1",6720000,0,0.0342206,0.309963,0.309963,"chr036856.1",6670001,6770000
"NC_036856.1",6730000,0,0.0450431,0.399342,0.399342,"chr036856.1",6680001,6780000
"NC_036856.1",6740000,0,0.0332512,0.393871,0.393871,"chr036856.1",6690001,6790000
"NC_036856.1",6750000,0,0.0229779,0.361219,0.361219,"chr036856.1",6700001,6800000
"NC_036856.1",6760000,0,0.0399613,0.367213,0.367213,"chr036856.1",6710001,6810000
"NC_036856.1",6770000,0,0.0157006,0.287409,0.287409,"chr036856.1",6720001,6820000
"NC_036856.1",6780000,0,0.0128399,0.259057,0.259057,"chr036856.1",6730001,6830000
"NC_036856.1",6790000,0,0.0134428,0.214115,0.214115,"chr036856.1",6740001,6840000
"NC_036856.1",7090000,0,0,0.227303,0.227303,"chr036856.1",7040001,7140000
"NC_036856.1",7100000,0,0,0.258454,0.258454,"chr036856.1",7050001,7150000
"NC_036856.1",7110000,0,0,0.268463,0.268463,"chr036856.1",7060001,7160000
"NC_036856.1",7120000,0,0,0.30686,0.30686,"chr036856.1",7070001,7170000
"NC_036856.1",7130000,0,0,0.292748,0.292748,"chr036856.1",7080001,7180000
"NC_036856.1",7140000,0,0,0.36215,0.36215,"chr036856.1",7090001,7190000
"NC_036856.1",7150000,0,0,0.362581,0.362581,"chr036856.1",7100001,7200000
"NC_036856.1",7160000,0,0,0.363114,0.363114,"chr036856.1",7110001,7210000
"NC_036856.1",7170000,0,0,0.361371,0.361371,"chr036856.1",7120001,7220000
"NC_036856.1",7180000,0,0,0.333057,0.333057,"chr036856.1",7130001,7230000
"NC_036856.1",7190000,0,0,0.260525,0.260525,"chr036856.1",7140001,7240000
"NC_036856.1",7200000,0,0,0.223128,0.223128,"chr036856.1",7150001,7250000
"NC_036856.1",7350000,0.196955,0.212524,0.0483337,0.212524,"chr036856.1",7300001,7400000
"NC_036856.1",7360000,0.217558,0.188954,0.0572665,0.217558,"chr036856.1",7310001,7410000
"NC_036856.1",7370000,0.217139,0.176057,0.0728719,0.217139,"chr036856.1",7320001,7420000
"NC_036856.1",7380000,0.215806,0.163975,0.0822701,0.215806,"chr036856.1",7330001,7430000
"NC_036856.1",7390000,0.208584,0.144497,0.0774816,0.208584,"chr036856.1",7340001,7440000
"NC_036856.1",7880000,0.210976,0.0182768,0,0.210976,"chr036856.1",7830001,7930000
"NC_036856.1",7890000,0.311419,0,0.0283176,0.311419,"chr036856.1",7840001,7940000
"NC_036856.1",7900000,0.413824,0,0.109905,0.413824,"chr036856.1",7850001,7950000
"NC_036856.1",7910000,0.456976,0,0.128364,0.456976,"chr036856.1",7860001,7960000
"NC_036856.1",7920000,0.459631,0,0.133131,0.459631,"chr036856.1",7870001,7970000
"NC_036856.1",7930000,0.418987,0.0320839,0.119096,0.418987,"chr036856.1",7880001,7980000
"NC_036856.1",7940000,0.423034,0.0399757,0.128647,0.423034,"chr036856.1",7890001,7990000
"NC_036856.1",7950000,0.424193,0.0493127,0.129446,0.424193,"chr036856.1",7900001,8e+06
"NC_036856.1",7960000,0.421039,0.0488971,0.130009,0.421039,"chr036856.1",7910001,8010000
"NC_036856.1",7970000,0.423058,0.040971,0.131115,0.423058,"chr036856.1",7920001,8020000
"NC_036856.1",7980000,0.436557,0.0478309,0.13912,0.436557,"chr036856.1",7930001,8030000
"NC_036856.1",7990000,0.419268,0.0657363,0.133993,0.419268,"chr036856.1",7940001,8040000
"NC_036856.1",8e+06,0.354537,0.091878,0.0987255,0.354537,"chr036856.1",7950001,8050000
"NC_036856.1",8010000,0.278605,0.126894,0.067289,0.278605,"chr036856.1",7960001,8060000
"NC_036856.1",8020000,0.264118,0.101908,0.0752547,0.264118,"chr036856.1",7970001,8070000
"NC_036856.1",8030000,0.330873,0.15735,0.103124,0.330873,"chr036856.1",7980001,8080000
"NC_036856.1",8040000,0.327277,0.17939,0.083818,0.327277,"chr036856.1",7990001,8090000
"NC_036856.1",8050000,0.344783,0.224866,0.0825551,0.344783,"chr036856.1",8000001,8100000
"NC_036856.1",8060000,0.345243,0.228581,0.0806375,0.345243,"chr036856.1",8010001,8110000
"NC_036856.1",8070000,0.326958,0.215266,0.0817037,0.326958,"chr036856.1",8020001,8120000
"NC_036856.1",8080000,0.308599,0.218581,0.0757964,0.308599,"chr036856.1",8030001,8130000
"NC_036856.1",8090000,0.304019,0.208432,0.0814999,0.304019,"chr036856.1",8040001,8140000
"NC_036856.1",8100000,0.310355,0.203233,0.109262,0.310355,"chr036856.1",8050001,8150000
"NC_036856.1",8110000,0.297805,0.197851,0.106137,0.297805,"chr036856.1",8060001,8160000
"NC_036856.1",8120000,0.267249,0.216452,0.111728,0.267249,"chr036856.1",8070001,8170000
"NC_036856.1",8130000,0.226353,0.188397,0.109212,0.226353,"chr036856.1",8080001,8180000
"NC_036856.1",8440000,0,0.231749,0.0094236,0.231749,"chr036856.1",8390001,8490000
"NC_036856.1",8450000,0,0.252144,0.0369769,0.252144,"chr036856.1",8400001,8500000
"NC_036856.1",8460000,0,0.260449,0.0503339,0.260449,"chr036856.1",8410001,8510000
"NC_036856.1",8490000,0,0.214154,0.0285902,0.214154,"chr036856.1",8440001,8540000
"NC_036856.1",8500000,0,0.218355,0.038213,0.218355,"chr036856.1",8450001,8550000
"NC_036856.1",8510000,0,0.205227,0.0327092,0.205227,"chr036856.1",8460001,8560000
"NC_036856.1",8520000,0,0.204285,0.0309979,0.204285,"chr036856.1",8470001,8570000
"NC_036856.1",8670000,0.0523953,0.207686,0.0502447,0.207686,"chr036856.1",8620001,8720000
"NC_036856.1",8680000,0.082333,0.301999,0.0832004,0.301999,"chr036856.1",8630001,8730000
"NC_036856.1",8690000,0.110055,0.337387,0.0834059,0.337387,"chr036856.1",8640001,8740000
"NC_036856.1",8700000,0.0871494,0.263522,0.0623542,0.263522,"chr036856.1",8650001,8750000
"NC_036856.1",8710000,0.084582,0.254848,0.0519882,0.254848,"chr036856.1",8660001,8760000
"NC_036856.1",8720000,0.0656962,0.20496,0.051524,0.20496,"chr036856.1",8670001,8770000
"NC_036856.1",8740000,0.0922218,0.232829,0.0371659,0.232829,"chr036856.1",8690001,8790000
"NC_036856.1",8750000,0.0885524,0.22398,0.0253413,0.22398,"chr036856.1",8700001,8800000
"NC_036856.1",8760000,0.0656716,0.22541,0.00607122,0.22541,"chr036856.1",8710001,8810000
"NC_036856.1",8820000,0.0295285,0.205166,0,0.205166,"chr036856.1",8770001,8870000
"NC_036856.1",9150000,0.210285,0.0323263,0.0156598,0.210285,"chr036856.1",9100001,9200000
"NC_036856.1",9170000,0.219752,0.00223313,0.0535321,0.219752,"chr036856.1",9120001,9220000
"NC_036856.1",9180000,0.224056,0,0.0668644,0.224056,"chr036856.1",9130001,9230000
"NC_036856.1",9190000,0.207807,0,0.0747646,0.207807,"chr036856.1",9140001,9240000
"NC_036856.1",9210000,0.204053,0,0.0891702,0.204053,"chr036856.1",9160001,9260000
"NC_036856.1",9220000,0.206004,0,0.08752,0.206004,"chr036856.1",9170001,9270000
"NC_036856.1",10720000,0,0,0.223717,0.223717,"chr036856.1",10670001,10770000
"NC_036856.1",10730000,0,0,0.232413,0.232413,"chr036856.1",10680001,10780000
"NC_036856.1",10740000,0,0,0.256336,0.256336,"chr036856.1",10690001,10790000
"NC_036856.1",10750000,0,0,0.257598,0.257598,"chr036856.1",10700001,10800000
"NC_036856.1",10760000,0,0,0.26169,0.26169,"chr036856.1",10710001,10810000
"NC_036856.1",13280000,0,0,0.220023,0.220023,"chr036856.1",13230001,13330000
"NC_036856.1",13290000,0,0,0.204121,0.204121,"chr036856.1",13240001,13340000
"NC_036856.1",13300000,0,0,0.205303,0.205303,"chr036856.1",13250001,13350000
"NC_036856.1",13310000,0,0,0.229004,0.229004,"chr036856.1",13260001,13360000
"NC_036856.1",13320000,0,0,0.241754,0.241754,"chr036856.1",13270001,13370000
"NC_036856.1",13330000,0,0,0.246979,0.246979,"chr036856.1",13280001,13380000
"NC_036856.1",13340000,0,0,0.238345,0.238345,"chr036856.1",13290001,13390000
"NC_036856.1",13350000,0,0,0.230871,0.230871,"chr036856.1",13300001,13400000
"NC_036856.1",13360000,0,0,0.236457,0.236457,"chr036856.1",13310001,13410000
"NC_036856.1",13370000,0,0,0.212504,0.212504,"chr036856.1",13320001,13420000
"NC_036856.1",17520000,0.225431,0.132119,0.152483,0.225431,"chr036856.1",17470001,17570000
"NC_036856.1",17530000,0.236877,0.14441,0.147023,0.236877,"chr036856.1",17480001,17580000
"NC_036856.1",17540000,0.208046,0.131603,0.133939,0.208046,"chr036856.1",17490001,17590000
"NC_036856.1",17560000,0.2146,0.123273,0.126138,0.2146,"chr036856.1",17510001,17610000
"NC_036856.1",17570000,0.233893,0.144106,0.114596,0.233893,"chr036856.1",17520001,17620000
"NC_036856.1",17580000,0.224114,0.119621,0.0928683,0.224114,"chr036856.1",17530001,17630000
"NC_036856.1",17590000,0.236599,0.122853,0.114357,0.236599,"chr036856.1",17540001,17640000
"NC_036856.1",17600000,0.250012,0.143138,0.136212,0.250012,"chr036856.1",17550001,17650000
"NC_036856.1",17610000,0.290222,0.151721,0.1609,0.290222,"chr036856.1",17560001,17660000
"NC_036856.1",17620000,0.268958,0.149661,0.183627,0.268958,"chr036856.1",17570001,17670000
"NC_036856.1",17630000,0.230426,0.179522,0.201613,0.230426,"chr036856.1",17580001,17680000
"NC_036856.1",17640000,0.239012,0.2049,0.211406,0.239012,"chr036856.1",17590001,17690000
"NC_036856.1",17650000,0.222577,0.212858,0.229091,0.229091,"chr036856.1",17600001,17700000
"NC_036856.1",17660000,0.210723,0.22031,0.260126,0.260126,"chr036856.1",17610001,17710000
"NC_036856.1",17670000,0.210595,0.23666,0.257146,0.257146,"chr036856.1",17620001,17720000
"NC_036856.1",17680000,0.211043,0.228398,0.245138,0.245138,"chr036856.1",17630001,17730000
"NC_036856.1",17690000,0.186597,0.185307,0.214407,0.214407,"chr036856.1",17640001,17740000
"NC_036856.1",17700000,0.20462,0.173885,0.203375,0.20462,"chr036856.1",17650001,17750000
"NC_036856.1",17720000,0.216565,0.153571,0.176151,0.216565,"chr036856.1",17670001,17770000
"NC_036856.1",17730000,0.203475,0.095812,0.139397,0.203475,"chr036856.1",17680001,17780000
"NC_036856.1",17740000,0.206605,0.0652183,0.115572,0.206605,"chr036856.1",17690001,17790000
"NC_036856.1",17750000,0.249028,0.00676082,0.057726,0.249028,"chr036856.1",17700001,17800000
"NC_036856.1",17790000,0.200772,0,0,0.200772,"chr036856.1",17740001,17840000
"NC_036856.1",18250000,0.222365,0.0518192,0.119296,0.222365,"chr036856.1",18200001,18300000
"NC_036856.1",18270000,0.20278,0.0705486,0.121132,0.20278,"chr036856.1",18220001,18320000
"NC_036856.1",18280000,0.21003,0.0681948,0.125456,0.21003,"chr036856.1",18230001,18330000
"NC_036856.1",18290000,0.213346,0.0847263,0.129429,0.213346,"chr036856.1",18240001,18340000
"NC_036856.1",18470000,0.211919,0.0357612,0.148217,0.211919,"chr036856.1",18420001,18520000
"NC_036856.1",18480000,0.251348,0.0306792,0.170865,0.251348,"chr036856.1",18430001,18530000
"NC_036856.1",18490000,0.259882,0.0274924,0.167314,0.259882,"chr036856.1",18440001,18540000
"NC_036856.1",18500000,0.247934,0.0205243,0.161063,0.247934,"chr036856.1",18450001,18550000
"NC_036856.1",18510000,0.244939,0.0158796,0.152738,0.244939,"chr036856.1",18460001,18560000
"NC_036856.1",18520000,0.326136,0.0138934,0.185556,0.326136,"chr036856.1",18470001,18570000
"NC_036856.1",18530000,0.306474,0.011451,0.178807,0.306474,"chr036856.1",18480001,18580000
"NC_036856.1",18540000,0.298462,0.00571677,0.184441,0.298462,"chr036856.1",18490001,18590000
"NC_036856.1",18550000,0.258576,0.0010176,0.157404,0.258576,"chr036856.1",18500001,18600000
"NC_036856.1",18560000,0.256046,0.00329505,0.146786,0.256046,"chr036856.1",18510001,18610000
"NC_036856.1",18570000,0.227017,0.000722785,0.117934,0.227017,"chr036856.1",18520001,18620000
"NC_036856.1",18760000,0.249358,0.0639082,0.0637294,0.249358,"chr036856.1",18710001,18810000
"NC_036856.1",18770000,0.241261,0.0520012,0.0763657,0.241261,"chr036856.1",18720001,18820000
"NC_036856.1",18780000,0.207041,0.0515073,0.0493059,0.207041,"chr036856.1",18730001,18830000
"NC_036856.1",18790000,0.203931,0.0375024,0.0323592,0.203931,"chr036856.1",18740001,18840000
"NC_036856.1",20280000,0.199832,0.0691632,0.0678962,0.199832,"chr036856.1",20230001,20330000
"NC_036856.1",20290000,0.199259,0.0802814,0.0748211,0.199259,"chr036856.1",20240001,20340000
"NC_036856.1",20300000,0.260508,0.122133,0.0614728,0.260508,"chr036856.1",20250001,20350000
"NC_036856.1",20310000,0.255501,0.115973,0.0371869,0.255501,"chr036856.1",20260001,20360000
"NC_036856.1",21500000,0,0,0.208659,0.208659,"chr036856.1",21450001,21550000
"NC_036856.1",21510000,0,0.0120419,0.20695,0.20695,"chr036856.1",21460001,21560000
"NC_036856.1",22200000,0.247809,0.044188,0.0755056,0.247809,"chr036856.1",22150001,22250000
"NC_036856.1",22210000,0.250651,0.0450206,0.0637969,0.250651,"chr036856.1",22160001,22260000
"NC_036856.1",22380000,0.111305,0.134676,0.202193,0.202193,"chr036856.1",22330001,22430000
"NC_036856.1",23510000,0.125033,0.192655,0.233685,0.233685,"chr036856.1",23460001,23560000
"NC_036856.1",23520000,0.177303,0.178971,0.227558,0.227558,"chr036856.1",23470001,23570000
"NC_036856.1",23530000,0.213759,0.179202,0.234672,0.234672,"chr036856.1",23480001,23580000
"NC_036856.1",23540000,0.223096,0.187225,0.236923,0.236923,"chr036856.1",23490001,23590000
"NC_036856.1",23550000,0.227887,0.187194,0.237086,0.237086,"chr036856.1",23500001,23600000
"NC_036856.1",23560000,0.257606,0.202819,0.248018,0.257606,"chr036856.1",23510001,23610000
"NC_036856.1",23570000,0.247711,0.190081,0.246585,0.247711,"chr036856.1",23520001,23620000
"NC_036856.1",23580000,0.311053,0.218853,0.278859,0.311053,"chr036856.1",23530001,23630000
"NC_036856.1",23590000,0.322486,0.215077,0.286241,0.322486,"chr036856.1",23540001,23640000
"NC_036856.1",23600000,0.316555,0.112357,0.210078,0.316555,"chr036856.1",23550001,23650000
"NC_036856.1",23610000,0.322162,0.0198097,0.186294,0.322162,"chr036856.1",23560001,23660000
"NC_036856.1",23620000,0.211542,0.0288158,0.151853,0.211542,"chr036856.1",23570001,23670000
"NC_036856.1",27290000,0,0.241976,0.0549436,0.241976,"chr036856.1",27240001,27340000
"NC_036856.1",27300000,0,0.239857,0.0500482,0.239857,"chr036856.1",27250001,27350000
"NC_036856.1",27320000,0,0.23527,0.0307263,0.23527,"chr036856.1",27270001,27370000
"NC_036856.1",27330000,0,0.2355,0.0270716,0.2355,"chr036856.1",27280001,27380000
"NC_036856.1",27530000,0,0.207358,0.054138,0.207358,"chr036856.1",27480001,27580000
"NC_036856.1",27540000,0.00140249,0.256726,0.0561341,0.256726,"chr036856.1",27490001,27590000
"NC_036856.1",27550000,0.00860827,0.228319,0.046393,0.228319,"chr036856.1",27500001,27600000
"NC_036856.1",27560000,0,0.222523,0.0348045,0.222523,"chr036856.1",27510001,27610000
"NC_036856.1",27570000,0,0.216082,0.0156942,0.216082,"chr036856.1",27520001,27620000
"NC_036856.1",27640000,0,0.215522,0,0.215522,"chr036856.1",27590001,27690000
"NC_036856.1",27650000,0,0.264894,0,0.264894,"chr036856.1",27600001,27700000
"NC_036856.1",27660000,0,0.262191,0,0.262191,"chr036856.1",27610001,27710000
"NC_036856.1",27670000,0,0.275303,0,0.275303,"chr036856.1",27620001,27720000
"NC_036856.1",27680000,0,0.254215,0,0.254215,"chr036856.1",27630001,27730000
"NC_036856.1",27690000,0,0.304688,0,0.304688,"chr036856.1",27640001,27740000
"NC_036856.1",27700000,0,0.288357,0,0.288357,"chr036856.1",27650001,27750000
"NC_036856.1",27710000,0,0.294264,0,0.294264,"chr036856.1",27660001,27760000
"NC_036856.1",27720000,0,0.258594,0,0.258594,"chr036856.1",27670001,27770000
"NC_036856.1",27910000,0,0.204239,0,0.204239,"chr036856.1",27860001,27960000
"NC_036856.1",27920000,0,0.224702,0,0.224702,"chr036856.1",27870001,27970000
"NC_036856.1",27930000,0,0.226949,0,0.226949,"chr036856.1",27880001,27980000
"NC_036856.1",27940000,0,0.266988,0,0.266988,"chr036856.1",27890001,27990000
"NC_036856.1",27950000,0,0.250311,0,0.250311,"chr036856.1",27900001,2.8e+07
"NC_036856.1",27960000,0,0.26727,0,0.26727,"chr036856.1",27910001,28010000
"NC_036856.1",27970000,0,0.199969,0,0.199969,"chr036856.1",27920001,28020000
"NC_036856.1",28390000,0,0.20814,0,0.20814,"chr036856.1",28340001,28440000
"NC_036856.1",28400000,0,0.210169,0,0.210169,"chr036856.1",28350001,28450000
"NC_036856.1",28410000,0,0.226862,0,0.226862,"chr036856.1",28360001,28460000
"NC_036856.1",28420000,0,0.226097,0,0.226097,"chr036856.1",28370001,28470000
"NC_036856.1",28430000,0,0.238155,0,0.238155,"chr036856.1",28380001,28480000
"NC_036856.1",28440000,0,0.304693,0,0.304693,"chr036856.1",28390001,28490000
"NC_036856.1",28450000,0,0.298011,0,0.298011,"chr036856.1",28400001,28500000
"NC_036856.1",28460000,0,0.295333,0,0.295333,"chr036856.1",28410001,28510000
"NC_036856.1",28470000,0,0.264607,0,0.264607,"chr036856.1",28420001,28520000
"NC_036856.1",28480000,0,0.23711,0,0.23711,"chr036856.1",28430001,28530000
"NC_036856.1",28490000,0,0.201002,0,0.201002,"chr036856.1",28440001,28540000
"NC_036856.1",28660000,0,0.2028,0,0.2028,"chr036856.1",28610001,28710000
"NC_036856.1",28670000,0,0.222031,0,0.222031,"chr036856.1",28620001,28720000
"NC_036856.1",28680000,0,0.212499,0,0.212499,"chr036856.1",28630001,28730000
"NC_036856.1",28780000,0.0430049,0.000538039,0.207227,0.207227,"chr036856.1",28730001,28830000
"NC_036856.1",28790000,0.0627424,0.010492,0.290599,0.290599,"chr036856.1",28740001,28840000
"NC_036856.1",28800000,0.0597747,0,0.339842,0.339842,"chr036856.1",28750001,28850000
"NC_036856.1",28810000,0.0440245,0,0.335225,0.335225,"chr036856.1",28760001,28860000
"NC_036856.1",28820000,0.045352,0.0221558,0.403245,0.403245,"chr036856.1",28770001,28870000
"NC_036856.1",28830000,0.0443926,0.0277148,0.437178,0.437178,"chr036856.1",28780001,28880000
"NC_036856.1",28840000,0.0364549,0.0282138,0.399428,0.399428,"chr036856.1",28790001,28890000
"NC_036856.1",28850000,0.0399864,0.0368798,0.408925,0.408925,"chr036856.1",28800001,28900000
"NC_036856.1",28860000,0.036405,0.0239592,0.377058,0.377058,"chr036856.1",28810001,28910000
"NC_036856.1",28870000,0.0314478,0.0261237,0.336328,0.336328,"chr036856.1",28820001,28920000
"NC_036856.1",28880000,0.0286256,0.0307608,0.32604,0.32604,"chr036856.1",28830001,28930000
"NC_036856.1",28890000,0.0259216,0.0270066,0.282238,0.282238,"chr036856.1",28840001,28940000
"NC_036856.1",28900000,0.0105738,0.0298588,0.225264,0.225264,"chr036856.1",28850001,28950000
"NC_036856.1",28910000,0.0102829,0.0314747,0.219643,0.219643,"chr036856.1",28860001,28960000
"NC_036856.1",28960000,0.0194667,0.0457763,0.230055,0.230055,"chr036856.1",28910001,29010000
"NC_036856.1",29090000,0.123221,0.225709,0.032465,0.225709,"chr036856.1",29040001,29140000
"NC_036856.1",29100000,0.142162,0.294919,0.0342772,0.294919,"chr036856.1",29050001,29150000
"NC_036856.1",29110000,0.123376,0.238251,0.0273614,0.238251,"chr036856.1",29060001,29160000
"NC_036856.1",29120000,0.113966,0.249888,0.0299334,0.249888,"chr036856.1",29070001,29170000
"NC_036856.1",29130000,0.103517,0.20057,0.0255067,0.20057,"chr036856.1",29080001,29180000
"NC_036856.1",29560000,0.13938,0.239213,0,0.239213,"chr036856.1",29510001,29610000
"NC_036856.1",29570000,0.1585,0.24968,0.00198126,0.24968,"chr036856.1",29520001,29620000
"NC_036856.1",29580000,0.153336,0.260722,0,0.260722,"chr036856.1",29530001,29630000
"NC_036856.1",29590000,0.171615,0.281592,0,0.281592,"chr036856.1",29540001,29640000
"NC_036856.1",29600000,0.156498,0.258954,0,0.258954,"chr036856.1",29550001,29650000
"NC_036856.1",29710000,0,0.223288,0,0.223288,"chr036856.1",29660001,29760000
"NC_036856.1",29720000,0,0.226678,0,0.226678,"chr036856.1",29670001,29770000
"NC_036856.1",29730000,0,0.269959,0,0.269959,"chr036856.1",29680001,29780000
"NC_036856.1",29740000,0,0.231048,0,0.231048,"chr036856.1",29690001,29790000
"NC_036856.1",29750000,0,0.23024,0,0.23024,"chr036856.1",29700001,29800000
"NC_036856.1",39670000,0,0.218282,0.0297923,0.218282,"chr036856.1",39620001,39720000
"NC_036856.1",39680000,0.00607815,0.279798,0.0430763,0.279798,"chr036856.1",39630001,39730000
"NC_036856.1",39690000,0.00831297,0.298786,0.0513347,0.298786,"chr036856.1",39640001,39740000
"NC_036856.1",39700000,0.00321584,0.32701,0.0507815,0.32701,"chr036856.1",39650001,39750000
"NC_036856.1",39710000,0.00380512,0.337384,0.0507039,0.337384,"chr036856.1",39660001,39760000
"NC_036856.1",39720000,0.0127282,0.333823,0.0548798,0.333823,"chr036856.1",39670001,39770000
"NC_036856.1",39730000,0.0242878,0.341984,0.0480431,0.341984,"chr036856.1",39680001,39780000
"NC_036856.1",39740000,0.039777,0.343458,0.0408361,0.343458,"chr036856.1",39690001,39790000
"NC_036856.1",39750000,0.042705,0.287665,0.0288492,0.287665,"chr036856.1",39700001,39800000
"NC_036856.1",39760000,0.0306509,0.247996,0.00763556,0.247996,"chr036856.1",39710001,39810000
"NC_036856.1",41330000,0,0.225176,0.0195746,0.225176,"chr036856.1",41280001,41380000
"NC_036856.1",41340000,0.00684601,0.202219,0.00741034,0.202219,"chr036856.1",41290001,41390000
"NC_036856.1",41350000,0.0129773,0.206683,0.0043882,0.206683,"chr036856.1",41300001,41400000
"NC_036857.1",4600000,0,0,0.247733,0.247733,"chr036857.1",4550001,4650000
"NC_036857.1",4660000,0,0,0.202197,0.202197,"chr036857.1",4610001,4710000
"NC_036857.1",4670000,0.0126202,0,0.205591,0.205591,"chr036857.1",4620001,4720000
"NC_036857.1",4680000,0.0101622,0,0.220918,0.220918,"chr036857.1",4630001,4730000
"NC_036857.1",4690000,0.0121357,0,0.221793,0.221793,"chr036857.1",4640001,4740000
"NC_036857.1",4700000,0.0133951,0,0.215541,0.215541,"chr036857.1",4650001,4750000
"NC_036857.1",4710000,0.0260911,0,0.277599,0.277599,"chr036857.1",4660001,4760000
"NC_036857.1",4720000,0.0295786,0,0.253106,0.253106,"chr036857.1",4670001,4770000
"NC_036857.1",4730000,0.0193913,0,0.266854,0.266854,"chr036857.1",4680001,4780000
"NC_036857.1",4740000,0.0201883,0,0.248258,0.248258,"chr036857.1",4690001,4790000
"NC_036857.1",5620000,0,0,0.200666,0.200666,"chr036857.1",5570001,5670000
"NC_036857.1",5630000,0,0,0.217861,0.217861,"chr036857.1",5580001,5680000
"NC_036857.1",5640000,0,0,0.221256,0.221256,"chr036857.1",5590001,5690000
"NC_036857.1",7900000,0.225141,0.0235644,0.0255556,0.225141,"chr036857.1",7850001,7950000
"NC_036857.1",7910000,0.233082,0.0301893,0.0413992,0.233082,"chr036857.1",7860001,7960000
"NC_036857.1",7920000,0.224805,0.0320778,0.0426117,0.224805,"chr036857.1",7870001,7970000
"NC_036857.1",8050000,0.201016,0,0,0.201016,"chr036857.1",8000001,8100000
"NC_036857.1",8060000,0.29029,0.0073326,0.0105791,0.29029,"chr036857.1",8010001,8110000
"NC_036857.1",8070000,0.315305,0.0101139,0.0150394,0.315305,"chr036857.1",8020001,8120000
"NC_036857.1",8080000,0.318044,0.0110448,0.0151814,0.318044,"chr036857.1",8030001,8130000
"NC_036857.1",8090000,0.313778,0.0100554,0.0166386,0.313778,"chr036857.1",8040001,8140000
"NC_036857.1",8100000,0.325913,0.00885648,0.0257139,0.325913,"chr036857.1",8050001,8150000
"NC_036857.1",8110000,0.309502,0.0101719,0.0249737,0.309502,"chr036857.1",8060001,8160000
"NC_036857.1",8120000,0.326242,0.0176991,0.027521,0.326242,"chr036857.1",8070001,8170000
"NC_036857.1",8130000,0.327281,0.0173357,0.0289595,0.327281,"chr036857.1",8080001,8180000
"NC_036857.1",8140000,0.310869,0.0238331,0.0243736,0.310869,"chr036857.1",8090001,8190000
"NC_036857.1",8150000,0.301754,0.0252439,0.0271231,0.301754,"chr036857.1",8100001,8200000
"NC_036857.1",8160000,0.237009,0.0257473,0.0204305,0.237009,"chr036857.1",8110001,8210000
"NC_036857.1",8190000,0.210569,0.0394064,0.00747362,0.210569,"chr036857.1",8140001,8240000
"NC_036857.1",8200000,0.209723,0.045716,0,0.209723,"chr036857.1",8150001,8250000
"NC_036857.1",8210000,0.221224,0.0498417,0.00524006,0.221224,"chr036857.1",8160001,8260000
"NC_036857.1",8220000,0.223779,0.0373728,0.00511227,0.223779,"chr036857.1",8170001,8270000
"NC_036857.1",8230000,0.218361,0.0364026,0.00301243,0.218361,"chr036857.1",8180001,8280000
"NC_036857.1",8240000,0.222652,0.0281323,0.00897088,0.222652,"chr036857.1",8190001,8290000
"NC_036857.1",8250000,0.235801,0.0277986,0.00842259,0.235801,"chr036857.1",8200001,8300000
"NC_036857.1",8260000,0.236901,0.0286519,0.00884472,0.236901,"chr036857.1",8210001,8310000
"NC_036857.1",8270000,0.212481,0.0472518,0,0.212481,"chr036857.1",8220001,8320000
"NC_036857.1",9460000,0.0637499,0,0.336468,0.336468,"chr036857.1",9410001,9510000
"NC_036857.1",9470000,0.0377163,0,0.274076,0.274076,"chr036857.1",9420001,9520000
"NC_036857.1",9480000,0.00473988,0,0.230203,0.230203,"chr036857.1",9430001,9530000
"NC_036857.1",22390000,0,0.000864275,0.200584,0.200584,"chr036857.1",22340001,22440000
"NC_036857.1",22400000,0,0,0.204882,0.204882,"chr036857.1",22350001,22450000
"NC_036857.1",22420000,0,0,0.200225,0.200225,"chr036857.1",22370001,22470000
"NC_036857.1",26350000,0.0220632,0,0.200824,0.200824,"chr036857.1",26300001,26400000
"NC_036857.1",26360000,0.0267527,0,0.22308,0.22308,"chr036857.1",26310001,26410000
"NC_036857.1",26540000,0,0,0.220628,0.220628,"chr036857.1",26490001,26590000
"NC_036857.1",26550000,0,0,0.231231,0.231231,"chr036857.1",26500001,26600000
"NC_036857.1",26560000,0.00101437,0,0.271539,0.271539,"chr036857.1",26510001,26610000
"NC_036857.1",26570000,0,0,0.298549,0.298549,"chr036857.1",26520001,26620000
"NC_036857.1",26580000,0.0136112,0,0.311059,0.311059,"chr036857.1",26530001,26630000
"NC_036857.1",26590000,0.0114703,0,0.27999,0.27999,"chr036857.1",26540001,26640000
"NC_036857.1",26600000,0.0436971,0,0.285397,0.285397,"chr036857.1",26550001,26650000
"NC_036857.1",26610000,0.0317067,0,0.319363,0.319363,"chr036857.1",26560001,26660000
"NC_036857.1",26620000,0,0,0.338848,0.338848,"chr036857.1",26570001,26670000
"NC_036857.1",26630000,0.000159176,0,0.333214,0.333214,"chr036857.1",26580001,26680000
"NC_036857.1",26640000,0,0,0.335512,0.335512,"chr036857.1",26590001,26690000
"NC_036857.1",26650000,0,0,0.398038,0.398038,"chr036857.1",26600001,26700000
"NC_036857.1",26660000,0,0,0.426385,0.426385,"chr036857.1",26610001,26710000
"NC_036857.1",26670000,0,0,0.452679,0.452679,"chr036857.1",26620001,26720000
"NC_036857.1",26680000,0,0,0.412785,0.412785,"chr036857.1",26630001,26730000
"NC_036857.1",26690000,0,0,0.333685,0.333685,"chr036857.1",26640001,26740000
"NC_036857.1",26700000,0,0,0.308334,0.308334,"chr036857.1",26650001,26750000
"NC_036857.1",26710000,0,0,0.284052,0.284052,"chr036857.1",26660001,26760000
"NC_036857.1",26720000,0,0,0.233332,0.233332,"chr036857.1",26670001,26770000
"NC_036857.1",26730000,0,0,0.213133,0.213133,"chr036857.1",26680001,26780000
"NC_036857.1",30710000,0.13525,0.223841,0.055618,0.223841,"chr036857.1",30660001,30760000
"NC_036857.1",30720000,0.151115,0.246153,0.0660851,0.246153,"chr036857.1",30670001,30770000
"NC_036857.1",30730000,0.150949,0.248463,0.0579171,0.248463,"chr036857.1",30680001,30780000
"NC_036857.1",30760000,0.289176,0.301809,0,0.301809,"chr036857.1",30710001,30810000
"NC_036857.1",30770000,0.283048,0.302644,0,0.302644,"chr036857.1",30720001,30820000
"NC_036857.1",30780000,0.271952,0.298806,0,0.298806,"chr036857.1",30730001,30830000
"NC_036857.1",30790000,0.242755,0.314126,0,0.314126,"chr036857.1",30740001,30840000
"NC_036857.1",30800000,0.219243,0.319445,0,0.319445,"chr036857.1",30750001,30850000
"NC_036857.1",30810000,0.233342,0.32573,0.00592134,0.32573,"chr036857.1",30760001,30860000
"NC_036857.1",30820000,0.225631,0.339748,0.0310929,0.339748,"chr036857.1",30770001,30870000
"NC_036857.1",30830000,0.197779,0.318995,0.0502266,0.318995,"chr036857.1",30780001,30880000
"NC_036857.1",30840000,0.171208,0.307993,0.0591784,0.307993,"chr036857.1",30790001,30890000
"NC_036857.1",30850000,0.150779,0.280775,0.0659625,0.280775,"chr036857.1",30800001,30900000
"NC_036857.1",30860000,0.10757,0.231105,0.0615421,0.231105,"chr036857.1",30810001,30910000
"NC_036857.1",31040000,0.0768976,0.212609,0.00574539,0.212609,"chr036857.1",30990001,31090000
"NC_036857.1",31050000,0.0810574,0.218798,0,0.218798,"chr036857.1",31000001,31100000
"NC_036857.1",31060000,0.0634943,0.27921,0.00658689,0.27921,"chr036857.1",31010001,31110000
"NC_036857.1",31070000,0.0612027,0.2348,0,0.2348,"chr036857.1",31020001,31120000
"NC_036857.1",34980000,0,0,0.201783,0.201783,"chr036857.1",34930001,35030000
"NC_036857.1",36410000,0.168801,0,0.210036,0.210036,"chr036857.1",36360001,36460000
"NC_036857.1",37020000,0.247304,0,0,0.247304,"chr036857.1",36970001,37070000
"NC_036857.1",37850000,0,0.268071,0,0.268071,"chr036857.1",37800001,37900000
"NC_036857.1",37860000,0.0030203,0.24956,0,0.24956,"chr036857.1",37810001,37910000
"NC_036857.1",37870000,0,0.248284,0,0.248284,"chr036857.1",37820001,37920000
"NC_036857.1",37880000,0,0.251558,0,0.251558,"chr036857.1",37830001,37930000
"NC_036857.1",37890000,0,0.240952,0,0.240952,"chr036857.1",37840001,37940000
"NC_036857.1",37900000,0,0.236744,0.00514381,0.236744,"chr036857.1",37850001,37950000
"NC_036857.1",37910000,0,0.260814,0,0.260814,"chr036857.1",37860001,37960000
"NC_036857.1",37920000,0,0.221703,0,0.221703,"chr036857.1",37870001,37970000
"NC_036857.1",38160000,0.210022,0,0.00726665,0.210022,"chr036857.1",38110001,38210000
"NC_036857.1",38170000,0.23537,0,0.0197907,0.23537,"chr036857.1",38120001,38220000
"NC_036857.1",38190000,0.210527,0.00285288,0.0280973,0.210527,"chr036857.1",38140001,38240000
"NC_036857.1",38560000,0.316672,0,0,0.316672,"chr036857.1",38510001,38610000
"NC_036857.1",38570000,0.331092,0,0,0.331092,"chr036857.1",38520001,38620000
"NC_036857.1",38580000,0.334335,0,0,0.334335,"chr036857.1",38530001,38630000
"NC_036857.1",38590000,0.337109,0,0,0.337109,"chr036857.1",38540001,38640000
"NC_036857.1",38600000,0.353584,0,0,0.353584,"chr036857.1",38550001,38650000
"NC_036857.1",38610000,0.357574,0,0,0.357574,"chr036857.1",38560001,38660000
"NC_036857.1",38620000,0.379194,0,0,0.379194,"chr036857.1",38570001,38670000
"NC_036857.1",38630000,0.393764,0,0,0.393764,"chr036857.1",38580001,38680000
"NC_036857.1",38640000,0.379184,0,0,0.379184,"chr036857.1",38590001,38690000
"NC_036857.1",38650000,0.317756,0,0,0.317756,"chr036857.1",38600001,38700000
"NC_036857.1",38880000,0.0301378,0.20279,0,0.20279,"chr036857.1",38830001,38930000
"NC_036857.1",38890000,0.0367648,0.221889,0,0.221889,"chr036857.1",38840001,38940000
"NC_036857.1",38900000,0.068612,0.269206,0,0.269206,"chr036857.1",38850001,38950000
"NC_036857.1",38910000,0.126834,0.363243,0.0107975,0.363243,"chr036857.1",38860001,38960000
"NC_036857.1",38920000,0.216855,0.404281,0.00916401,0.404281,"chr036857.1",38870001,38970000
"NC_036857.1",38930000,0.245663,0.446291,0.00950614,0.446291,"chr036857.1",38880001,38980000
"NC_036857.1",38940000,0.256893,0.452204,0.0378924,0.452204,"chr036857.1",38890001,38990000
"NC_036857.1",38950000,0.258646,0.435443,0.0436629,0.435443,"chr036857.1",38900001,3.9e+07
"NC_036857.1",38960000,0.253984,0.383896,0.0271344,0.383896,"chr036857.1",38910001,39010000
"NC_036857.1",38970000,0.248414,0.373373,0.028998,0.373373,"chr036857.1",38920001,39020000
"NC_036857.1",38980000,0.242012,0.356435,0.0249367,0.356435,"chr036857.1",38930001,39030000
"NC_036857.1",38990000,0.224183,0.309039,0.0149337,0.309039,"chr036857.1",38940001,39040000
"NC_036857.1",3.9e+07,0.215734,0.277423,0.0076654,0.277423,"chr036857.1",38950001,39050000
"NC_036857.1",39010000,0.184494,0.226514,0,0.226514,"chr036857.1",38960001,39060000
"NC_036857.1",41420000,0.203913,0.00722801,0,0.203913,"chr036857.1",41370001,41470000
"NC_036857.1",41430000,0.231162,0.00692399,0,0.231162,"chr036857.1",41380001,41480000
"NC_036857.1",41440000,0.245961,0.00659093,0,0.245961,"chr036857.1",41390001,41490000
"NC_036857.1",41450000,0.230492,0.00753873,0,0.230492,"chr036857.1",41400001,41500000
"NC_036857.1",41460000,0.232706,0.00525119,0,0.232706,"chr036857.1",41410001,41510000
"NC_036857.1",41470000,0.254707,0.00687683,0,0.254707,"chr036857.1",41420001,41520000
"NC_036857.1",41480000,0.253026,0,0,0.253026,"chr036857.1",41430001,41530000
"NC_036857.1",41490000,0.25565,0,0,0.25565,"chr036857.1",41440001,41540000
"NC_036857.1",41500000,0.236362,0,0,0.236362,"chr036857.1",41450001,41550000
"NC_036857.1",41510000,0.205073,0,0,0.205073,"chr036857.1",41460001,41560000
"NC_036858.1",5820000,0.22593,0.0349619,0,0.22593,"chr036858.1",5770001,5870000
"NC_036858.1",5830000,0.221116,0.0555674,0.00706333,0.221116,"chr036858.1",5780001,5880000
"NC_036858.1",5840000,0.244878,0.0582842,0.0154058,0.244878,"chr036858.1",5790001,5890000
"NC_036858.1",5850000,0.240037,0.0365278,0.0205377,0.240037,"chr036858.1",5800001,5900000
"NC_036858.1",5940000,0.0128499,0.201308,0.0362533,0.201308,"chr036858.1",5890001,5990000
"NC_036858.1",5950000,0.00390451,0.206586,0.0315553,0.206586,"chr036858.1",5900001,6e+06
"NC_036858.1",5960000,0.0101503,0.242117,0.0313962,0.242117,"chr036858.1",5910001,6010000
"NC_036858.1",5970000,0.00670351,0.247303,0.0307455,0.247303,"chr036858.1",5920001,6020000
"NC_036858.1",5980000,0.00951733,0.275599,0.0238991,0.275599,"chr036858.1",5930001,6030000
"NC_036858.1",5990000,0.0274145,0.294614,0.0139749,0.294614,"chr036858.1",5940001,6040000
"NC_036858.1",6e+06,0.0232236,0.292271,0.0136061,0.292271,"chr036858.1",5950001,6050000
"NC_036858.1",6010000,0.0299137,0.306281,0.0136208,0.306281,"chr036858.1",5960001,6060000
"NC_036858.1",6020000,0.0191104,0.25131,0.0176835,0.25131,"chr036858.1",5970001,6070000
"NC_036858.1",6140000,0.0303759,0.239432,0.0207,0.239432,"chr036858.1",6090001,6190000
"NC_036858.1",6150000,0.0306516,0.226756,0.0160305,0.226756,"chr036858.1",6100001,6200000
"NC_036858.1",6160000,0.0272856,0.230014,0.0136819,0.230014,"chr036858.1",6110001,6210000
"NC_036858.1",6170000,0.0225473,0.200427,0.00860844,0.200427,"chr036858.1",6120001,6220000
"NC_036858.1",8940000,0.0544464,0.0210337,0.207466,0.207466,"chr036858.1",8890001,8990000
"NC_036858.1",8950000,0.0467216,0.0231835,0.230238,0.230238,"chr036858.1",8900001,9e+06
"NC_036858.1",8960000,0.0552999,0.0210113,0.259643,0.259643,"chr036858.1",8910001,9010000
"NC_036858.1",8970000,0.0615981,0,0.25275,0.25275,"chr036858.1",8920001,9020000
"NC_036858.1",8980000,0.0517757,0.001416,0.256587,0.256587,"chr036858.1",8930001,9030000
"NC_036858.1",10290000,0,0.217018,0,0.217018,"chr036858.1",10240001,10340000
"NC_036858.1",10300000,0,0.286139,0,0.286139,"chr036858.1",10250001,10350000
"NC_036858.1",10310000,0,0.308792,0,0.308792,"chr036858.1",10260001,10360000
"NC_036858.1",10320000,0,0.329986,0,0.329986,"chr036858.1",10270001,10370000
"NC_036858.1",10330000,0,0.329771,0,0.329771,"chr036858.1",10280001,10380000
"NC_036858.1",10340000,0,0.251249,0,0.251249,"chr036858.1",10290001,10390000
"NC_036858.1",10350000,0,0.222912,0,0.222912,"chr036858.1",10300001,10400000
"NC_036858.1",12840000,0.201299,0.114001,0.129327,0.201299,"chr036858.1",12790001,12890000
"NC_036858.1",13010000,0,0.202517,0,0.202517,"chr036858.1",12960001,13060000
"NC_036858.1",13020000,0,0.298999,0,0.298999,"chr036858.1",12970001,13070000
"NC_036858.1",13030000,0,0.392632,0,0.392632,"chr036858.1",12980001,13080000
"NC_036858.1",13040000,0,0.363548,0,0.363548,"chr036858.1",12990001,13090000
"NC_036858.1",13050000,0,0.41136,0,0.41136,"chr036858.1",13000001,13100000
"NC_036858.1",13060000,0,0.439745,0,0.439745,"chr036858.1",13010001,13110000
"NC_036858.1",13070000,0,0.46832,0.016588,0.46832,"chr036858.1",13020001,13120000
"NC_036858.1",13080000,0,0.462986,0.0202033,0.462986,"chr036858.1",13030001,13130000
"NC_036858.1",13090000,0,0.430138,0.00190015,0.430138,"chr036858.1",13040001,13140000
"NC_036858.1",13100000,0,0.407966,0.00704116,0.407966,"chr036858.1",13050001,13150000
"NC_036858.1",13110000,0,0.343533,0.0133294,0.343533,"chr036858.1",13060001,13160000
"NC_036858.1",13120000,0,0.251925,0.00352896,0.251925,"chr036858.1",13070001,13170000
"NC_036858.1",13660000,0,0.203812,0.0621826,0.203812,"chr036858.1",13610001,13710000
"NC_036858.1",13670000,0,0.240322,0.0660396,0.240322,"chr036858.1",13620001,13720000
"NC_036858.1",14030000,0.0303828,0.0803002,0.2077,0.2077,"chr036858.1",13980001,14080000
"NC_036858.1",14040000,0.0320683,0.0807886,0.217066,0.217066,"chr036858.1",13990001,14090000
"NC_036858.1",14050000,0.0319225,0.0816575,0.22666,0.22666,"chr036858.1",14000001,14100000
"NC_036858.1",14060000,0.0368144,0.0783677,0.249227,0.249227,"chr036858.1",14010001,14110000
"NC_036858.1",14070000,0.0211778,0.0908328,0.294486,0.294486,"chr036858.1",14020001,14120000
"NC_036858.1",14080000,0.0173056,0.0849026,0.285423,0.285423,"chr036858.1",14030001,14130000
"NC_036858.1",14090000,0,0.0033568,0.288778,0.288778,"chr036858.1",14040001,14140000
"NC_036858.1",14100000,0.00677442,0,0.287282,0.287282,"chr036858.1",14050001,14150000
"NC_036858.1",14110000,0.0145687,0,0.340202,0.340202,"chr036858.1",14060001,14160000
"NC_036858.1",14120000,0.00730793,0,0.325858,0.325858,"chr036858.1",14070001,14170000
"NC_036858.1",15600000,0.0465887,0.214366,0.034789,0.214366,"chr036858.1",15550001,15650000
"NC_036858.1",15610000,0.0548365,0.288293,0.0703009,0.288293,"chr036858.1",15560001,15660000
"NC_036858.1",15620000,0.0598123,0.231255,0.0630842,0.231255,"chr036858.1",15570001,15670000
"NC_036858.1",15630000,0.0480045,0.226281,0.0816316,0.226281,"chr036858.1",15580001,15680000
"NC_036858.1",15640000,0.0665978,0.208277,0.0914542,0.208277,"chr036858.1",15590001,15690000
"NC_036858.1",15650000,0.0627318,0.229441,0.0852723,0.229441,"chr036858.1",15600001,15700000
"NC_036858.1",15660000,0.0416232,0.213271,0.0709576,0.213271,"chr036858.1",15610001,15710000
"NC_036858.1",15670000,0.0594439,0.27422,0.113473,0.27422,"chr036858.1",15620001,15720000
"NC_036858.1",15680000,0.0630786,0.26881,0.0912063,0.26881,"chr036858.1",15630001,15730000
"NC_036858.1",15690000,0.0961997,0.239984,0.107967,0.239984,"chr036858.1",15640001,15740000
"NC_036858.1",15700000,0.0780877,0.204193,0.101301,0.204193,"chr036858.1",15650001,15750000
"NC_036858.1",16640000,0.0305805,0.210473,0,0.210473,"chr036858.1",16590001,16690000
"NC_036858.1",16650000,0.0396689,0.224056,0,0.224056,"chr036858.1",16600001,16700000
"NC_036858.1",16660000,0.0577635,0.252255,0,0.252255,"chr036858.1",16610001,16710000
"NC_036858.1",16670000,0.0463682,0.256774,0,0.256774,"chr036858.1",16620001,16720000
"NC_036858.1",16680000,0.0579494,0.24429,0,0.24429,"chr036858.1",16630001,16730000
"NC_036858.1",16710000,0.0640881,0.202509,0,0.202509,"chr036858.1",16660001,16760000
"NC_036858.1",16720000,0.0570122,0.225171,0.00490656,0.225171,"chr036858.1",16670001,16770000
"NC_036858.1",16730000,0.036453,0.22413,0.0287905,0.22413,"chr036858.1",16680001,16780000
"NC_036858.1",16740000,0.0272469,0.216421,0.028642,0.216421,"chr036858.1",16690001,16790000
"NC_036858.1",16750000,0.020814,0.208242,0.0268751,0.208242,"chr036858.1",16700001,16800000
"NC_036858.1",19760000,0.00969165,0.286819,0.172317,0.286819,"chr036858.1",19710001,19810000
"NC_036858.1",19770000,0.0434232,0.317869,0.193482,0.317869,"chr036858.1",19720001,19820000
"NC_036858.1",19780000,0.0454252,0.267,0.160052,0.267,"chr036858.1",19730001,19830000
"NC_036858.1",19790000,0.0742442,0.311982,0.155096,0.311982,"chr036858.1",19740001,19840000
"NC_036858.1",19800000,0.101771,0.386634,0.169217,0.386634,"chr036858.1",19750001,19850000
"NC_036858.1",19810000,0.108806,0.391129,0.164436,0.391129,"chr036858.1",19760001,19860000
"NC_036858.1",19820000,0.115775,0.393176,0.154532,0.393176,"chr036858.1",19770001,19870000
"NC_036858.1",19830000,0.118398,0.395909,0.149323,0.395909,"chr036858.1",19780001,19880000
"NC_036858.1",19840000,0.12655,0.395915,0.146767,0.395915,"chr036858.1",19790001,19890000
"NC_036858.1",19850000,0.125491,0.395021,0.14396,0.395021,"chr036858.1",19800001,19900000
"NC_036858.1",19860000,0.131486,0.397434,0.145453,0.397434,"chr036858.1",19810001,19910000
"NC_036858.1",19870000,0.13052,0.385028,0.137358,0.385028,"chr036858.1",19820001,19920000
"NC_036858.1",19880000,0.164038,0.431009,0.145464,0.431009,"chr036858.1",19830001,19930000
"NC_036858.1",19890000,0.163744,0.408197,0.135517,0.408197,"chr036858.1",19840001,19940000
"NC_036858.1",19900000,0.165886,0.31565,0.0880217,0.31565,"chr036858.1",19850001,19950000
"NC_036858.1",19910000,0.150494,0.206416,0.0571636,0.206416,"chr036858.1",19860001,19960000
"NC_036858.1",20480000,0.336097,0,0,0.336097,"chr036858.1",20430001,20530000
"NC_036858.1",20490000,0.353837,0,0,0.353837,"chr036858.1",20440001,20540000
"NC_036858.1",20500000,0.352716,0,0,0.352716,"chr036858.1",20450001,20550000
"NC_036858.1",20510000,0.373884,0,0,0.373884,"chr036858.1",20460001,20560000
"NC_036858.1",20520000,0.45038,0,0,0.45038,"chr036858.1",20470001,20570000
"NC_036858.1",20530000,0.442165,0,0,0.442165,"chr036858.1",20480001,20580000
"NC_036858.1",20540000,0.455035,0,0,0.455035,"chr036858.1",20490001,20590000
"NC_036858.1",20550000,0.457431,0,0,0.457431,"chr036858.1",20500001,20600000
"NC_036858.1",20560000,0.458164,0,0,0.458164,"chr036858.1",20510001,20610000
"NC_036858.1",20570000,0.311522,0,0,0.311522,"chr036858.1",20520001,20620000
"NC_036858.1",20630000,0.213737,0,0,0.213737,"chr036858.1",20580001,20680000
"NC_036858.1",20640000,0.216202,0,0,0.216202,"chr036858.1",20590001,20690000
"NC_036858.1",20650000,0.27466,0.0273442,0,0.27466,"chr036858.1",20600001,20700000
"NC_036858.1",20660000,0.32358,0.0268577,0,0.32358,"chr036858.1",20610001,20710000
"NC_036858.1",20670000,0.48086,0.0338688,0.0426541,0.48086,"chr036858.1",20620001,20720000
"NC_036858.1",20680000,0.538697,0.0160949,0.0233347,0.538697,"chr036858.1",20630001,20730000
"NC_036858.1",20690000,0.558493,0.0179352,0.0175819,0.558493,"chr036858.1",20640001,20740000
"NC_036858.1",20700000,0.563914,0.0240526,0.0185759,0.563914,"chr036858.1",20650001,20750000
"NC_036858.1",20710000,0.549786,0.0268882,0.021557,0.549786,"chr036858.1",20660001,20760000
"NC_036858.1",20720000,0.541092,0.0262758,0.0177742,0.541092,"chr036858.1",20670001,20770000
"NC_036858.1",20730000,0.544366,0.0271382,0.0134105,0.544366,"chr036858.1",20680001,20780000
"NC_036858.1",20740000,0.542716,0.0285095,0.0199322,0.542716,"chr036858.1",20690001,20790000
"NC_036858.1",20750000,0.535866,0,0.0103458,0.535866,"chr036858.1",20700001,20800000
"NC_036858.1",20760000,0.503107,0,0,0.503107,"chr036858.1",20710001,20810000
"NC_036858.1",20770000,0.485799,0,0,0.485799,"chr036858.1",20720001,20820000
"NC_036858.1",20780000,0.393647,0.00250812,0,0.393647,"chr036858.1",20730001,20830000
"NC_036858.1",20790000,0.248396,0,0,0.248396,"chr036858.1",20740001,20840000
"NC_036858.1",20800000,0.206872,0,0,0.206872,"chr036858.1",20750001,20850000
"NC_036858.1",20820000,0.248717,0,0,0.248717,"chr036858.1",20770001,20870000
"NC_036858.1",20830000,0.245666,0,0,0.245666,"chr036858.1",20780001,20880000
"NC_036858.1",20840000,0.220659,0,0,0.220659,"chr036858.1",20790001,20890000
"NC_036858.1",20850000,0.207734,0,0,0.207734,"chr036858.1",20800001,20900000
"NC_036858.1",21380000,0.219685,0.0187995,0,0.219685,"chr036858.1",21330001,21430000
"NC_036858.1",21390000,0.256814,0.02025,0,0.256814,"chr036858.1",21340001,21440000
"NC_036858.1",21400000,0.297199,0.0319159,0.0165107,0.297199,"chr036858.1",21350001,21450000
"NC_036858.1",21410000,0.30582,0.0290374,0.0146682,0.30582,"chr036858.1",21360001,21460000
"NC_036858.1",21420000,0.331525,0.0222738,0.0126597,0.331525,"chr036858.1",21370001,21470000
"NC_036858.1",21430000,0.336143,0.0220647,0.0124081,0.336143,"chr036858.1",21380001,21480000
"NC_036858.1",21440000,0.418652,0.00289712,0.0120728,0.418652,"chr036858.1",21390001,21490000
"NC_036858.1",21450000,0.410443,0,0.0103236,0.410443,"chr036858.1",21400001,21500000
"NC_036858.1",21460000,0.408893,0.000143802,0.00828708,0.408893,"chr036858.1",21410001,21510000
"NC_036858.1",21470000,0.418699,0,0.00677389,0.418699,"chr036858.1",21420001,21520000
"NC_036858.1",21480000,0.400301,0,0.00721923,0.400301,"chr036858.1",21430001,21530000
"NC_036858.1",21490000,0.357429,0,0,0.357429,"chr036858.1",21440001,21540000
"NC_036858.1",21500000,0.285754,0,0,0.285754,"chr036858.1",21450001,21550000
"NC_036858.1",21510000,0.25463,0,0,0.25463,"chr036858.1",21460001,21560000
"NC_036858.1",22810000,0.0142419,0,0.205161,0.205161,"chr036858.1",22760001,22860000
"NC_036858.1",22820000,0.0148707,0,0.208906,0.208906,"chr036858.1",22770001,22870000
"NC_036858.1",22830000,0.0115361,0,0.215484,0.215484,"chr036858.1",22780001,22880000
"NC_036858.1",22840000,0.00345422,0,0.211554,0.211554,"chr036858.1",22790001,22890000
"NC_036858.1",22850000,0,0,0.218962,0.218962,"chr036858.1",22800001,22900000
"NC_036858.1",22860000,0,0,0.219393,0.219393,"chr036858.1",22810001,22910000
"NC_036858.1",22870000,0,0,0.232304,0.232304,"chr036858.1",22820001,22920000
"NC_036858.1",22880000,0,0,0.234706,0.234706,"chr036858.1",22830001,22930000
"NC_036858.1",22890000,0,0,0.229734,0.229734,"chr036858.1",22840001,22940000
"NC_036858.1",22900000,0,0,0.215763,0.215763,"chr036858.1",22850001,22950000
"NC_036858.1",26110000,0.227519,0.0123176,0.0220419,0.227519,"chr036858.1",26060001,26160000
"NC_036858.1",26120000,0.231291,0.0263189,0.0197117,0.231291,"chr036858.1",26070001,26170000
"NC_036858.1",26130000,0.243772,0.0344345,0.0235937,0.243772,"chr036858.1",26080001,26180000
"NC_036858.1",26140000,0.23438,0.0462123,0.0231305,0.23438,"chr036858.1",26090001,26190000
"NC_036858.1",29830000,0.210912,0.091675,0.0188816,0.210912,"chr036858.1",29780001,29880000
"NC_036858.1",29840000,0.275759,0.105337,0.0737338,0.275759,"chr036858.1",29790001,29890000
"NC_036858.1",29850000,0.250225,0.0765678,0.0643352,0.250225,"chr036858.1",29800001,29900000
"NC_036858.1",29860000,0.224507,0.11178,0.053368,0.224507,"chr036858.1",29810001,29910000
"NC_036858.1",30500000,0.199294,0.157039,0.0222862,0.199294,"chr036858.1",30450001,30550000
"NC_036858.1",33570000,0.203782,0.00169989,0,0.203782,"chr036858.1",33520001,33620000
"NC_036858.1",33580000,0.212119,0.00505261,0,0.212119,"chr036858.1",33530001,33630000
"NC_036858.1",33590000,0.223842,0.00417208,0,0.223842,"chr036858.1",33540001,33640000
"NC_036858.1",33600000,0.219084,0.00918093,0.00816656,0.219084,"chr036858.1",33550001,33650000
"NC_036858.1",33610000,0.206522,0.0272252,0.00150356,0.206522,"chr036858.1",33560001,33660000
"NC_036858.1",33620000,0.228073,0.0316015,0.00106631,0.228073,"chr036858.1",33570001,33670000
"NC_036858.1",33630000,0.237207,0.0352769,0,0.237207,"chr036858.1",33580001,33680000
"NC_036858.1",33640000,0.244932,0.0362448,0.00237731,0.244932,"chr036858.1",33590001,33690000
"NC_036858.1",33650000,0.261673,0.0329382,0.00051838,0.261673,"chr036858.1",33600001,33700000
"NC_036858.1",33660000,0.27287,0.034784,0.00272054,0.27287,"chr036858.1",33610001,33710000
"NC_036858.1",33670000,0.219185,0.0222842,0,0.219185,"chr036858.1",33620001,33720000
"NC_036858.1",33700000,0.210544,0.0264523,0,0.210544,"chr036858.1",33650001,33750000
"NC_036858.1",33710000,0.216477,0.00983568,0,0.216477,"chr036858.1",33660001,33760000
"NC_036858.1",34410000,0.223437,0.00608702,0,0.223437,"chr036858.1",34360001,34460000
"NC_036858.1",34420000,0.280803,0.0102126,0,0.280803,"chr036858.1",34370001,34470000
"NC_036858.1",34430000,0.303445,0.0156997,0.00149268,0.303445,"chr036858.1",34380001,34480000
"NC_036858.1",34440000,0.286972,0.017976,0,0.286972,"chr036858.1",34390001,34490000
"NC_036858.1",34450000,0.289269,0.0206755,0.00928384,0.289269,"chr036858.1",34400001,34500000
"NC_036858.1",34460000,0.291236,0.0239881,0.0154455,0.291236,"chr036858.1",34410001,34510000
"NC_036858.1",34470000,0.260932,0.0213415,0.0157946,0.260932,"chr036858.1",34420001,34520000
"NC_036858.1",34480000,0.244475,0.0174208,0.0144988,0.244475,"chr036858.1",34430001,34530000
"NC_036858.1",34490000,0.239826,0.0152939,0.0184555,0.239826,"chr036858.1",34440001,34540000
"NC_036858.1",34500000,0.209794,0.0140427,0.0179988,0.209794,"chr036858.1",34450001,34550000
"NC_036858.1",34670000,0,0.235527,0,0.235527,"chr036858.1",34620001,34720000
"NC_036858.1",38820000,0,0.224639,0.0677508,0.224639,"chr036858.1",38770001,38870000
"NC_036858.1",38830000,0,0.261552,0.0650891,0.261552,"chr036858.1",38780001,38880000
"NC_036858.1",38840000,0,0.268795,0.0497897,0.268795,"chr036858.1",38790001,38890000
"NC_036858.1",38850000,0,0.273531,0.0481041,0.273531,"chr036858.1",38800001,38900000
"NC_036858.1",38860000,0,0.276241,0.0432139,0.276241,"chr036858.1",38810001,38910000
"NC_036858.1",38870000,0,0.277161,0.0448262,0.277161,"chr036858.1",38820001,38920000
"NC_036858.1",38880000,0,0.26645,0.0304517,0.26645,"chr036858.1",38830001,38930000
"NC_036858.1",38890000,0,0.236593,0.0624131,0.236593,"chr036858.1",38840001,38940000
"NC_036858.1",38900000,0,0.208819,0.0625015,0.208819,"chr036858.1",38850001,38950000
"NC_036858.1",39130000,0.0260829,0.26459,0.099809,0.26459,"chr036858.1",39080001,39180000
"NC_036858.1",39140000,0.0265924,0.316681,0.0775782,0.316681,"chr036858.1",39090001,39190000
"NC_036858.1",39150000,0.0326124,0.430547,0.0738029,0.430547,"chr036858.1",39100001,39200000
"NC_036858.1",39160000,0.0426892,0.43929,0.0690944,0.43929,"chr036858.1",39110001,39210000
"NC_036858.1",39170000,0.0283558,0.345514,0.0415705,0.345514,"chr036858.1",39120001,39220000
"NC_036858.1",39180000,0.0258571,0.330699,0.0384871,0.330699,"chr036858.1",39130001,39230000
"NC_036858.1",39190000,0.0253354,0.303371,0.0295929,0.303371,"chr036858.1",39140001,39240000
"NC_036858.1",39200000,0.00793925,0.288093,0.0216441,0.288093,"chr036858.1",39150001,39250000
"NC_036858.1",39210000,0.0073665,0.276749,0.0175234,0.276749,"chr036858.1",39160001,39260000
"NC_036858.1",39220000,0,0.277964,0.00886872,0.277964,"chr036858.1",39170001,39270000
"NC_036858.1",39230000,0,0.256696,0.00439094,0.256696,"chr036858.1",39180001,39280000
"NC_036858.1",39240000,0,0.202579,0,0.202579,"chr036858.1",39190001,39290000
"NC_036858.1",40500000,0.0382097,0.210762,0.0579485,0.210762,"chr036858.1",40450001,40550000
"NC_036858.1",40510000,0.00332694,0.223867,0.00436386,0.223867,"chr036858.1",40460001,40560000
"NC_036858.1",40710000,0.274906,0,0,0.274906,"chr036858.1",40660001,40760000
"NC_036858.1",40720000,0.265426,0,0,0.265426,"chr036858.1",40670001,40770000
"NC_036858.1",40730000,0.207498,0,0,0.207498,"chr036858.1",40680001,40780000
"NC_036858.1",41290000,0,0.202951,0.0370603,0.202951,"chr036858.1",41240001,41340000
"NC_036858.1",41760000,0.126257,0.228236,0.0383562,0.228236,"chr036858.1",41710001,41810000
"NC_036858.1",41780000,0.12797,0.212911,0.084365,0.212911,"chr036858.1",41730001,41830000
"NC_036858.1",41790000,0.23859,0.286586,0.129325,0.286586,"chr036858.1",41740001,41840000
"NC_036858.1",41800000,0.277591,0.30311,0.251297,0.30311,"chr036858.1",41750001,41850000
"NC_036858.1",41810000,0.277516,0.317972,0.293889,0.317972,"chr036858.1",41760001,41860000
"NC_036858.1",41820000,0.218948,0.253311,0.202893,0.253311,"chr036858.1",41770001,41870000
"NC_036858.1",41830000,0.229321,0.256694,0.20871,0.256694,"chr036858.1",41780001,41880000
"NC_036858.1",41840000,0.234613,0.265771,0.222603,0.265771,"chr036858.1",41790001,41890000
"NC_036858.1",41850000,0.223224,0.264256,0.223365,0.264256,"chr036858.1",41800001,41900000
"NC_036858.1",41860000,0.226214,0.276349,0.217385,0.276349,"chr036858.1",41810001,41910000
"NC_036858.1",41870000,0.216426,0.303018,0.219416,0.303018,"chr036858.1",41820001,41920000
"NC_036858.1",41880000,0.228827,0.280984,0.210529,0.280984,"chr036858.1",41830001,41930000
"NC_036858.1",41890000,0.172898,0.245469,0.192714,0.245469,"chr036858.1",41840001,41940000
"NC_036858.1",41900000,0.116211,0.210964,0.134626,0.210964,"chr036858.1",41850001,41950000
"NC_036858.1",41920000,0.0782484,0.212994,0.131909,0.212994,"chr036858.1",41870001,41970000
"NC_036858.1",45970000,0.0228213,0.052672,0.269485,0.269485,"chr036858.1",45920001,46020000
"NC_036858.1",45980000,0.024391,0.0414986,0.32312,0.32312,"chr036858.1",45930001,46030000
"NC_036858.1",45990000,0.0233025,0.040496,0.343668,0.343668,"chr036858.1",45940001,46040000
"NC_036858.1",4.6e+07,0.0226464,0.0429217,0.352345,0.352345,"chr036858.1",45950001,46050000
"NC_036858.1",46010000,0.0228015,0.0385307,0.362955,0.362955,"chr036858.1",45960001,46060000
"NC_036858.1",46020000,0.0209342,0.039779,0.379814,0.379814,"chr036858.1",45970001,46070000
"NC_036858.1",46030000,0.0208283,0.039672,0.379604,0.379604,"chr036858.1",45980001,46080000
"NC_036858.1",46040000,0.0255486,0.0438336,0.399773,0.399773,"chr036858.1",45990001,46090000
"NC_036858.1",46050000,0.0242115,0.0412816,0.403841,0.403841,"chr036858.1",46000001,46100000
"NC_036858.1",46060000,0.024254,0.0404104,0.406167,0.406167,"chr036858.1",46010001,46110000
"NC_036858.1",46070000,0.0255623,0.0284119,0.38976,0.38976,"chr036858.1",46020001,46120000
"NC_036858.1",46080000,0.0250997,0.0282337,0.379202,0.379202,"chr036858.1",46030001,46130000
"NC_036858.1",46090000,0.0306604,0.0221746,0.389624,0.389624,"chr036858.1",46040001,46140000
"NC_036858.1",46100000,0.0431793,0.0378305,0.384788,0.384788,"chr036858.1",46050001,46150000
"NC_036858.1",46110000,0.0408606,0.0277818,0.402406,0.402406,"chr036858.1",46060001,46160000
"NC_036858.1",46120000,0.0428205,0.0256559,0.383322,0.383322,"chr036858.1",46070001,46170000
"NC_036858.1",46130000,0.0435047,0.0260056,0.382832,0.382832,"chr036858.1",46080001,46180000
"NC_036858.1",46140000,0.0326666,0.0253463,0.375622,0.375622,"chr036858.1",46090001,46190000
"NC_036858.1",46150000,0.0324096,0.0256649,0.357408,0.357408,"chr036858.1",46100001,46200000
"NC_036858.1",46160000,0.0250355,0.0198412,0.241126,0.241126,"chr036858.1",46110001,46210000
"NC_036858.1",46170000,0.0222867,0.0252213,0.238824,0.238824,"chr036858.1",46120001,46220000
"NC_036858.1",46180000,0.0263497,0.0272859,0.209564,0.209564,"chr036858.1",46130001,46230000
"NC_036858.1",46350000,0.0269057,0.208314,0,0.208314,"chr036858.1",46300001,46400000
"NC_036858.1",46360000,0.0127009,0.199156,0,0.199156,"chr036858.1",46310001,46410000
"NC_036858.1",46370000,0.0101869,0.213103,0,0.213103,"chr036858.1",46320001,46420000
"NC_036858.1",46380000,0.0201695,0.221093,0,0.221093,"chr036858.1",46330001,46430000
"NC_036858.1",46390000,0.0219608,0.199054,0,0.199054,"chr036858.1",46340001,46440000
"NC_036858.1",51050000,0,0.211643,0.0415981,0.211643,"chr036858.1",51000001,51100000
"NC_036858.1",51060000,0,0.280518,0.0555653,0.280518,"chr036858.1",51010001,51110000
"NC_036858.1",51070000,0,0.286412,0.0500477,0.286412,"chr036858.1",51020001,51120000
"NC_036858.1",51080000,0,0.295161,0.0470755,0.295161,"chr036858.1",51030001,51130000
"NC_036858.1",51090000,0,0.35877,0.0516336,0.35877,"chr036858.1",51040001,51140000
"NC_036858.1",51100000,0,0.377491,0.0495158,0.377491,"chr036858.1",51050001,51150000
"NC_036858.1",51110000,0,0.363091,0.041588,0.363091,"chr036858.1",51060001,51160000
"NC_036858.1",51120000,0,0.357116,0.0403924,0.357116,"chr036858.1",51070001,51170000
"NC_036858.1",51130000,0,0.348409,0.0392904,0.348409,"chr036858.1",51080001,51180000
"NC_036858.1",51140000,0,0.339146,0.031706,0.339146,"chr036858.1",51090001,51190000
"NC_036858.1",51150000,0,0.335529,0.0337971,0.335529,"chr036858.1",51100001,51200000
"NC_036858.1",51160000,0,0.317065,0.0316765,0.317065,"chr036858.1",51110001,51210000
"NC_036858.1",51170000,0,0.296491,0.0297078,0.296491,"chr036858.1",51120001,51220000
"NC_036858.1",51180000,0,0.262793,0.028316,0.262793,"chr036858.1",51130001,51230000
"NC_036858.1",51190000,0,0.230287,0.0284717,0.230287,"chr036858.1",51140001,51240000
"NC_036858.1",51200000,0,0.203161,0.0266973,0.203161,"chr036858.1",51150001,51250000
"NC_036858.1",51210000,0,0.202017,0.031998,0.202017,"chr036858.1",51160001,51260000
"NC_036858.1",51220000,0,0.200783,0.036671,0.200783,"chr036858.1",51170001,51270000
"NC_036858.1",51230000,0,0.206523,0.0393337,0.206523,"chr036858.1",51180001,51280000
"NC_036858.1",51240000,0,0.228498,0.0444892,0.228498,"chr036858.1",51190001,51290000
"NC_036858.1",52820000,0.449576,0.218914,0.0421332,0.449576,"chr036858.1",52770001,52870000
"NC_036858.1",52830000,0.449568,0.189949,0.0480797,0.449568,"chr036858.1",52780001,52880000
"NC_036858.1",52840000,0.396477,0.178276,0.0945348,0.396477,"chr036858.1",52790001,52890000
"NC_036858.1",52850000,0.315997,0.170646,0.118809,0.315997,"chr036858.1",52800001,52900000
"NC_036858.1",52860000,0.246848,0.156458,0.0933349,0.246848,"chr036858.1",52810001,52910000
"NC_036858.1",52870000,0.257441,0.156626,0.0982442,0.257441,"chr036858.1",52820001,52920000
"NC_036858.1",52880000,0.262793,0.162362,0.0961977,0.262793,"chr036858.1",52830001,52930000
"NC_036858.1",52890000,0.280852,0.176932,0.0999931,0.280852,"chr036858.1",52840001,52940000
"NC_036858.1",52900000,0.258406,0.173112,0.0942756,0.258406,"chr036858.1",52850001,52950000
"NC_036858.1",52910000,0.211815,0.165281,0.0940388,0.211815,"chr036858.1",52860001,52960000
"NC_036858.1",52920000,0.207531,0.158072,0.0860856,0.207531,"chr036858.1",52870001,52970000
"NC_036858.1",52930000,0.205133,0.173613,0.0980378,0.205133,"chr036858.1",52880001,52980000
"NC_036858.1",52940000,0.284746,0.189575,0.0249502,0.284746,"chr036858.1",52890001,52990000
"NC_036858.1",52950000,0.363171,0.227103,0,0.363171,"chr036858.1",52900001,5.3e+07
"NC_036858.1",52960000,0.468669,0.216672,0.0377728,0.468669,"chr036858.1",52910001,53010000
"NC_036858.1",52970000,0.472982,0.218203,0.0354448,0.472982,"chr036858.1",52920001,53020000
"NC_036858.1",52980000,0.48109,0.23096,0.0364362,0.48109,"chr036858.1",52930001,53030000
"NC_036858.1",52990000,0.478161,0.240937,0.0317744,0.478161,"chr036858.1",52940001,53040000
"NC_036858.1",5.3e+07,0.525521,0.254762,0.0312203,0.525521,"chr036858.1",52950001,53050000
"NC_036858.1",53010000,0.518609,0.251443,0.0350749,0.518609,"chr036858.1",52960001,53060000
"NC_036858.1",53020000,0.518609,0.249707,0.0346396,0.518609,"chr036858.1",52970001,53070000
"NC_036858.1",53030000,0.52056,0.228015,0.0033295,0.52056,"chr036858.1",52980001,53080000
"NC_036858.1",53040000,0.514113,0.243708,0.0124174,0.514113,"chr036858.1",52990001,53090000
"NC_036858.1",53050000,0.486962,0.221067,0,0.486962,"chr036858.1",53000001,53100000
"NC_036858.1",53060000,0.409723,0.26582,0,0.409723,"chr036858.1",53010001,53110000
"NC_036858.1",53070000,0.401591,0.259361,0,0.401591,"chr036858.1",53020001,53120000
"NC_036858.1",53080000,0.384249,0.223158,0,0.384249,"chr036858.1",53030001,53130000
"NC_036858.1",53090000,0.246284,0.143147,0,0.246284,"chr036858.1",53040001,53140000
"NC_036858.1",53100000,0.253869,0.143466,0,0.253869,"chr036858.1",53050001,53150000
"NC_036858.1",53110000,0.259585,0.153405,0,0.259585,"chr036858.1",53060001,53160000
"NC_036858.1",53120000,0.263939,0.166579,0,0.263939,"chr036858.1",53070001,53170000
"NC_036858.1",53250000,0.14303,0.261429,0.0327064,0.261429,"chr036858.1",53200001,53300000
"NC_036858.1",53260000,0.156153,0.284787,0.0590369,0.284787,"chr036858.1",53210001,53310000
"NC_036858.1",53270000,0.150549,0.282369,0.0547929,0.282369,"chr036858.1",53220001,53320000
"NC_036858.1",53280000,0.155295,0.317668,0.0639255,0.317668,"chr036858.1",53230001,53330000
"NC_036858.1",53290000,0.135192,0.327729,0.0600114,0.327729,"chr036858.1",53240001,53340000
"NC_036858.1",53300000,0.114113,0.285691,0.035916,0.285691,"chr036858.1",53250001,53350000
"NC_036858.1",53310000,0.252556,0.301377,0.0321785,0.301377,"chr036858.1",53260001,53360000
"NC_036858.1",53320000,0.222014,0.291962,0.0290543,0.291962,"chr036858.1",53270001,53370000
"NC_036858.1",53330000,0.205637,0.267726,0.0422116,0.267726,"chr036858.1",53280001,53380000
"NC_036858.1",53350000,0.188373,0.219483,0.0682363,0.219483,"chr036858.1",53300001,53400000
"NC_036858.1",53390000,0.205248,0.107998,0.0559168,0.205248,"chr036858.1",53340001,53440000
"NC_036858.1",53400000,0.206415,0.106772,0.0619365,0.206415,"chr036858.1",53350001,53450000
"NC_036858.1",53410000,0.268533,0.111327,0.0505048,0.268533,"chr036858.1",53360001,53460000
"NC_036858.1",53420000,0.231735,0.0776986,0.0375565,0.231735,"chr036858.1",53370001,53470000
"NC_036858.1",53530000,0.233528,0.0940963,0,0.233528,"chr036858.1",53480001,53580000
"NC_036858.1",53790000,0.213826,0.198545,0.0905189,0.213826,"chr036858.1",53740001,53840000
"NC_036858.1",53800000,0.218823,0.199907,0.083045,0.218823,"chr036858.1",53750001,53850000
"NC_036858.1",53990000,0.207706,0.144784,0.0357409,0.207706,"chr036858.1",53940001,54040000
"NC_036858.1",5.4e+07,0.221098,0.135563,0.0300801,0.221098,"chr036858.1",53950001,54050000
"NC_036858.1",54010000,0.243092,0.138766,0.037489,0.243092,"chr036858.1",53960001,54060000
"NC_036858.1",54020000,0.242254,0.133593,0.0348797,0.242254,"chr036858.1",53970001,54070000
"NC_036858.1",54030000,0.306387,0.164121,0.0193425,0.306387,"chr036858.1",53980001,54080000
"NC_036858.1",54040000,0.300354,0.161084,0.0169438,0.300354,"chr036858.1",53990001,54090000
"NC_036858.1",54050000,0.293279,0.183992,0,0.293279,"chr036858.1",54000001,54100000
"NC_036858.1",54060000,0.316352,0.190714,0,0.316352,"chr036858.1",54010001,54110000
"NC_036858.1",54070000,0.215615,0.131837,0,0.215615,"chr036858.1",54020001,54120000
"NC_036858.1",54480000,0.226455,0.190402,0.0322714,0.226455,"chr036858.1",54430001,54530000
"NC_036858.1",54490000,0.219191,0.19677,0.0442842,0.219191,"chr036858.1",54440001,54540000
"NC_036858.1",54500000,0.18777,0.199646,0.0322731,0.199646,"chr036858.1",54450001,54550000
"NC_036858.1",55200000,0.257746,0.189988,0.0523962,0.257746,"chr036858.1",55150001,55250000
"NC_036858.1",55210000,0.259271,0.176825,0.0509499,0.259271,"chr036858.1",55160001,55260000
"NC_036858.1",55220000,0.223815,0.156492,0.0410371,0.223815,"chr036858.1",55170001,55270000
"NC_036858.1",55230000,0.221019,0.159995,0.0461427,0.221019,"chr036858.1",55180001,55280000
"NC_036858.1",55240000,0.263012,0.180338,0.0399976,0.263012,"chr036858.1",55190001,55290000
"NC_036858.1",55250000,0.16939,0.222647,0.0267412,0.222647,"chr036858.1",55200001,55300000
"NC_036858.1",55260000,0.183685,0.239717,0.0314627,0.239717,"chr036858.1",55210001,55310000
"NC_036858.1",55270000,0.208754,0.258443,0.0303188,0.258443,"chr036858.1",55220001,55320000
"NC_036858.1",55280000,0.228697,0.268372,0.0263767,0.268372,"chr036858.1",55230001,55330000
"NC_036858.1",55290000,0.177706,0.237459,0.0148428,0.237459,"chr036858.1",55240001,55340000
"NC_036858.1",55300000,0.157374,0.202866,0.00205187,0.202866,"chr036858.1",55250001,55350000
"NC_036858.1",55310000,0.159794,0.202639,0.00188235,0.202639,"chr036858.1",55260001,55360000
"NC_036858.1",55320000,0.199136,0.23664,0.0035214,0.23664,"chr036858.1",55270001,55370000
"NC_036858.1",55330000,0.217789,0.259987,0,0.259987,"chr036858.1",55280001,55380000
"NC_036858.1",55340000,0.198097,0.250679,0.00843758,0.250679,"chr036858.1",55290001,55390000
"NC_036858.1",55350000,0.2504,0.173385,0.0238056,0.2504,"chr036858.1",55300001,55400000
"NC_036858.1",55360000,0.241795,0.172493,0.0221513,0.241795,"chr036858.1",55310001,55410000
"NC_036858.1",55390000,0.232845,0.160204,0.0132891,0.232845,"chr036858.1",55340001,55440000
"NC_036858.1",55400000,0.284403,0.194253,0.0130635,0.284403,"chr036858.1",55350001,55450000
"NC_036858.1",55410000,0.290528,0.205635,0.00922549,0.290528,"chr036858.1",55360001,55460000
"NC_036858.1",55420000,0.258857,0.194986,0.0079875,0.258857,"chr036858.1",55370001,55470000
"NC_036858.1",55430000,0.243297,0.185245,0.00614295,0.243297,"chr036858.1",55380001,55480000
"NC_036858.1",55440000,0.276618,0.209951,0.000275262,0.276618,"chr036858.1",55390001,55490000
"NC_036858.1",55450000,0.297188,0.224165,0,0.297188,"chr036858.1",55400001,55500000
"NC_036858.1",55460000,0.302892,0.209632,0.00446249,0.302892,"chr036858.1",55410001,55510000
"NC_036858.1",55470000,0.439038,0.284286,0.016128,0.439038,"chr036858.1",55420001,55520000
"NC_036858.1",55480000,0.373961,0.242093,0.00837439,0.373961,"chr036858.1",55430001,55530000
"NC_036858.1",55490000,0.367276,0.236892,0.0104429,0.367276,"chr036858.1",55440001,55540000
"NC_036858.1",55500000,0.369026,0.226302,0.00755136,0.369026,"chr036858.1",55450001,55550000
"NC_036858.1",55510000,0.368492,0.228032,0.00130952,0.368492,"chr036858.1",55460001,55560000
"NC_036858.1",55520000,0.364393,0.226568,0.000626379,0.364393,"chr036858.1",55470001,55570000
"NC_036858.1",55530000,0.314051,0.183765,0,0.314051,"chr036858.1",55480001,55580000
"NC_036858.1",55540000,0.256006,0.143264,0,0.256006,"chr036858.1",55490001,55590000
"NC_036858.1",55810000,0.20184,0.0832568,0.0219548,0.20184,"chr036858.1",55760001,55860000
"NC_036858.1",55820000,0.206608,0.0962884,0.0225973,0.206608,"chr036858.1",55770001,55870000
"NC_036858.1",56440000,0,5.34825e-05,0.213654,0.213654,"chr036858.1",56390001,56490000
"NC_036858.1",56450000,0,0.000238662,0.231631,0.231631,"chr036858.1",56400001,56500000
"NC_036858.1",56460000,0.000148684,0.00120699,0.243829,0.243829,"chr036858.1",56410001,56510000
"NC_036858.1",56470000,0.00168234,0.00213617,0.209185,0.209185,"chr036858.1",56420001,56520000
"NC_036858.1",56480000,0.00268278,0.00244792,0.227412,0.227412,"chr036858.1",56430001,56530000
"NC_036858.1",56490000,0.00162994,0.000748053,0.214742,0.214742,"chr036858.1",56440001,56540000
"NC_036858.1",61180000,0.00693933,0.0622725,0.208196,0.208196,"chr036858.1",61130001,61230000
"NC_036858.1",61190000,0.00583845,0.069044,0.223441,0.223441,"chr036858.1",61140001,61240000
"NC_036858.1",61200000,0.01249,0.0795521,0.251294,0.251294,"chr036858.1",61150001,61250000
"NC_036858.1",61210000,0.0293369,0.0798979,0.251883,0.251883,"chr036858.1",61160001,61260000
"NC_036858.1",61220000,0.0252931,0.0822278,0.25164,0.25164,"chr036858.1",61170001,61270000
"NC_036858.1",61230000,0.0273544,0.0767622,0.253643,0.253643,"chr036858.1",61180001,61280000
"NC_036858.1",61240000,0.0241456,0.0729323,0.237463,0.237463,"chr036858.1",61190001,61290000
"NC_036858.1",61250000,0.0275287,0.072956,0.233653,0.233653,"chr036858.1",61200001,61300000
"NC_036858.1",61260000,0.0322086,0.0617283,0.20601,0.20601,"chr036858.1",61210001,61310000
"NC_036858.1",61270000,0.059547,0.0559488,0.200632,0.200632,"chr036858.1",61220001,61320000
"NC_036858.1",61940000,0.201627,0,0,0.201627,"chr036858.1",61890001,61990000
"NC_036858.1",61950000,0.279835,0,0,0.279835,"chr036858.1",61900001,6.2e+07
"NC_036858.1",61960000,0.29443,0,0,0.29443,"chr036858.1",61910001,62010000
"NC_036858.1",61970000,0.267804,0,0,0.267804,"chr036858.1",61920001,62020000
"NC_036858.1",61980000,0.277788,0,0,0.277788,"chr036858.1",61930001,62030000
"NC_036858.1",61990000,0.254116,0,0,0.254116,"chr036858.1",61940001,62040000
"NC_036858.1",6.2e+07,0.238003,0,0,0.238003,"chr036858.1",61950001,62050000
"NC_036858.1",62010000,0.252409,0,0,0.252409,"chr036858.1",61960001,62060000
"NC_036858.1",62020000,0.262927,0,0,0.262927,"chr036858.1",61970001,62070000
"NC_036858.1",62030000,0.27017,0,0,0.27017,"chr036858.1",61980001,62080000
"NC_036858.1",62040000,0.256869,0,0,0.256869,"chr036858.1",61990001,62090000
"NC_036858.1",62050000,0.241246,0,0,0.241246,"chr036858.1",62000001,62100000
"NC_036858.1",62060000,0.216958,0,0,0.216958,"chr036858.1",62010001,62110000
"NC_036858.1",62070000,0.263342,0,0,0.263342,"chr036858.1",62020001,62120000
"NC_036858.1",62080000,0.263036,0,0,0.263036,"chr036858.1",62030001,62130000
"NC_036858.1",62090000,0.287098,0,0,0.287098,"chr036858.1",62040001,62140000
"NC_036858.1",62100000,0.308204,0,0,0.308204,"chr036858.1",62050001,62150000
"NC_036858.1",62110000,0.317151,0,0,0.317151,"chr036858.1",62060001,62160000
"NC_036858.1",62120000,0.316432,0,0,0.316432,"chr036858.1",62070001,62170000
"NC_036858.1",62130000,0.307406,0,0,0.307406,"chr036858.1",62080001,62180000
"NC_036858.1",62140000,0.30688,0,0,0.30688,"chr036858.1",62090001,62190000
"NC_036858.1",62150000,0.320529,0,0,0.320529,"chr036858.1",62100001,62200000
"NC_036858.1",62160000,0.333215,0,0,0.333215,"chr036858.1",62110001,62210000
"NC_036858.1",62170000,0.256461,0,0,0.256461,"chr036858.1",62120001,62220000
"NC_036858.1",62180000,0.253515,0,0,0.253515,"chr036858.1",62130001,62230000
"NC_036858.1",62190000,0.244585,0,0,0.244585,"chr036858.1",62140001,62240000
"NC_036858.1",62200000,0.218815,0,0,0.218815,"chr036858.1",62150001,62250000
"NC_036858.1",62360000,0.135174,0.215917,0.0248909,0.215917,"chr036858.1",62310001,62410000
"NC_036858.1",62370000,0.13117,0.237829,0.0328783,0.237829,"chr036858.1",62320001,62420000
"NC_036858.1",62380000,0.119126,0.244008,0.0613599,0.244008,"chr036858.1",62330001,62430000
"NC_036858.1",62390000,0.123994,0.261101,0.0716013,0.261101,"chr036858.1",62340001,62440000
"NC_036858.1",62400000,0.123608,0.292231,0.0989158,0.292231,"chr036858.1",62350001,62450000
"NC_036858.1",62410000,0.134299,0.312727,0.120064,0.312727,"chr036858.1",62360001,62460000
"NC_036858.1",62420000,0.128509,0.293635,0.106325,0.293635,"chr036858.1",62370001,62470000
"NC_036858.1",62430000,0.142611,0.275494,0.0913196,0.275494,"chr036858.1",62380001,62480000
"NC_036858.1",62440000,0.124967,0.249653,0.0820575,0.249653,"chr036858.1",62390001,62490000
"NC_036858.1",62840000,0.0996832,0.220832,0.0764253,0.220832,"chr036858.1",62790001,62890000
"NC_036858.1",62850000,0.0891585,0.202723,0.0879025,0.202723,"chr036858.1",62800001,62900000
"NC_036858.1",65200000,0.204221,0.0231545,0.0577711,0.204221,"chr036858.1",65150001,65250000
"NC_036858.1",65210000,0.222905,0.0170434,0.053523,0.222905,"chr036858.1",65160001,65260000
"NC_036858.1",65220000,0.248906,0.0117543,0.0771223,0.248906,"chr036858.1",65170001,65270000
"NC_036858.1",65640000,0.228484,0.0443001,0.184146,0.228484,"chr036858.1",65590001,65690000
"NC_036858.1",65650000,0.236131,0.0116876,0.199498,0.236131,"chr036858.1",65600001,65700000
"NC_036858.1",65660000,0.244478,0.00976318,0.2065,0.244478,"chr036858.1",65610001,65710000
"NC_036858.1",65670000,0.246736,0.0113331,0.204582,0.246736,"chr036858.1",65620001,65720000
"NC_036858.1",65680000,0.234236,0.00179821,0.197616,0.234236,"chr036858.1",65630001,65730000
"NC_036858.1",65690000,0.229654,0.00419213,0.193589,0.229654,"chr036858.1",65640001,65740000
"NC_036858.1",65700000,0.218235,0.00740392,0.173066,0.218235,"chr036858.1",65650001,65750000
"NC_036859.1",1e+06,0.149425,0.20392,0.0924649,0.20392,"chr036859.1",950001,1050000
"NC_036859.1",1010000,0.143809,0.252378,0.0861315,0.252378,"chr036859.1",960001,1060000
"NC_036859.1",1020000,0.127691,0.328147,0.0936834,0.328147,"chr036859.1",970001,1070000
"NC_036859.1",1030000,0.137342,0.373903,0.0901513,0.373903,"chr036859.1",980001,1080000
"NC_036859.1",1040000,0.144374,0.393938,0.0960918,0.393938,"chr036859.1",990001,1090000
"NC_036859.1",1050000,0.120756,0.379294,0.0543725,0.379294,"chr036859.1",1000001,1100000
"NC_036859.1",1060000,0.0927346,0.328217,0.0415333,0.328217,"chr036859.1",1010001,1110000
"NC_036859.1",1070000,0.0516675,0.213014,0.000458385,0.213014,"chr036859.1",1020001,1120000
"NC_036859.1",1080000,0.046933,0.208005,0.000763662,0.208005,"chr036859.1",1030001,1130000
"NC_036859.1",1650000,0,0.200788,0,0.200788,"chr036859.1",1600001,1700000
"NC_036859.1",3830000,0.0269577,0.349812,0.0189753,0.349812,"chr036859.1",3780001,3880000
"NC_036859.1",3840000,0.0271448,0.323505,0.0170233,0.323505,"chr036859.1",3790001,3890000
"NC_036859.1",3850000,0.0354331,0.26504,0.0299298,0.26504,"chr036859.1",3800001,3900000
"NC_036859.1",3860000,0.0366636,0.249568,0.0232084,0.249568,"chr036859.1",3810001,3910000
"NC_036859.1",3870000,0.03671,0.22862,0.0170544,0.22862,"chr036859.1",3820001,3920000
"NC_036859.1",5460000,0.242837,0.00365246,0,0.242837,"chr036859.1",5410001,5510000
"NC_036859.1",5470000,0.321817,0.0142245,0.00329615,0.321817,"chr036859.1",5420001,5520000
"NC_036859.1",5480000,0.328604,0.00513964,0,0.328604,"chr036859.1",5430001,5530000
"NC_036859.1",5490000,0.334474,0.00784148,0,0.334474,"chr036859.1",5440001,5540000
"NC_036859.1",5500000,0.340269,0.00978267,0,0.340269,"chr036859.1",5450001,5550000
"NC_036859.1",5510000,0.375093,0.0181748,0,0.375093,"chr036859.1",5460001,5560000
"NC_036859.1",5520000,0.382633,0.0136518,0,0.382633,"chr036859.1",5470001,5570000
"NC_036859.1",5530000,0.398826,0.00646786,0,0.398826,"chr036859.1",5480001,5580000
"NC_036859.1",5540000,0.392229,0.0101526,0,0.392229,"chr036859.1",5490001,5590000
"NC_036859.1",5550000,0.377605,0.0147893,0,0.377605,"chr036859.1",5500001,5600000
"NC_036859.1",5560000,0.305751,0,0,0.305751,"chr036859.1",5510001,5610000
"NC_036859.1",6720000,0,0,0.218984,0.218984,"chr036859.1",6670001,6770000
"NC_036859.1",6730000,0,0,0.247531,0.247531,"chr036859.1",6680001,6780000
"NC_036859.1",6740000,0,0,0.267158,0.267158,"chr036859.1",6690001,6790000
"NC_036859.1",6750000,0,0,0.261942,0.261942,"chr036859.1",6700001,6800000
"NC_036859.1",6760000,0,0,0.273909,0.273909,"chr036859.1",6710001,6810000
"NC_036859.1",6770000,0,0,0.270837,0.270837,"chr036859.1",6720001,6820000
"NC_036859.1",6780000,0,0,0.2813,0.2813,"chr036859.1",6730001,6830000
"NC_036859.1",6790000,0,0,0.233188,0.233188,"chr036859.1",6740001,6840000
"NC_036859.1",10110000,0.025246,0.201729,0.0240258,0.201729,"chr036859.1",10060001,10160000
"NC_036859.1",10120000,0.0341248,0.242751,0.029372,0.242751,"chr036859.1",10070001,10170000
"NC_036859.1",10270000,0.0041591,0.205273,0.0524634,0.205273,"chr036859.1",10220001,10320000
"NC_036859.1",10380000,0.0359894,0.204971,0.0232382,0.204971,"chr036859.1",10330001,10430000
"NC_036859.1",10390000,0.0447924,0.236157,0.0350212,0.236157,"chr036859.1",10340001,10440000
"NC_036859.1",10400000,0.0468306,0.219638,0.0300995,0.219638,"chr036859.1",10350001,10450000
"NC_036859.1",10410000,0.0390253,0.221204,0.0147782,0.221204,"chr036859.1",10360001,10460000
"NC_036859.1",10420000,0.0469129,0.235656,0.0125947,0.235656,"chr036859.1",10370001,10470000
"NC_036859.1",10430000,0.0308669,0.223919,0.014833,0.223919,"chr036859.1",10380001,10480000
"NC_036859.1",10440000,0.0393866,0.272786,0.0142331,0.272786,"chr036859.1",10390001,10490000
"NC_036859.1",10450000,0.0375155,0.255475,0.0133532,0.255475,"chr036859.1",10400001,10500000
"NC_036859.1",10920000,0.0225219,0.199248,0.00645546,0.199248,"chr036859.1",10870001,10970000
"NC_036859.1",10930000,0.0281303,0.21225,0.00566494,0.21225,"chr036859.1",10880001,10980000
"NC_036859.1",10940000,0.0247319,0.202832,0.00765374,0.202832,"chr036859.1",10890001,10990000
"NC_036859.1",10950000,0.0269631,0.208053,0.00317498,0.208053,"chr036859.1",10900001,1.1e+07
"NC_036859.1",10960000,0.0272138,0.202251,0.00559831,0.202251,"chr036859.1",10910001,11010000
"NC_036859.1",10970000,0.0256715,0.204982,0.00539154,0.204982,"chr036859.1",10920001,11020000
"NC_036859.1",10980000,0.0254132,0.226116,0,0.226116,"chr036859.1",10930001,11030000
"NC_036859.1",10990000,0.0159284,0.229115,0,0.229115,"chr036859.1",10940001,11040000
"NC_036859.1",11300000,0.20568,0.136557,0.188741,0.20568,"chr036859.1",11250001,11350000
"NC_036859.1",11310000,0.251945,0.134389,0.198217,0.251945,"chr036859.1",11260001,11360000
"NC_036859.1",11320000,0.250064,0.153577,0.190775,0.250064,"chr036859.1",11270001,11370000
"NC_036859.1",11330000,0.220048,0.142177,0.177867,0.220048,"chr036859.1",11280001,11380000
"NC_036859.1",11340000,0.210485,0.146184,0.176725,0.210485,"chr036859.1",11290001,11390000
"NC_036859.1",11530000,0.127308,0.214751,0.20683,0.214751,"chr036859.1",11480001,11580000
"NC_036859.1",11540000,0.21538,0.2655,0.296397,0.296397,"chr036859.1",11490001,11590000
"NC_036859.1",11550000,0.265854,0.301358,0.308702,0.308702,"chr036859.1",11500001,11600000
"NC_036859.1",11560000,0.278518,0.298197,0.22415,0.298197,"chr036859.1",11510001,11610000
"NC_036859.1",11570000,0.231654,0.259931,0.144471,0.259931,"chr036859.1",11520001,11620000
"NC_036859.1",11580000,0.234042,0.24756,0.143718,0.24756,"chr036859.1",11530001,11630000
"NC_036859.1",11590000,0.226369,0.247418,0.122681,0.247418,"chr036859.1",11540001,11640000
"NC_036859.1",11600000,0.206091,0.221086,0.0906835,0.221086,"chr036859.1",11550001,11650000
"NC_036859.1",11610000,0.196448,0.200941,0.0609123,0.200941,"chr036859.1",11560001,11660000
"NC_036859.1",11620000,0.209605,0.177848,0.0586658,0.209605,"chr036859.1",11570001,11670000
"NC_036859.1",11630000,0.206944,0.151143,0.0325806,0.206944,"chr036859.1",11580001,11680000
"NC_036859.1",11800000,0.0609424,0,0.2984,0.2984,"chr036859.1",11750001,11850000
"NC_036859.1",11810000,0.033107,0.00231678,0.349334,0.349334,"chr036859.1",11760001,11860000
"NC_036859.1",11820000,0.0266718,0.00199031,0.306666,0.306666,"chr036859.1",11770001,11870000
"NC_036859.1",11830000,0.01316,0.00849647,0.265661,0.265661,"chr036859.1",11780001,11880000
"NC_036859.1",11840000,0.0112902,0.00614405,0.270861,0.270861,"chr036859.1",11790001,11890000
"NC_036859.1",11850000,0.0113864,0.00735059,0.272886,0.272886,"chr036859.1",11800001,11900000
"NC_036859.1",11860000,0.0116264,0.00675012,0.264823,0.264823,"chr036859.1",11810001,11910000
"NC_036859.1",11870000,0.0159083,0.0118449,0.251442,0.251442,"chr036859.1",11820001,11920000
"NC_036859.1",11880000,0.0269262,0,0.2256,0.2256,"chr036859.1",11830001,11930000
"NC_036859.1",11890000,0.0253889,0,0.209351,0.209351,"chr036859.1",11840001,11940000
"NC_036859.1",13650000,0,0.0357204,0.222334,0.222334,"chr036859.1",13600001,13700000
"NC_036859.1",13660000,0.0309609,0.0461566,0.286598,0.286598,"chr036859.1",13610001,13710000
"NC_036859.1",13680000,0.31091,0,0.395095,0.395095,"chr036859.1",13630001,13730000
"NC_036859.1",13690000,0.304874,0,0.399908,0.399908,"chr036859.1",13640001,13740000
"NC_036859.1",13700000,0.318177,0.00755593,0.412942,0.412942,"chr036859.1",13650001,13750000
"NC_036859.1",13710000,0.325828,0.0207832,0.446061,0.446061,"chr036859.1",13660001,13760000
"NC_036859.1",13720000,0.338467,0.0314439,0.450357,0.450357,"chr036859.1",13670001,13770000
"NC_036859.1",13730000,0.330926,0.0328931,0.418132,0.418132,"chr036859.1",13680001,13780000
"NC_036859.1",13740000,0.339717,0.0224998,0.422421,0.422421,"chr036859.1",13690001,13790000
"NC_036859.1",13750000,0.335588,0.0147865,0.409654,0.409654,"chr036859.1",13700001,13800000
"NC_036859.1",13760000,0.330067,0.0123237,0.404982,0.404982,"chr036859.1",13710001,13810000
"NC_036859.1",13770000,0.397887,0,0.496458,0.496458,"chr036859.1",13720001,13820000
"NC_036859.1",13780000,0.129468,0.00767804,0.204173,0.204173,"chr036859.1",13730001,13830000
"NC_036859.1",14050000,0.000225639,0,0.209962,0.209962,"chr036859.1",14000001,14100000
"NC_036859.1",14060000,0,0,0.22031,0.22031,"chr036859.1",14010001,14110000
"NC_036859.1",14070000,0,0,0.222646,0.222646,"chr036859.1",14020001,14120000
"NC_036859.1",14090000,0,0,0.236987,0.236987,"chr036859.1",14040001,14140000
"NC_036859.1",14100000,0,0,0.222046,0.222046,"chr036859.1",14050001,14150000
"NC_036859.1",14110000,0,0,0.221915,0.221915,"chr036859.1",14060001,14160000
"NC_036859.1",14130000,0,0,0.199248,0.199248,"chr036859.1",14080001,14180000
"NC_036859.1",14140000,0,0,0.204338,0.204338,"chr036859.1",14090001,14190000
"NC_036859.1",14150000,0,0,0.206817,0.206817,"chr036859.1",14100001,14200000
"NC_036859.1",14200000,0,0,0.236379,0.236379,"chr036859.1",14150001,14250000
"NC_036859.1",16830000,0.0367559,0.211583,0,0.211583,"chr036859.1",16780001,16880000
"NC_036859.1",17120000,0.262336,0.0826832,0.221139,0.262336,"chr036859.1",17070001,17170000
"NC_036859.1",17130000,0.286665,0.120513,0.218526,0.286665,"chr036859.1",17080001,17180000
"NC_036859.1",17140000,0.350743,0.139503,0.244601,0.350743,"chr036859.1",17090001,17190000
"NC_036859.1",17150000,0.361619,0.1335,0.246805,0.361619,"chr036859.1",17100001,17200000
"NC_036859.1",17160000,0.382073,0.15491,0.225406,0.382073,"chr036859.1",17110001,17210000
"NC_036859.1",17170000,0.398588,0.16027,0.230289,0.398588,"chr036859.1",17120001,17220000
"NC_036859.1",17180000,0.399156,0.151357,0.255848,0.399156,"chr036859.1",17130001,17230000
"NC_036859.1",17190000,0.397768,0.154135,0.264263,0.397768,"chr036859.1",17140001,17240000
"NC_036859.1",17200000,0.389525,0.163943,0.260318,0.389525,"chr036859.1",17150001,17250000
"NC_036859.1",17210000,0.384646,0.169461,0.248267,0.384646,"chr036859.1",17160001,17260000
"NC_036859.1",17220000,0.373669,0.157663,0.244785,0.373669,"chr036859.1",17170001,17270000
"NC_036859.1",17230000,0.368251,0.136397,0.245267,0.368251,"chr036859.1",17180001,17280000
"NC_036859.1",17240000,0.354694,0.130259,0.240873,0.354694,"chr036859.1",17190001,17290000
"NC_036859.1",17250000,0.347835,0.125219,0.236014,0.347835,"chr036859.1",17200001,17300000
"NC_036859.1",17260000,0.30828,0.0665461,0.240284,0.30828,"chr036859.1",17210001,17310000
"NC_036859.1",17270000,0.211073,0,0.245301,0.245301,"chr036859.1",17220001,17320000
"NC_036859.1",17280000,0.127371,0.0709428,0.248719,0.248719,"chr036859.1",17230001,17330000
"NC_036859.1",17290000,0.0411728,0.0926231,0.230649,0.230649,"chr036859.1",17240001,17340000
"NC_036859.1",17300000,0,0.124405,0.277538,0.277538,"chr036859.1",17250001,17350000
"NC_036859.1",17310000,0,0.139701,0.311457,0.311457,"chr036859.1",17260001,17360000
"NC_036859.1",17320000,0,0.147871,0.312845,0.312845,"chr036859.1",17270001,17370000
"NC_036859.1",17330000,0,0.15394,0.32257,0.32257,"chr036859.1",17280001,17380000
"NC_036859.1",17340000,0,0.158221,0.333041,0.333041,"chr036859.1",17290001,17390000
"NC_036859.1",17350000,0,0.167646,0.349914,0.349914,"chr036859.1",17300001,17400000
"NC_036859.1",17360000,0,0.196425,0.387642,0.387642,"chr036859.1",17310001,17410000
"NC_036859.1",17370000,0,0.307993,0.403061,0.403061,"chr036859.1",17320001,17420000
"NC_036859.1",17380000,0.0286826,0.262985,0.330086,0.330086,"chr036859.1",17330001,17430000
"NC_036859.1",17390000,0.0309747,0.242933,0.31662,0.31662,"chr036859.1",17340001,17440000
"NC_036859.1",17400000,0.0304676,0.16633,0.252551,0.252551,"chr036859.1",17350001,17450000
"NC_036859.1",20900000,0.22183,0,0,0.22183,"chr036859.1",20850001,20950000
"NC_036859.1",20910000,0.204961,0,0,0.204961,"chr036859.1",20860001,20960000
"NC_036859.1",23510000,0,0,0.272797,0.272797,"chr036859.1",23460001,23560000
"NC_036859.1",23520000,0,0,0.233778,0.233778,"chr036859.1",23470001,23570000
"NC_036859.1",23540000,0,0,0.208656,0.208656,"chr036859.1",23490001,23590000
"NC_036859.1",23550000,0,0,0.215856,0.215856,"chr036859.1",23500001,23600000
"NC_036859.1",23560000,0,0,0.203337,0.203337,"chr036859.1",23510001,23610000
"NC_036859.1",23570000,0,0,0.20081,0.20081,"chr036859.1",23520001,23620000
"NC_036859.1",23580000,0,0,0.203805,0.203805,"chr036859.1",23530001,23630000
"NC_036859.1",23610000,0,0,0.205929,0.205929,"chr036859.1",23560001,23660000
"NC_036859.1",23620000,0,0,0.253358,0.253358,"chr036859.1",23570001,23670000
"NC_036859.1",23630000,0,0,0.329193,0.329193,"chr036859.1",23580001,23680000
"NC_036859.1",23640000,0,0,0.299794,0.299794,"chr036859.1",23590001,23690000
"NC_036859.1",23650000,0,0,0.257166,0.257166,"chr036859.1",23600001,23700000
"NC_036859.1",23660000,0,0,0.251156,0.251156,"chr036859.1",23610001,23710000
"NC_036859.1",23670000,0,0,0.248813,0.248813,"chr036859.1",23620001,23720000
"NC_036859.1",23680000,0,0,0.232231,0.232231,"chr036859.1",23630001,23730000
"NC_036859.1",23690000,0,0,0.290518,0.290518,"chr036859.1",23640001,23740000
"NC_036859.1",23700000,0,0,0.271869,0.271869,"chr036859.1",23650001,23750000
"NC_036859.1",23710000,0,0,0.256433,0.256433,"chr036859.1",23660001,23760000
"NC_036859.1",23720000,0,0,0.252618,0.252618,"chr036859.1",23670001,23770000
"NC_036859.1",23730000,0,0,0.206348,0.206348,"chr036859.1",23680001,23780000
"NC_036859.1",23740000,0.00321426,0,0.209518,0.209518,"chr036859.1",23690001,23790000
"NC_036859.1",23750000,0.02533,0,0.242744,0.242744,"chr036859.1",23700001,23800000
"NC_036859.1",23760000,0.0301732,0,0.221968,0.221968,"chr036859.1",23710001,23810000
"NC_036859.1",23770000,0.0238352,0,0.205549,0.205549,"chr036859.1",23720001,23820000
"NC_036859.1",23990000,0,0,0.215673,0.215673,"chr036859.1",23940001,24040000
"NC_036859.1",2.4e+07,0,0,0.226821,0.226821,"chr036859.1",23950001,24050000
"NC_036859.1",24010000,0,0,0.253167,0.253167,"chr036859.1",23960001,24060000
"NC_036859.1",24020000,0,0,0.253402,0.253402,"chr036859.1",23970001,24070000
"NC_036859.1",24030000,0,0,0.274672,0.274672,"chr036859.1",23980001,24080000
"NC_036859.1",24040000,0,0,0.242111,0.242111,"chr036859.1",23990001,24090000
"NC_036859.1",25550000,0,0.0232837,0.255415,0.255415,"chr036859.1",25500001,25600000
"NC_036859.1",25560000,0,0.0511374,0.322521,0.322521,"chr036859.1",25510001,25610000
"NC_036859.1",25570000,0,0.0588086,0.371485,0.371485,"chr036859.1",25520001,25620000
"NC_036859.1",25580000,0,0.0852662,0.388046,0.388046,"chr036859.1",25530001,25630000
"NC_036859.1",25590000,0,0.0682881,0.301519,0.301519,"chr036859.1",25540001,25640000
"NC_036859.1",25600000,0,0.0707657,0.282477,0.282477,"chr036859.1",25550001,25650000
"NC_036859.1",25610000,0,0.076078,0.269054,0.269054,"chr036859.1",25560001,25660000
"NC_036859.1",25620000,0,0.0960755,0.289474,0.289474,"chr036859.1",25570001,25670000
"NC_036859.1",25630000,0,0.084031,0.203624,0.203624,"chr036859.1",25580001,25680000
"NC_036859.1",27740000,0.0845295,0.0315122,0.209716,0.209716,"chr036859.1",27690001,27790000
"NC_036859.1",27750000,0.100581,0.0349763,0.258702,0.258702,"chr036859.1",27700001,27800000
"NC_036859.1",27760000,0.103576,0.0378561,0.256493,0.256493,"chr036859.1",27710001,27810000
"NC_036859.1",27770000,0.107907,0.0475869,0.251897,0.251897,"chr036859.1",27720001,27820000
"NC_036859.1",27780000,0.115742,0.0410694,0.27516,0.27516,"chr036859.1",27730001,27830000
"NC_036859.1",27790000,0.12583,0.0413462,0.299027,0.299027,"chr036859.1",27740001,27840000
"NC_036859.1",27800000,0.119925,0.0280521,0.285988,0.285988,"chr036859.1",27750001,27850000
"NC_036859.1",27810000,0.112895,0.0350431,0.242876,0.242876,"chr036859.1",27760001,27860000
"NC_036859.1",28290000,0.225724,0.0202365,0.0102162,0.225724,"chr036859.1",28240001,28340000
"NC_036859.1",28300000,0.261247,0.0245026,0.0231243,0.261247,"chr036859.1",28250001,28350000
"NC_036859.1",28310000,0.281003,0.0407789,0.044364,0.281003,"chr036859.1",28260001,28360000
"NC_036859.1",28320000,0.284304,0.0561427,0.0440324,0.284304,"chr036859.1",28270001,28370000
"NC_036859.1",28330000,0.283195,0.0485731,0.0442223,0.283195,"chr036859.1",28280001,28380000
"NC_036859.1",28340000,0.260806,0.0525698,0.0190528,0.260806,"chr036859.1",28290001,28390000
"NC_036859.1",28350000,0.285439,0.0570121,0.0114792,0.285439,"chr036859.1",28300001,28400000
"NC_036859.1",28360000,0.25496,0.0482948,0.0100776,0.25496,"chr036859.1",28310001,28410000
"NC_036859.1",28370000,0.237545,0.0514542,0.00885941,0.237545,"chr036859.1",28320001,28420000
"NC_036859.1",31270000,0.0293836,0.0303794,0.201058,0.201058,"chr036859.1",31220001,31320000
"NC_036859.1",31280000,0.0122077,0.036373,0.199929,0.199929,"chr036859.1",31230001,31330000
"NC_036859.1",31290000,0,0.0410892,0.201074,0.201074,"chr036859.1",31240001,31340000
"NC_036859.1",31300000,0.00292946,0.026911,0.21,0.21,"chr036859.1",31250001,31350000
"NC_036859.1",31330000,0,0.0346392,0.209459,0.209459,"chr036859.1",31280001,31380000
"NC_036859.1",31340000,0,0.037904,0.224,0.224,"chr036859.1",31290001,31390000
"NC_036859.1",31350000,0,0.035461,0.229997,0.229997,"chr036859.1",31300001,31400000
"NC_036859.1",31360000,0,0.0410557,0.253275,0.253275,"chr036859.1",31310001,31410000
"NC_036859.1",31370000,0,0.0366523,0.223352,0.223352,"chr036859.1",31320001,31420000
"NC_036859.1",35480000,0.0990274,0.0145434,0.202505,0.202505,"chr036859.1",35430001,35530000
"NC_036859.1",35490000,0.114946,0.0232717,0.219048,0.219048,"chr036859.1",35440001,35540000
"NC_036859.1",35500000,0.117861,0.0249787,0.221021,0.221021,"chr036859.1",35450001,35550000
"NC_036859.1",35510000,0.111733,0.0281619,0.217553,0.217553,"chr036859.1",35460001,35560000
"NC_036859.1",35520000,0.113743,0.0294419,0.214682,0.214682,"chr036859.1",35470001,35570000
"NC_036859.1",35530000,0.115004,0.0269323,0.214044,0.214044,"chr036859.1",35480001,35580000
"NC_036859.1",35540000,0.109787,0.0525238,0.213443,0.213443,"chr036859.1",35490001,35590000
"NC_036859.1",35550000,0.115696,0.0652515,0.22862,0.22862,"chr036859.1",35500001,35600000
"NC_036859.1",35560000,0.136722,0.0869018,0.26297,0.26297,"chr036859.1",35510001,35610000
"NC_036859.1",35570000,0.124393,0.0803209,0.253205,0.253205,"chr036859.1",35520001,35620000
"NC_036859.1",35580000,0.139476,0.0746621,0.240181,0.240181,"chr036859.1",35530001,35630000
"NC_036859.1",35590000,0.108974,0.0525607,0.204299,0.204299,"chr036859.1",35540001,35640000
"NC_036860.1",4950000,0.0423222,0.217192,0,0.217192,"chr036860.1",4900001,5e+06
"NC_036860.1",4960000,0.0409595,0.208574,0,0.208574,"chr036860.1",4910001,5010000
"NC_036860.1",10320000,0.231981,0.0517059,0.0156904,0.231981,"chr036860.1",10270001,10370000
"NC_036860.1",10350000,0.205655,0.0255748,0.0243555,0.205655,"chr036860.1",10300001,10400000
"NC_036860.1",10370000,0.233473,0.0420367,0.0520406,0.233473,"chr036860.1",10320001,10420000
"NC_036860.1",10380000,0.353063,0.0333794,0.088613,0.353063,"chr036860.1",10330001,10430000
"NC_036860.1",10390000,0.354686,0.0268832,0.133567,0.354686,"chr036860.1",10340001,10440000
"NC_036860.1",10400000,0.344383,0.0283923,0.134598,0.344383,"chr036860.1",10350001,10450000
"NC_036860.1",10410000,0.256327,0.0190675,0.109459,0.256327,"chr036860.1",10360001,10460000
"NC_036860.1",10420000,0.205908,0.0107515,0.103005,0.205908,"chr036860.1",10370001,10470000
"NC_036860.1",11400000,0.201327,0.121241,0,0.201327,"chr036860.1",11350001,11450000
"NC_036860.1",11410000,0.253346,0.137487,0,0.253346,"chr036860.1",11360001,11460000
"NC_036860.1",11420000,0.261751,0.141779,0.000963112,0.261751,"chr036860.1",11370001,11470000
"NC_036860.1",11430000,0.22667,0.122959,0.00558977,0.22667,"chr036860.1",11380001,11480000
"NC_036860.1",11440000,0.229627,0.113602,0.00980781,0.229627,"chr036860.1",11390001,11490000
"NC_036860.1",11450000,0.224993,0.101233,0.0172941,0.224993,"chr036860.1",11400001,11500000
"NC_036860.1",11460000,0.231569,0.100485,0.0274984,0.231569,"chr036860.1",11410001,11510000
"NC_036860.1",11470000,0.208107,0.0918023,0.0348181,0.208107,"chr036860.1",11420001,11520000
"NC_036860.1",11480000,0.208834,0.0879207,0.0382243,0.208834,"chr036860.1",11430001,11530000
"NC_036860.1",11490000,0.208727,0.0780103,0.0500584,0.208727,"chr036860.1",11440001,11540000
"NC_036860.1",12620000,0.0125436,0.0395272,0.221549,0.221549,"chr036860.1",12570001,12670000
"NC_036860.1",12630000,0.016548,0.0350037,0.236522,0.236522,"chr036860.1",12580001,12680000
"NC_036860.1",12640000,0.0217819,0.0619111,0.281729,0.281729,"chr036860.1",12590001,12690000
"NC_036860.1",12650000,0.00143741,0.0449674,0.233011,0.233011,"chr036860.1",12600001,12700000
"NC_036860.1",12660000,0,0.0331537,0.246688,0.246688,"chr036860.1",12610001,12710000
"NC_036860.1",12670000,0,0.029508,0.217334,0.217334,"chr036860.1",12620001,12720000
"NC_036860.1",12680000,0,0.0355805,0.222747,0.222747,"chr036860.1",12630001,12730000
"NC_036860.1",12690000,0.000470188,0.032988,0.25136,0.25136,"chr036860.1",12640001,12740000
"NC_036860.1",12700000,0.00216502,0.0312853,0.22919,0.22919,"chr036860.1",12650001,12750000
"NC_036860.1",12710000,0.0177001,0.0329142,0.252792,0.252792,"chr036860.1",12660001,12760000
"NC_036860.1",12720000,0.0211835,0.0315386,0.265567,0.265567,"chr036860.1",12670001,12770000
"NC_036860.1",12730000,0.0222313,0.0307327,0.242765,0.242765,"chr036860.1",12680001,12780000
"NC_036860.1",12740000,0.0234788,0.0263462,0.214567,0.214567,"chr036860.1",12690001,12790000
"NC_036860.1",12750000,0.0319253,0.0316362,0.213427,0.213427,"chr036860.1",12700001,12800000
"NC_036860.1",12830000,0.0580518,0,0.210887,0.210887,"chr036860.1",12780001,12880000
"NC_036860.1",12840000,0.00058973,0,0.224611,0.224611,"chr036860.1",12790001,12890000
"NC_036860.1",12850000,0,0,0.298165,0.298165,"chr036860.1",12800001,12900000
"NC_036860.1",12860000,0,0,0.296893,0.296893,"chr036860.1",12810001,12910000
"NC_036860.1",12870000,0,0,0.330678,0.330678,"chr036860.1",12820001,12920000
"NC_036860.1",12880000,0,0.0338401,0.370885,0.370885,"chr036860.1",12830001,12930000
"NC_036860.1",12890000,0,0.0222931,0.343218,0.343218,"chr036860.1",12840001,12940000
"NC_036860.1",12900000,0,0.024393,0.36166,0.36166,"chr036860.1",12850001,12950000
"NC_036860.1",12910000,0,0.0328952,0.34986,0.34986,"chr036860.1",12860001,12960000
"NC_036860.1",12920000,0,0.0394803,0.292116,0.292116,"chr036860.1",12870001,12970000
"NC_036860.1",12930000,0,0.0260697,0.263801,0.263801,"chr036860.1",12880001,12980000
"NC_036860.1",12940000,0,0.0143033,0.286722,0.286722,"chr036860.1",12890001,12990000
"NC_036860.1",12950000,0,0.00359422,0.252836,0.252836,"chr036860.1",12900001,1.3e+07
"NC_036860.1",12960000,0,0.011293,0.234041,0.234041,"chr036860.1",12910001,13010000
"NC_036860.1",12970000,0,0.0106087,0.240366,0.240366,"chr036860.1",12920001,13020000
"NC_036860.1",12980000,0,0,0.222097,0.222097,"chr036860.1",12930001,13030000
"NC_036860.1",12990000,0.00382353,0,0.211546,0.211546,"chr036860.1",12940001,13040000
"NC_036860.1",14770000,0.20959,0.00477066,0,0.20959,"chr036860.1",14720001,14820000
"NC_036860.1",14780000,0.244961,0.00909276,0,0.244961,"chr036860.1",14730001,14830000
"NC_036860.1",14790000,0.257489,0.0100792,0,0.257489,"chr036860.1",14740001,14840000
"NC_036860.1",14800000,0.353658,0.0148629,0,0.353658,"chr036860.1",14750001,14850000
"NC_036860.1",14810000,0.340982,0.0110954,0,0.340982,"chr036860.1",14760001,14860000
"NC_036860.1",14820000,0.253488,0.0103089,0,0.253488,"chr036860.1",14770001,14870000
"NC_036860.1",14830000,0.21543,0.00519815,0,0.21543,"chr036860.1",14780001,14880000
"NC_036860.1",14840000,0.20045,0.00838744,0,0.20045,"chr036860.1",14790001,14890000
"NC_036860.1",15160000,0,0.214877,0,0.214877,"chr036860.1",15110001,15210000
"NC_036860.1",15170000,0,0.287045,0,0.287045,"chr036860.1",15120001,15220000
"NC_036860.1",15180000,0,0.34107,0,0.34107,"chr036860.1",15130001,15230000
"NC_036860.1",15190000,0,0.319284,0,0.319284,"chr036860.1",15140001,15240000
"NC_036860.1",15200000,0,0.260774,0,0.260774,"chr036860.1",15150001,15250000
"NC_036860.1",15210000,0,0.26023,0,0.26023,"chr036860.1",15160001,15260000
"NC_036860.1",15220000,0,0.243929,0,0.243929,"chr036860.1",15170001,15270000
"NC_036860.1",15230000,0,0.242116,0,0.242116,"chr036860.1",15180001,15280000
"NC_036860.1",19090000,0.0286599,0,0.214178,0.214178,"chr036860.1",19040001,19140000
"NC_036860.1",19210000,0.0639883,0,0.216186,0.216186,"chr036860.1",19160001,19260000
"NC_036860.1",19410000,0.240707,0.168467,0.118047,0.240707,"chr036860.1",19360001,19460000
"NC_036860.1",19420000,0.25145,0.218402,0.169756,0.25145,"chr036860.1",19370001,19470000
"NC_036860.1",19430000,0.284271,0.257188,0.19396,0.284271,"chr036860.1",19380001,19480000
"NC_036860.1",19440000,0.280943,0.292419,0.235236,0.292419,"chr036860.1",19390001,19490000
"NC_036860.1",19450000,0.274307,0.319523,0.318112,0.319523,"chr036860.1",19400001,19500000
"NC_036860.1",19460000,0.273124,0.338834,0.35071,0.35071,"chr036860.1",19410001,19510000
"NC_036860.1",19470000,0.292958,0.344311,0.363772,0.363772,"chr036860.1",19420001,19520000
"NC_036860.1",19480000,0.302004,0.353522,0.353326,0.353522,"chr036860.1",19430001,19530000
"NC_036860.1",19490000,0.293959,0.34784,0.345822,0.34784,"chr036860.1",19440001,19540000
"NC_036860.1",19500000,0.335752,0.381949,0.369019,0.381949,"chr036860.1",19450001,19550000
"NC_036860.1",19510000,0.354787,0.361115,0.397194,0.397194,"chr036860.1",19460001,19560000
"NC_036860.1",19520000,0.351779,0.337086,0.369009,0.369009,"chr036860.1",19470001,19570000
"NC_036860.1",19530000,0.36111,0.335205,0.399718,0.399718,"chr036860.1",19480001,19580000
"NC_036860.1",19540000,0.296359,0.311932,0.357612,0.357612,"chr036860.1",19490001,19590000
"NC_036860.1",19550000,0.305182,0.300218,0.303737,0.305182,"chr036860.1",19500001,19600000
"NC_036860.1",19560000,0.302826,0.298961,0.308963,0.308963,"chr036860.1",19510001,19610000
"NC_036860.1",19570000,0.239914,0.273736,0.282193,0.282193,"chr036860.1",19520001,19620000
"NC_036860.1",19580000,0.23225,0.250373,0.266785,0.266785,"chr036860.1",19530001,19630000
"NC_036860.1",19590000,0.17554,0.209263,0.218546,0.218546,"chr036860.1",19540001,19640000
"NC_036860.1",19700000,0.243193,0.00697541,0,0.243193,"chr036860.1",19650001,19750000
"NC_036860.1",19710000,0.241878,0.0162875,0,0.241878,"chr036860.1",19660001,19760000
"NC_036860.1",19720000,0.227392,0.02078,0,0.227392,"chr036860.1",19670001,19770000
"NC_036860.1",19730000,0.228698,0.0468843,0,0.228698,"chr036860.1",19680001,19780000
"NC_036860.1",19740000,0.210683,0.0300074,0,0.210683,"chr036860.1",19690001,19790000
"NC_036860.1",19780000,0.204132,0.159716,0.0992097,0.204132,"chr036860.1",19730001,19830000
"NC_036860.1",19850000,0.0663502,0.14356,0.227242,0.227242,"chr036860.1",19800001,19900000
"NC_036860.1",19860000,0.0443313,0.0973788,0.24799,0.24799,"chr036860.1",19810001,19910000
"NC_036860.1",19870000,0.00902913,0.0697269,0.295033,0.295033,"chr036860.1",19820001,19920000
"NC_036860.1",19880000,0,0,0.216021,0.216021,"chr036860.1",19830001,19930000
"NC_036860.1",19890000,0,0,0.230229,0.230229,"chr036860.1",19840001,19940000
"NC_036860.1",19900000,0,0,0.208263,0.208263,"chr036860.1",19850001,19950000
"NC_036860.1",20070000,0.0211969,0.20709,0.023546,0.20709,"chr036860.1",20020001,20120000
"NC_036860.1",20130000,0.0265062,0.225481,0,0.225481,"chr036860.1",20080001,20180000
"NC_036860.1",20140000,0.0207631,0.34878,0,0.34878,"chr036860.1",20090001,20190000
"NC_036860.1",20150000,0.00299945,0.274526,0,0.274526,"chr036860.1",20100001,20200000
"NC_036860.1",20160000,0.0174595,0.249545,0,0.249545,"chr036860.1",20110001,20210000
"NC_036860.1",20170000,0.00321811,0.240519,0,0.240519,"chr036860.1",20120001,20220000
"NC_036860.1",20180000,0.0322603,0.302601,0,0.302601,"chr036860.1",20130001,20230000
"NC_036860.1",20190000,0.0565132,0.337041,0,0.337041,"chr036860.1",20140001,20240000
"NC_036860.1",20200000,0.039301,0.381332,0,0.381332,"chr036860.1",20150001,20250000
"NC_036860.1",20210000,0.0385463,0.42499,0,0.42499,"chr036860.1",20160001,20260000
"NC_036860.1",20220000,0.0227372,0.289227,0,0.289227,"chr036860.1",20170001,20270000
"NC_036860.1",20230000,0.0205911,0.289453,0,0.289453,"chr036860.1",20180001,20280000
"NC_036860.1",20240000,0.0190378,0.268227,0,0.268227,"chr036860.1",20190001,20290000
"NC_036860.1",20250000,0.0343961,0.309617,0,0.309617,"chr036860.1",20200001,20300000
"NC_036860.1",20260000,0.0532846,0.331824,0.0223874,0.331824,"chr036860.1",20210001,20310000
"NC_036860.1",20270000,0.059458,0.298574,0.024936,0.298574,"chr036860.1",20220001,20320000
"NC_036860.1",20280000,0.0417026,0.252686,0.0201604,0.252686,"chr036860.1",20230001,20330000
"NC_036860.1",20290000,0.0352977,0.222278,0.0265174,0.222278,"chr036860.1",20240001,20340000
"NC_036860.1",20300000,0.0662203,0.212746,0.0218009,0.212746,"chr036860.1",20250001,20350000
"NC_036860.1",20320000,0.125385,0.28686,0.0496706,0.28686,"chr036860.1",20270001,20370000
"NC_036860.1",20330000,0.134845,0.255401,0.0412828,0.255401,"chr036860.1",20280001,20380000
"NC_036860.1",20350000,0.111581,0.232114,0.00471103,0.232114,"chr036860.1",20300001,20400000
"NC_036860.1",20390000,0.0569544,0.434557,0,0.434557,"chr036860.1",20340001,20440000
"NC_036860.1",20400000,0,0.50751,0,0.50751,"chr036860.1",20350001,20450000
"NC_036860.1",20410000,0,0.495266,0,0.495266,"chr036860.1",20360001,20460000
"NC_036860.1",20420000,0,0.481674,0,0.481674,"chr036860.1",20370001,20470000
"NC_036860.1",20430000,0,0.522401,0,0.522401,"chr036860.1",20380001,20480000
"NC_036860.1",20440000,0,0.601043,0,0.601043,"chr036860.1",20390001,20490000
"NC_036860.1",20450000,0,0.602563,0,0.602563,"chr036860.1",20400001,20500000
"NC_036860.1",20460000,0,0.493048,0,0.493048,"chr036860.1",20410001,20510000
"NC_036860.1",20470000,0,0.508874,0,0.508874,"chr036860.1",20420001,20520000
"NC_036860.1",20480000,0,0.523596,0,0.523596,"chr036860.1",20430001,20530000
"NC_036860.1",20490000,0,0.497506,0,0.497506,"chr036860.1",20440001,20540000
"NC_036860.1",20500000,0,0.476495,0,0.476495,"chr036860.1",20450001,20550000
"NC_036860.1",20510000,0,0.48394,0,0.48394,"chr036860.1",20460001,20560000
"NC_036860.1",20520000,0,0.489786,0,0.489786,"chr036860.1",20470001,20570000
"NC_036860.1",20530000,0,0.438653,0,0.438653,"chr036860.1",20480001,20580000
"NC_036860.1",20540000,0,0.406138,0,0.406138,"chr036860.1",20490001,20590000
"NC_036860.1",20550000,0,0.373989,0,0.373989,"chr036860.1",20500001,20600000
"NC_036860.1",20560000,0,0.567597,0,0.567597,"chr036860.1",20510001,20610000
"NC_036860.1",20570000,0,0.444853,0,0.444853,"chr036860.1",20520001,20620000
"NC_036860.1",21520000,0.36533,0.287035,0.29959,0.36533,"chr036860.1",21470001,21570000
"NC_036860.1",21640000,0.201509,0.00561077,0.0115583,0.201509,"chr036860.1",21590001,21690000
"NC_036860.1",22420000,0.103543,0.208222,0.0516676,0.208222,"chr036860.1",22370001,22470000
"NC_036860.1",22430000,0.0865931,0.219443,0.0338733,0.219443,"chr036860.1",22380001,22480000
"NC_036860.1",22440000,0.0903214,0.231067,0.0331587,0.231067,"chr036860.1",22390001,22490000
"NC_036860.1",22450000,0.0639708,0.211186,0.0190865,0.211186,"chr036860.1",22400001,22500000
"NC_036860.1",22460000,0.0414865,0.203231,0.00659089,0.203231,"chr036860.1",22410001,22510000
"NC_036860.1",24300000,0.207313,0.0573295,0.00271265,0.207313,"chr036860.1",24250001,24350000
"NC_036860.1",24360000,0.166288,0.242574,0.0427909,0.242574,"chr036860.1",24310001,24410000
"NC_036860.1",24370000,0.174845,0.295286,0.0670128,0.295286,"chr036860.1",24320001,24420000
"NC_036860.1",24380000,0.214964,0.301853,0.117869,0.301853,"chr036860.1",24330001,24430000
"NC_036860.1",24390000,0.117153,0.277681,0.0942903,0.277681,"chr036860.1",24340001,24440000
"NC_036860.1",24400000,0.0925695,0.29871,0.114568,0.29871,"chr036860.1",24350001,24450000
"NC_036860.1",24410000,0.10084,0.284894,0.0715209,0.284894,"chr036860.1",24360001,24460000
"NC_036860.1",24420000,0.0784945,0.228377,0.0438893,0.228377,"chr036860.1",24370001,24470000
"NC_036860.1",24430000,0.0922167,0.212128,0.0248086,0.212128,"chr036860.1",24380001,24480000
"NC_036860.1",25530000,0.131272,0,0.244225,0.244225,"chr036860.1",25480001,25580000
"NC_036860.1",25540000,0.118452,0,0.199961,0.199961,"chr036860.1",25490001,25590000
"NC_036860.1",25580000,0.211029,0,0.087672,0.211029,"chr036860.1",25530001,25630000
"NC_036860.1",25590000,0.240363,0,0.0649785,0.240363,"chr036860.1",25540001,25640000
"NC_036860.1",25600000,0.255679,0,0.0509441,0.255679,"chr036860.1",25550001,25650000
"NC_036860.1",25610000,0.25375,0,0.0417336,0.25375,"chr036860.1",25560001,25660000
"NC_036860.1",25620000,0.260629,0,0.0396501,0.260629,"chr036860.1",25570001,25670000
"NC_036860.1",25630000,0.276943,0,0.0277092,0.276943,"chr036860.1",25580001,25680000
"NC_036860.1",25640000,0.27061,0.00172569,0.0150832,0.27061,"chr036860.1",25590001,25690000
"NC_036860.1",25650000,0.303692,0.000652252,0.0202785,0.303692,"chr036860.1",25600001,25700000
"NC_036860.1",25660000,0.265157,0,0.0222955,0.265157,"chr036860.1",25610001,25710000
"NC_036860.1",26630000,0.0366599,0.212896,0.0606489,0.212896,"chr036860.1",26580001,26680000
"NC_036860.1",26640000,0.0340897,0.247964,0.0677694,0.247964,"chr036860.1",26590001,26690000
"NC_036860.1",26650000,0.0280408,0.244777,0.0738559,0.244777,"chr036860.1",26600001,26700000
"NC_036860.1",26660000,0.0284556,0.239133,0.0932687,0.239133,"chr036860.1",26610001,26710000
"NC_036860.1",26670000,0.030383,0.256246,0.100394,0.256246,"chr036860.1",26620001,26720000
"NC_036860.1",26680000,0.0297862,0.244069,0.0957156,0.244069,"chr036860.1",26630001,26730000
"NC_036860.1",26690000,0.0276743,0.213699,0.0871205,0.213699,"chr036860.1",26640001,26740000
"NC_036860.1",26700000,0.0190917,0.201883,0.0593004,0.201883,"chr036860.1",26650001,26750000
"NC_036860.1",26710000,0,0.213293,0.0499566,0.213293,"chr036860.1",26660001,26760000
"NC_036860.1",27650000,0,0.211382,0,0.211382,"chr036860.1",27600001,27700000
"NC_036860.1",27660000,0,0.241124,0,0.241124,"chr036860.1",27610001,27710000
"NC_036860.1",27670000,0,0.255652,0,0.255652,"chr036860.1",27620001,27720000
"NC_036860.1",27680000,0,0.235609,0,0.235609,"chr036860.1",27630001,27730000
"NC_036860.1",27690000,0,0.219862,0,0.219862,"chr036860.1",27640001,27740000
"NC_036860.1",27700000,0,0.210082,0,0.210082,"chr036860.1",27650001,27750000
"NC_036860.1",27710000,0,0.230421,0,0.230421,"chr036860.1",27660001,27760000
"NC_036860.1",27720000,0,0.342066,0,0.342066,"chr036860.1",27670001,27770000
"NC_036860.1",27730000,0,0.346074,0,0.346074,"chr036860.1",27680001,27780000
"NC_036860.1",27740000,0,0.360039,0,0.360039,"chr036860.1",27690001,27790000
"NC_036860.1",27750000,0,0.363436,0,0.363436,"chr036860.1",27700001,27800000
"NC_036860.1",27760000,0,0.346282,0,0.346282,"chr036860.1",27710001,27810000
"NC_036860.1",27770000,0,0.363114,0,0.363114,"chr036860.1",27720001,27820000
"NC_036860.1",27780000,0,0.25222,0,0.25222,"chr036860.1",27730001,27830000
"NC_036860.1",27790000,0,0.264143,0,0.264143,"chr036860.1",27740001,27840000
"NC_036860.1",27800000,0,0.236419,0,0.236419,"chr036860.1",27750001,27850000
"NC_036860.1",27810000,0,0.220914,0,0.220914,"chr036860.1",27760001,27860000
"NC_036860.1",29010000,0.0295307,0.243264,0.0201316,0.243264,"chr036860.1",28960001,29060000
"NC_036860.1",29030000,0.0197061,0.207147,0.0211601,0.207147,"chr036860.1",28980001,29080000
"NC_036860.1",29040000,0.0163582,0.209466,0.0184351,0.209466,"chr036860.1",28990001,29090000
"NC_036860.1",29050000,0,0.234851,0.0264747,0.234851,"chr036860.1",29000001,29100000
"NC_036860.1",29060000,0,0.242931,0.0271519,0.242931,"chr036860.1",29010001,29110000
"NC_036860.1",29070000,0,0.255816,0.0189222,0.255816,"chr036860.1",29020001,29120000
"NC_036860.1",29080000,0,0.238194,0.0124715,0.238194,"chr036860.1",29030001,29130000
"NC_036860.1",29090000,0,0.235937,0.0167952,0.235937,"chr036860.1",29040001,29140000
"NC_036860.1",29100000,0,0.210181,0.00579589,0.210181,"chr036860.1",29050001,29150000
"NC_036860.1",29460000,0.194848,0.252909,0.192457,0.252909,"chr036860.1",29410001,29510000
"NC_036860.1",30170000,0,0.272078,0,0.272078,"chr036860.1",30120001,30220000
"NC_036860.1",30180000,0,0.353939,0,0.353939,"chr036860.1",30130001,30230000
"NC_036860.1",30190000,0,0.372151,0,0.372151,"chr036860.1",30140001,30240000
"NC_036860.1",30200000,0,0.380942,0,0.380942,"chr036860.1",30150001,30250000
"NC_036860.1",30210000,0,0.373677,0,0.373677,"chr036860.1",30160001,30260000
"NC_036860.1",30220000,0,0.389399,0,0.389399,"chr036860.1",30170001,30270000
"NC_036860.1",30230000,0,0.385008,0,0.385008,"chr036860.1",30180001,30280000
"NC_036860.1",30240000,0,0.371902,0,0.371902,"chr036860.1",30190001,30290000
"NC_036860.1",30250000,0,0.384488,0,0.384488,"chr036860.1",30200001,30300000
"NC_036860.1",30260000,0,0.392824,0,0.392824,"chr036860.1",30210001,30310000
"NC_036860.1",30270000,0,0.309428,0,0.309428,"chr036860.1",30220001,30320000
"NC_036860.1",33220000,0.200604,0,0,0.200604,"chr036860.1",33170001,33270000
"NC_036860.1",33250000,0.257369,0,0.0103409,0.257369,"chr036860.1",33200001,33300000
"NC_036860.1",33260000,0.224211,0,5.29852e-05,0.224211,"chr036860.1",33210001,33310000
"NC_036860.1",33270000,0.222503,0,0.000895772,0.222503,"chr036860.1",33220001,33320000
"NC_036860.1",33510000,0.0501575,0.239618,0.031499,0.239618,"chr036860.1",33460001,33560000
"NC_036860.1",33520000,0.0410761,0.226487,0.0407148,0.226487,"chr036860.1",33470001,33570000
"NC_036860.1",33530000,0.0529527,0.250599,0.0363151,0.250599,"chr036860.1",33480001,33580000
"NC_036860.1",33540000,0.0494912,0.225057,0.0181062,0.225057,"chr036860.1",33490001,33590000
"NC_036860.1",33550000,0.0591527,0.280629,0.0415607,0.280629,"chr036860.1",33500001,33600000
"NC_036860.1",34140000,0,0,0.533475,0.533475,"chr036860.1",34090001,34190000
"NC_036860.1",34150000,0,0,0.523654,0.523654,"chr036860.1",34100001,34200000
"NC_036860.1",34160000,0,0,0.334789,0.334789,"chr036860.1",34110001,34210000
"NC_036860.1",34170000,0,0,0.342813,0.342813,"chr036860.1",34120001,34220000
"NC_036860.1",34180000,0,0,0.349455,0.349455,"chr036860.1",34130001,34230000
"NC_036860.1",34190000,0,0,0.361448,0.361448,"chr036860.1",34140001,34240000
"NC_036860.1",34200000,0.00850023,0,0.369802,0.369802,"chr036860.1",34150001,34250000
"NC_036860.1",34210000,0.00418743,0,0.386069,0.386069,"chr036860.1",34160001,34260000
"NC_036860.1",34220000,0.00516529,0,0.354602,0.354602,"chr036860.1",34170001,34270000
"NC_036860.1",34230000,0.0133812,0,0.317963,0.317963,"chr036860.1",34180001,34280000
"NC_036860.1",34240000,0.00431788,0,0.238034,0.238034,"chr036860.1",34190001,34290000
"NC_036860.1",34250000,0.00451692,0,0.230371,0.230371,"chr036860.1",34200001,34300000
"NC_036860.1",34260000,0.0172974,0,0.266442,0.266442,"chr036860.1",34210001,34310000
"NC_036860.1",34270000,0.00719851,0,0.258618,0.258618,"chr036860.1",34220001,34320000
"NC_036860.1",34280000,0.0082777,0,0.288004,0.288004,"chr036860.1",34230001,34330000
"NC_036860.1",34290000,0.00948197,0,0.2814,0.2814,"chr036860.1",34240001,34340000
"NC_036860.1",34300000,0,0,0.290716,0.290716,"chr036860.1",34250001,34350000
"NC_036860.1",34310000,0.00894356,0.0110549,0.267017,0.267017,"chr036860.1",34260001,34360000
"NC_036860.1",34320000,0,0.00159256,0.318133,0.318133,"chr036860.1",34270001,34370000
"NC_036860.1",34330000,0,0,0.351242,0.351242,"chr036860.1",34280001,34380000
"NC_036860.1",34340000,0.0094494,0,0.420239,0.420239,"chr036860.1",34290001,34390000
"NC_036860.1",34350000,0.00300375,0,0.395098,0.395098,"chr036860.1",34300001,34400000
"NC_036860.1",34360000,0.0126219,0,0.481494,0.481494,"chr036860.1",34310001,34410000
"NC_036860.1",34370000,0.0141044,0,0.49345,0.49345,"chr036860.1",34320001,34420000
"NC_036860.1",34380000,0.00785994,0,0.46405,0.46405,"chr036860.1",34330001,34430000
"NC_036860.1",34390000,0,0,0.373736,0.373736,"chr036860.1",34340001,34440000
"NC_036860.1",34400000,0.00177843,0.000305505,0.31422,0.31422,"chr036860.1",34350001,34450000
"NC_036860.1",34410000,0,0,0.274118,0.274118,"chr036860.1",34360001,34460000
"NC_036860.1",34420000,0,0.011067,0.239807,0.239807,"chr036860.1",34370001,34470000
"NC_036860.1",34770000,0,0.0419901,0.245565,0.245565,"chr036860.1",34720001,34820000
"NC_036860.1",34780000,0,0.0435946,0.24047,0.24047,"chr036860.1",34730001,34830000
"NC_036860.1",34790000,0,0.0378083,0.238931,0.238931,"chr036860.1",34740001,34840000
"NC_036860.1",34800000,0,0.0200539,0.244473,0.244473,"chr036860.1",34750001,34850000
"NC_036860.1",34810000,0,0.0142397,0.234307,0.234307,"chr036860.1",34760001,34860000
"NC_036860.1",36520000,0.049483,0.206218,0,0.206218,"chr036860.1",36470001,36570000
"NC_036860.1",36530000,0.0469004,0.224634,0,0.224634,"chr036860.1",36480001,36580000
"NC_036860.1",36540000,0.0372067,0.228684,0,0.228684,"chr036860.1",36490001,36590000
"NC_036860.1",36550000,0.0391156,0.208667,0,0.208667,"chr036860.1",36500001,36600000
"NC_036860.1",37600000,0.0799076,0.140865,0.264068,0.264068,"chr036860.1",37550001,37650000
"NC_036860.1",37610000,0.0621294,0.105508,0.396571,0.396571,"chr036860.1",37560001,37660000
"NC_036860.1",37620000,0.0342817,0.0663554,0.413484,0.413484,"chr036860.1",37570001,37670000
"NC_036860.1",37630000,0.0351964,0.0699103,0.43423,0.43423,"chr036860.1",37580001,37680000
"NC_036860.1",37640000,0.023131,0.0622103,0.366041,0.366041,"chr036860.1",37590001,37690000
"NC_036860.1",37650000,0.0279315,0.0576096,0.359719,0.359719,"chr036860.1",37600001,37700000
"NC_036860.1",37660000,0.0284451,0.0541029,0.351342,0.351342,"chr036860.1",37610001,37710000
"NC_036860.1",37670000,0.0279624,0.0378029,0.346859,0.346859,"chr036860.1",37620001,37720000
"NC_036860.1",37680000,0.0322465,0.0421256,0.363265,0.363265,"chr036860.1",37630001,37730000
"NC_036860.1",37690000,0.0272021,0.0331987,0.299147,0.299147,"chr036860.1",37640001,37740000
"NC_036860.1",37700000,0.0247812,0.0311934,0.269286,0.269286,"chr036860.1",37650001,37750000
"NC_036860.1",37770000,0.0573315,0.0688009,0.212382,0.212382,"chr036860.1",37720001,37820000
"NC_036860.1",37790000,0.067546,0.0707667,0.247389,0.247389,"chr036860.1",37740001,37840000
"NC_036860.1",37800000,0.06949,0.0554828,0.210884,0.210884,"chr036860.1",37750001,37850000
"NC_036860.1",37950000,0.0126124,0,0.211759,0.211759,"chr036860.1",37900001,3.8e+07
"NC_036860.1",39520000,0,0,0.210174,0.210174,"chr036860.1",39470001,39570000
"NC_036860.1",39530000,0,0.00253708,0.381374,0.381374,"chr036860.1",39480001,39580000
"NC_036860.1",39540000,0,0,0.471046,0.471046,"chr036860.1",39490001,39590000
"NC_036860.1",39550000,0,0,0.451708,0.451708,"chr036860.1",39500001,39600000
"NC_036860.1",39560000,0,0,0.470444,0.470444,"chr036860.1",39510001,39610000
"NC_036860.1",39570000,0,0,0.415604,0.415604,"chr036860.1",39520001,39620000
"NC_036860.1",39580000,0,0,0.228469,0.228469,"chr036860.1",39530001,39630000
"NC_036860.1",39590000,0,0,0.216367,0.216367,"chr036860.1",39540001,39640000
"NC_036860.1",39600000,0.00608576,0,0.209837,0.209837,"chr036860.1",39550001,39650000
"NC_036860.1",40060000,0.0525215,0.0519888,0.24477,0.24477,"chr036860.1",40010001,40110000
"NC_036860.1",40070000,0.0475943,0.0381388,0.24424,0.24424,"chr036860.1",40020001,40120000
"NC_036860.1",40080000,0.0485549,0.0232805,0.271489,0.271489,"chr036860.1",40030001,40130000
"NC_036860.1",40090000,0.0513361,0.0475866,0.24761,0.24761,"chr036860.1",40040001,40140000
"NC_036860.1",40690000,0,0,0.202099,0.202099,"chr036860.1",40640001,40740000
"NC_036860.1",40700000,0,0,0.230282,0.230282,"chr036860.1",40650001,40750000
"NC_036860.1",40710000,0,0,0.212291,0.212291,"chr036860.1",40660001,40760000
"NC_036860.1",40720000,0,0,0.237786,0.237786,"chr036860.1",40670001,40770000
"NC_036860.1",40730000,0,0,0.26876,0.26876,"chr036860.1",40680001,40780000
"NC_036860.1",40740000,0.0215639,0,0.337172,0.337172,"chr036860.1",40690001,40790000
"NC_036860.1",40750000,0.0288789,0,0.341631,0.341631,"chr036860.1",40700001,40800000
"NC_036860.1",40760000,0.0355434,0,0.336876,0.336876,"chr036860.1",40710001,40810000
"NC_036860.1",40770000,0.00971439,0,0.201829,0.201829,"chr036860.1",40720001,40820000
"NC_036860.1",40780000,0.0406452,0,0.202076,0.202076,"chr036860.1",40730001,40830000
"NC_036860.1",40790000,0.0471537,0,0.237262,0.237262,"chr036860.1",40740001,40840000
"NC_036860.1",40800000,0.0709811,0,0.253834,0.253834,"chr036860.1",40750001,40850000
"NC_036860.1",40810000,0.036276,0,0.283135,0.283135,"chr036860.1",40760001,40860000
"NC_036860.1",40820000,0.0307858,0,0.305297,0.305297,"chr036860.1",40770001,40870000
"NC_036860.1",40830000,0.0452742,0.000419605,0.352686,0.352686,"chr036860.1",40780001,40880000
"NC_036860.1",40840000,0.0613935,0,0.306315,0.306315,"chr036860.1",40790001,40890000
"NC_036860.1",40850000,0.049986,0,0.294153,0.294153,"chr036860.1",40800001,40900000
"NC_036860.1",40860000,0.0480735,0,0.284311,0.284311,"chr036860.1",40810001,40910000
"NC_036860.1",40870000,0.0606444,0,0.270657,0.270657,"chr036860.1",40820001,40920000
"NC_036860.1",40880000,0.0466133,0,0.255202,0.255202,"chr036860.1",40830001,40930000
"NC_036860.1",40890000,0.0589524,0,0.229705,0.229705,"chr036860.1",40840001,40940000
"NC_036860.1",40900000,0.0464105,0,0.205657,0.205657,"chr036860.1",40850001,40950000
"NC_036860.1",40910000,0.081227,0,0.21846,0.21846,"chr036860.1",40860001,40960000
"NC_036860.1",41130000,0,0.0339063,0.226282,0.226282,"chr036860.1",41080001,41180000
"NC_036860.1",41140000,0,0.0379488,0.207676,0.207676,"chr036860.1",41090001,41190000
"NC_036860.1",41900000,0.227118,0.0449164,0,0.227118,"chr036860.1",41850001,41950000
"NC_036860.1",41910000,0.202553,0.038513,0,0.202553,"chr036860.1",41860001,41960000
"NC_036860.1",41930000,0.203576,0.0397591,0,0.203576,"chr036860.1",41880001,41980000
"NC_036860.1",41940000,0.218668,0.0382659,0,0.218668,"chr036860.1",41890001,41990000
"NC_036860.1",41950000,0.207779,0.0403234,0,0.207779,"chr036860.1",41900001,4.2e+07
"NC_036860.1",41960000,0.211858,0.0449844,0,0.211858,"chr036860.1",41910001,42010000
"NC_036860.1",41970000,0.21855,0.0434334,0,0.21855,"chr036860.1",41920001,42020000
"NC_036860.1",41980000,0.205159,0.0467096,0,0.205159,"chr036860.1",41930001,42030000
"NC_036860.1",41990000,0.207313,0.0448929,0,0.207313,"chr036860.1",41940001,42040000
"NC_036860.1",46520000,0,0.206419,0,0.206419,"chr036860.1",46470001,46570000
"NC_036860.1",46530000,0,0.208524,0,0.208524,"chr036860.1",46480001,46580000
"NC_036860.1",46540000,0,0.237241,0,0.237241,"chr036860.1",46490001,46590000
"NC_036860.1",47060000,0,0.199049,0.125993,0.199049,"chr036860.1",47010001,47110000
"NC_036860.1",47070000,0,0.203035,0.127305,0.203035,"chr036860.1",47020001,47120000
"NC_036860.1",51580000,0.145748,0.0424645,0.280161,0.280161,"chr036860.1",51530001,51630000
"NC_036860.1",51590000,0.190732,0.0514068,0.325605,0.325605,"chr036860.1",51540001,51640000
"NC_036860.1",51600000,0.203031,0.0640599,0.378824,0.378824,"chr036860.1",51550001,51650000
"NC_036860.1",51610000,0.220553,0.0578063,0.376678,0.376678,"chr036860.1",51560001,51660000
"NC_036860.1",51620000,0.209522,0.0264079,0.416672,0.416672,"chr036860.1",51570001,51670000
"NC_036860.1",51630000,0.169208,0,0.315439,0.315439,"chr036860.1",51580001,51680000
"NC_036860.1",51640000,0.170858,0,0.293222,0.293222,"chr036860.1",51590001,51690000
"NC_036860.1",51650000,0.158482,0,0.293376,0.293376,"chr036860.1",51600001,51700000
"NC_036860.1",51660000,0.146327,0,0.283955,0.283955,"chr036860.1",51610001,51710000
"NC_036860.1",51670000,0.137708,0,0.238968,0.238968,"chr036860.1",51620001,51720000
"NC_036860.1",55620000,0.205114,0,0,0.205114,"chr036860.1",55570001,55670000
"NC_036860.1",55660000,0.212144,0,0,0.212144,"chr036860.1",55610001,55710000
"NC_036860.1",55670000,0.213614,0,0,0.213614,"chr036860.1",55620001,55720000
"NC_036860.1",55800000,0,0.0436937,0.210909,0.210909,"chr036860.1",55750001,55850000
"NC_036860.1",55810000,0,0.012769,0.206681,0.206681,"chr036860.1",55760001,55860000
"NC_036860.1",55820000,0,0,0.20824,0.20824,"chr036860.1",55770001,55870000
"NC_036860.1",55830000,0,0,0.213037,0.213037,"chr036860.1",55780001,55880000
"NC_036860.1",55840000,0,0,0.202034,0.202034,"chr036860.1",55790001,55890000
"NC_036860.1",57100000,0.0313065,0.0364359,0.219831,0.219831,"chr036860.1",57050001,57150000
"NC_036860.1",59440000,0.0690272,0.215559,0.0433291,0.215559,"chr036860.1",59390001,59490000
"NC_036860.1",60310000,0,0.0729971,0.209967,0.209967,"chr036860.1",60260001,60360000
"NC_036860.1",60360000,0,0.0405007,0.20308,0.20308,"chr036860.1",60310001,60410000
"NC_036860.1",61650000,0.0904128,0.20235,0.0344653,0.20235,"chr036860.1",61600001,61700000
"NC_036860.1",61660000,0.0856691,0.224422,0.0449924,0.224422,"chr036860.1",61610001,61710000
"NC_036860.1",61670000,0.0930499,0.24222,0.0507536,0.24222,"chr036860.1",61620001,61720000
"NC_036860.1",61680000,0.100232,0.274997,0.0456665,0.274997,"chr036860.1",61630001,61730000
"NC_036860.1",61690000,0.131654,0.308144,0.0493714,0.308144,"chr036860.1",61640001,61740000
"NC_036860.1",61700000,0.154042,0.316715,0.0571164,0.316715,"chr036860.1",61650001,61750000
"NC_036860.1",61710000,0.166857,0.32893,0.055656,0.32893,"chr036860.1",61660001,61760000
"NC_036860.1",61720000,0.196611,0.403062,0.0442633,0.403062,"chr036860.1",61670001,61770000
"NC_036860.1",61730000,0.187378,0.341646,0.0369286,0.341646,"chr036860.1",61680001,61780000
"NC_036860.1",61740000,0.180309,0.335101,0.0391174,0.335101,"chr036860.1",61690001,61790000
"NC_036860.1",61750000,0.150738,0.298397,0.0408391,0.298397,"chr036860.1",61700001,61800000
"NC_036860.1",61760000,0.167572,0.28055,0.0264289,0.28055,"chr036860.1",61710001,61810000
"NC_036860.1",61770000,0.156931,0.266682,0.0243555,0.266682,"chr036860.1",61720001,61820000
"NC_036860.1",64900000,0.0042663,0.226565,0.000622918,0.226565,"chr036860.1",64850001,64950000
"NC_036860.1",64910000,0.0022119,0.238359,0,0.238359,"chr036860.1",64860001,64960000
"NC_036860.1",64920000,0,0.226955,0,0.226955,"chr036860.1",64870001,64970000
"NC_036860.1",68520000,0,0,0.230345,0.230345,"chr036860.1",68470001,68570000
"NC_036860.1",68530000,0,0,0.345883,0.345883,"chr036860.1",68480001,68580000
"NC_036860.1",68540000,0,0,0.22016,0.22016,"chr036860.1",68490001,68590000
"NC_036860.1",70220000,0.0107475,0.219575,0.0180561,0.219575,"chr036860.1",70170001,70270000
"NC_036860.1",70240000,0.0390082,0.346565,0.0621234,0.346565,"chr036860.1",70190001,70290000
"NC_036860.1",70350000,0.00576638,0.207519,0.0099534,0.207519,"chr036860.1",70300001,70400000
"NC_036860.1",70360000,0.0164276,0.286402,0.0123746,0.286402,"chr036860.1",70310001,70410000
"NC_036860.1",70370000,0.0183946,0.315175,0,0.315175,"chr036860.1",70320001,70420000
"NC_036860.1",70380000,0.0119486,0.350801,0,0.350801,"chr036860.1",70330001,70430000
"NC_036860.1",70390000,0.00679259,0.281157,0.00180132,0.281157,"chr036860.1",70340001,70440000
"NC_036860.1",70410000,0,0.217317,0,0.217317,"chr036860.1",70360001,70460000
"NC_036860.1",70420000,0,0.210671,0,0.210671,"chr036860.1",70370001,70470000
"NC_036860.1",70430000,0,0.218715,0,0.218715,"chr036860.1",70380001,70480000
"NC_036860.1",70440000,0,0.206328,0,0.206328,"chr036860.1",70390001,70490000
"NC_036860.1",79880000,0.22006,0,0.0199443,0.22006,"chr036860.1",79830001,79930000
"NC_036860.1",79890000,0.225752,0,0.0169303,0.225752,"chr036860.1",79840001,79940000
"NC_036860.1",79900000,0.236962,0,0.016087,0.236962,"chr036860.1",79850001,79950000
"NC_036860.1",79910000,0.240399,0,0.0216519,0.240399,"chr036860.1",79860001,79960000
"NC_036860.1",79920000,0.241751,0,0.0264276,0.241751,"chr036860.1",79870001,79970000
"NC_036860.1",79930000,0.254667,0.00133065,0.0262609,0.254667,"chr036860.1",79880001,79980000
"NC_036860.1",79940000,0.262491,0.00839662,0.0273645,0.262491,"chr036860.1",79890001,79990000
"NC_036860.1",79950000,0.250622,0.0110907,0.0209382,0.250622,"chr036860.1",79900001,8e+07
"NC_036860.1",79960000,0.23251,0.0061258,0.0185339,0.23251,"chr036860.1",79910001,80010000
"NC_036860.1",79970000,0.224517,0.0099402,0.0193802,0.224517,"chr036860.1",79920001,80020000
"NC_036860.1",79980000,0.219195,0.00210377,0.0173447,0.219195,"chr036860.1",79930001,80030000
"NC_036860.1",79990000,0.214727,0.00372538,0.0202953,0.214727,"chr036860.1",79940001,80040000
"NC_036861.1",50000,0.0534556,0.238083,0.379513,0.379513,"chr036861.1",1,1e+05
"NC_036861.1",60000,0.0528839,0.23944,0.381071,0.381071,"chr036861.1",10001,110000
"NC_036861.1",70000,0.0568057,0.229612,0.372062,0.372062,"chr036861.1",20001,120000
"NC_036861.1",80000,0.0707915,0.241493,0.386388,0.386388,"chr036861.1",30001,130000
"NC_036861.1",90000,0.0671395,0.245496,0.365223,0.365223,"chr036861.1",40001,140000
"NC_036861.1",1e+05,0.0499609,0.250715,0.360551,0.360551,"chr036861.1",50001,150000
"NC_036861.1",110000,0.0396106,0.241144,0.341348,0.341348,"chr036861.1",60001,160000
"NC_036861.1",120000,0.0267225,0.310687,0.399206,0.399206,"chr036861.1",70001,170000
"NC_036861.1",130000,0.0232815,0.31663,0.401131,0.401131,"chr036861.1",80001,180000
"NC_036861.1",140000,0.0309522,0.338352,0.423887,0.423887,"chr036861.1",90001,190000
"NC_036861.1",150000,0.0260706,0.331157,0.41297,0.41297,"chr036861.1",100001,2e+05
"NC_036861.1",160000,0.0306693,0.32724,0.420949,0.420949,"chr036861.1",110001,210000
"NC_036861.1",170000,0.024421,0.34732,0.431452,0.431452,"chr036861.1",120001,220000
"NC_036861.1",180000,0.0107193,0.333429,0.402844,0.402844,"chr036861.1",130001,230000
"NC_036861.1",190000,0.0064398,0.329963,0.405327,0.405327,"chr036861.1",140001,240000
"NC_036861.1",2e+05,0.008656,0.32598,0.393783,0.393783,"chr036861.1",150001,250000
"NC_036861.1",210000,0.00640053,0.267961,0.314458,0.314458,"chr036861.1",160001,260000
"NC_036861.1",220000,0.0078998,0.233886,0.275132,0.275132,"chr036861.1",170001,270000
"NC_036861.1",230000,0.00989763,0.216893,0.256126,0.256126,"chr036861.1",180001,280000
"NC_036861.1",240000,0.0065218,0.182423,0.212969,0.212969,"chr036861.1",190001,290000
"NC_036861.1",2730000,0.211139,0,0.0115917,0.211139,"chr036861.1",2680001,2780000
"NC_036861.1",2740000,0.252516,0.00407413,0.0127241,0.252516,"chr036861.1",2690001,2790000
"NC_036861.1",2750000,0.381273,0.00732372,0.0250562,0.381273,"chr036861.1",2700001,2800000
"NC_036861.1",2760000,0.392937,0.00867644,0.0300249,0.392937,"chr036861.1",2710001,2810000
"NC_036861.1",2770000,0.379928,0.0137242,0.0422354,0.379928,"chr036861.1",2720001,2820000
"NC_036861.1",2780000,0.352873,0.0183339,0.0573647,0.352873,"chr036861.1",2730001,2830000
"NC_036861.1",2790000,0.276467,0,0.0477287,0.276467,"chr036861.1",2740001,2840000
"NC_036861.1",5180000,0.0546763,0.222266,8.70708e-05,0.222266,"chr036861.1",5130001,5230000
"NC_036861.1",5190000,0.0483018,0.221953,0,0.221953,"chr036861.1",5140001,5240000
"NC_036861.1",5200000,0.0428698,0.210922,0,0.210922,"chr036861.1",5150001,5250000
"NC_036861.1",5210000,0.0292372,0.23312,0,0.23312,"chr036861.1",5160001,5260000
"NC_036861.1",5220000,0.0271334,0.299626,0,0.299626,"chr036861.1",5170001,5270000
"NC_036861.1",5230000,0.0234992,0.303244,0,0.303244,"chr036861.1",5180001,5280000
"NC_036861.1",5240000,0.0201715,0.300716,0,0.300716,"chr036861.1",5190001,5290000
"NC_036861.1",5500000,0.0862124,0.256096,0.0947118,0.256096,"chr036861.1",5450001,5550000
"NC_036861.1",5510000,0.0893276,0.206032,0.0834859,0.206032,"chr036861.1",5460001,5560000
"NC_036861.1",5560000,0.0138401,0.0965431,0.201249,0.201249,"chr036861.1",5510001,5610000
"NC_036861.1",5570000,0.0154011,0.0784276,0.247178,0.247178,"chr036861.1",5520001,5620000
"NC_036861.1",5580000,0.0201747,0.0661905,0.24938,0.24938,"chr036861.1",5530001,5630000
"NC_036861.1",5590000,0.0290412,0,0.253964,0.253964,"chr036861.1",5540001,5640000
"NC_036861.1",5600000,0.0217282,0,0.235519,0.235519,"chr036861.1",5550001,5650000
"NC_036861.1",5610000,0.020535,0,0.241423,0.241423,"chr036861.1",5560001,5660000
"NC_036862.1",4350000,0,0.210079,0,0.210079,"chr036862.1",4300001,4400000
"NC_036862.1",4360000,0,0.235088,0,0.235088,"chr036862.1",4310001,4410000
"NC_036862.1",4370000,0,0.235334,0,0.235334,"chr036862.1",4320001,4420000
"NC_036862.1",4380000,0,0.216852,0,0.216852,"chr036862.1",4330001,4430000
"NC_036862.1",4400000,0,0.208792,0,0.208792,"chr036862.1",4350001,4450000
"NC_036862.1",4410000,0,0.259593,0,0.259593,"chr036862.1",4360001,4460000
"NC_036862.1",4420000,0,0.226619,0,0.226619,"chr036862.1",4370001,4470000
"NC_036862.1",4430000,0,0.224761,0,0.224761,"chr036862.1",4380001,4480000
"NC_036862.1",4440000,0,0.229595,0,0.229595,"chr036862.1",4390001,4490000
"NC_036862.1",4450000,0,0.207428,0,0.207428,"chr036862.1",4400001,4500000
"NC_036862.1",4460000,0.00994122,0.209721,0,0.209721,"chr036862.1",4410001,4510000
"NC_036862.1",4480000,0.0188225,0.206329,0,0.206329,"chr036862.1",4430001,4530000
"NC_036862.1",4490000,0.0108651,0.213488,0,0.213488,"chr036862.1",4440001,4540000
"NC_036862.1",7310000,0.153207,0.211598,0.156418,0.211598,"chr036862.1",7260001,7360000
"NC_036862.1",7320000,0.158967,0.252259,0.168642,0.252259,"chr036862.1",7270001,7370000
"NC_036862.1",7330000,0.141372,0.258923,0.181234,0.258923,"chr036862.1",7280001,7380000
"NC_036862.1",7340000,0.089571,0.258054,0.168755,0.258054,"chr036862.1",7290001,7390000
"NC_036862.1",7350000,0.0573494,0.265832,0.178897,0.265832,"chr036862.1",7300001,7400000
"NC_036862.1",7360000,0.0477579,0.297044,0.184427,0.297044,"chr036862.1",7310001,7410000
"NC_036862.1",7370000,0.0681468,0.288793,0.178418,0.288793,"chr036862.1",7320001,7420000
"NC_036862.1",7380000,0.0872086,0.274818,0.163097,0.274818,"chr036862.1",7330001,7430000
"NC_036862.1",7390000,0.0924154,0.257197,0.141578,0.257197,"chr036862.1",7340001,7440000
"NC_036862.1",7400000,0.110487,0.255454,0.128753,0.255454,"chr036862.1",7350001,7450000
"NC_036862.1",7910000,0,0,0.202274,0.202274,"chr036862.1",7860001,7960000
"NC_036862.1",7920000,0,0,0.267577,0.267577,"chr036862.1",7870001,7970000
"NC_036862.1",7930000,0,0,0.273049,0.273049,"chr036862.1",7880001,7980000
"NC_036862.1",7940000,0,0,0.254723,0.254723,"chr036862.1",7890001,7990000
"NC_036862.1",7950000,0,0,0.250034,0.250034,"chr036862.1",7900001,8e+06
"NC_036862.1",7960000,0,0,0.244116,0.244116,"chr036862.1",7910001,8010000
"NC_036862.1",7970000,0,0,0.242915,0.242915,"chr036862.1",7920001,8020000
"NC_036862.1",7980000,0,0,0.241162,0.241162,"chr036862.1",7930001,8030000
"NC_036862.1",9990000,0,0.219531,0,0.219531,"chr036862.1",9940001,10040000
"NC_036862.1",1e+07,0,0.238513,0,0.238513,"chr036862.1",9950001,10050000
"NC_036862.1",10010000,0,0.222153,0,0.222153,"chr036862.1",9960001,10060000
"NC_036862.1",14200000,0.204804,0.160289,0,0.204804,"chr036862.1",14150001,14250000
"NC_036862.1",14220000,0.202803,0.106615,0,0.202803,"chr036862.1",14170001,14270000
"NC_036862.1",14230000,0.216807,0.0556718,0.0422026,0.216807,"chr036862.1",14180001,14280000
"NC_036862.1",14240000,0.269535,0.0364943,0.0129461,0.269535,"chr036862.1",14190001,14290000
"NC_036862.1",14250000,0.286015,0.0283639,0.00161546,0.286015,"chr036862.1",14200001,14300000
"NC_036862.1",14260000,0.259549,0.0243348,0.00322401,0.259549,"chr036862.1",14210001,14310000
"NC_036862.1",15510000,0.223366,0.018951,0.0139686,0.223366,"chr036862.1",15460001,15560000
"NC_036862.1",15520000,0.245828,0.024289,0.0134634,0.245828,"chr036862.1",15470001,15570000
"NC_036862.1",15530000,0.349639,0.0541261,0.0121518,0.349639,"chr036862.1",15480001,15580000
"NC_036862.1",15540000,0.338224,0.0646397,0,0.338224,"chr036862.1",15490001,15590000
"NC_036862.1",15550000,0.32367,0.0565788,0,0.32367,"chr036862.1",15500001,15600000
"NC_036862.1",15560000,0.330653,0.0677109,0,0.330653,"chr036862.1",15510001,15610000
"NC_036862.1",15570000,0.299078,0.0588269,0.031958,0.299078,"chr036862.1",15520001,15620000
"NC_036862.1",15580000,0.272733,0.0892753,0.0584243,0.272733,"chr036862.1",15530001,15630000
"NC_036862.1",15590000,0.206237,0.0851213,0.0622161,0.206237,"chr036862.1",15540001,15640000
"NC_036862.1",17590000,0.212425,0,0,0.212425,"chr036862.1",17540001,17640000
"NC_036862.1",17600000,0.215648,0,0,0.215648,"chr036862.1",17550001,17650000
"NC_036862.1",17620000,0.263938,0,0,0.263938,"chr036862.1",17570001,17670000
"NC_036862.1",17650000,0.202938,0,0,0.202938,"chr036862.1",17600001,17700000
"NC_036862.1",17660000,0.233268,0,0.0288832,0.233268,"chr036862.1",17610001,17710000
"NC_036862.1",17670000,0.230096,0,0.0282376,0.230096,"chr036862.1",17620001,17720000
"NC_036862.1",17680000,0.204933,0,0.0175885,0.204933,"chr036862.1",17630001,17730000
"NC_036862.1",23620000,0.0243306,0.225234,0.0125447,0.225234,"chr036862.1",23570001,23670000
"NC_036862.1",23630000,0.0213721,0.237944,0.0182274,0.237944,"chr036862.1",23580001,23680000
"NC_036862.1",23640000,0.0203866,0.250906,0.0111195,0.250906,"chr036862.1",23590001,23690000
"NC_036862.1",23650000,0.0124338,0.269525,0.0126603,0.269525,"chr036862.1",23600001,23700000
"NC_036862.1",23660000,0.00530857,0.277794,0.00686775,0.277794,"chr036862.1",23610001,23710000
"NC_036862.1",23670000,0.00429393,0.277129,0.00904029,0.277129,"chr036862.1",23620001,23720000
"NC_036862.1",23680000,0.00502496,0.285679,0.0194405,0.285679,"chr036862.1",23630001,23730000
"NC_036862.1",23690000,0.00135028,0.243773,0.0169481,0.243773,"chr036862.1",23640001,23740000
"NC_036862.1",23700000,0.000163249,0.247,0.012654,0.247,"chr036862.1",23650001,23750000
"NC_036862.1",23710000,0.00117677,0.252768,0.0131625,0.252768,"chr036862.1",23660001,23760000
"NC_036862.1",23720000,0,0.235769,0.012535,0.235769,"chr036862.1",23670001,23770000
"NC_036862.1",23730000,0,0.23317,0.00383547,0.23317,"chr036862.1",23680001,23780000
"NC_036862.1",23740000,0,0.266686,0.0295105,0.266686,"chr036862.1",23690001,23790000
"NC_036862.1",23750000,0,0.230988,0.0238387,0.230988,"chr036862.1",23700001,23800000
"NC_036862.1",23760000,0,0.22443,0.03062,0.22443,"chr036862.1",23710001,23810000
"NC_036862.1",23770000,0,0.228053,0.0332914,0.228053,"chr036862.1",23720001,23820000
"NC_036862.1",23780000,0,0.227474,0.0229705,0.227474,"chr036862.1",23730001,23830000
"NC_036862.1",23790000,0,0.267822,0.0273726,0.267822,"chr036862.1",23740001,23840000
"NC_036862.1",23800000,0,0.241327,0.0153559,0.241327,"chr036862.1",23750001,23850000
"NC_036862.1",23810000,0.00358826,0.220253,0.0201638,0.220253,"chr036862.1",23760001,23860000
"NC_036862.1",23820000,0.00778134,0.214946,0.0155295,0.214946,"chr036862.1",23770001,23870000
"NC_036862.1",29450000,0.0805963,0.0213606,0.202597,0.202597,"chr036862.1",29400001,29500000
"NC_036862.1",30580000,0.213178,0.0210951,0.0264685,0.213178,"chr036862.1",30530001,30630000
"NC_036862.1",30590000,0.212449,0.02056,0.0154027,0.212449,"chr036862.1",30540001,30640000
"NC_036862.1",30600000,0.201375,0.0132574,0.0201858,0.201375,"chr036862.1",30550001,30650000
"NC_036862.1",30610000,0.207668,0,0.0226113,0.207668,"chr036862.1",30560001,30660000
"NC_036862.1",30620000,0.233761,0,0.027772,0.233761,"chr036862.1",30570001,30670000
"NC_036862.1",30630000,0.203541,0,0.0195575,0.203541,"chr036862.1",30580001,30680000
"NC_036862.1",30640000,0.205549,0,0.0264004,0.205549,"chr036862.1",30590001,30690000
"NC_036862.1",34680000,0.190954,0.183518,0.21617,0.21617,"chr036862.1",34630001,34730000
"NC_036863.1",540000,0,0,0.310305,0.310305,"chr036863.1",490001,590000
"NC_036863.1",550000,0,0,0.313795,0.313795,"chr036863.1",500001,6e+05
"NC_036863.1",560000,0,0,0.324875,0.324875,"chr036863.1",510001,610000
"NC_036863.1",570000,0,0,0.269825,0.269825,"chr036863.1",520001,620000
"NC_036863.1",580000,0,0,0.2477,0.2477,"chr036863.1",530001,630000
"NC_036863.1",590000,0,0,0.22823,0.22823,"chr036863.1",540001,640000
"NC_036863.1",6e+05,0,0,0.21884,0.21884,"chr036863.1",550001,650000
"NC_036863.1",610000,0,0,0.222948,0.222948,"chr036863.1",560001,660000
"NC_036863.1",620000,0,0,0.214486,0.214486,"chr036863.1",570001,670000
"NC_036863.1",680000,0,0,0.210696,0.210696,"chr036863.1",630001,730000
"NC_036863.1",690000,0,0,0.211973,0.211973,"chr036863.1",640001,740000
"NC_036863.1",7e+05,0,0,0.240409,0.240409,"chr036863.1",650001,750000
"NC_036863.1",710000,0,0,0.233026,0.233026,"chr036863.1",660001,760000
"NC_036863.1",720000,0,0,0.204734,0.204734,"chr036863.1",670001,770000
"NC_036863.1",5940000,0.216461,0.0275053,0,0.216461,"chr036863.1",5890001,5990000
"NC_036863.1",5950000,0.224666,0.0283787,0,0.224666,"chr036863.1",5900001,6e+06
"NC_036863.1",5960000,0.218202,0.0389724,0,0.218202,"chr036863.1",5910001,6010000
"NC_036863.1",6010000,0.199874,0.0206794,0,0.199874,"chr036863.1",5960001,6060000
"NC_036863.1",7350000,0,0,0.250899,0.250899,"chr036863.1",7300001,7400000
"NC_036863.1",7360000,0,0,0.300401,0.300401,"chr036863.1",7310001,7410000
"NC_036863.1",7370000,0,0,0.327966,0.327966,"chr036863.1",7320001,7420000
"NC_036863.1",7380000,0,0,0.402089,0.402089,"chr036863.1",7330001,7430000
"NC_036863.1",7390000,0,0,0.341216,0.341216,"chr036863.1",7340001,7440000
"NC_036863.1",7400000,0,0,0.329231,0.329231,"chr036863.1",7350001,7450000
"NC_036863.1",7410000,0,0,0.321938,0.321938,"chr036863.1",7360001,7460000
"NC_036863.1",7420000,0,0,0.317744,0.317744,"chr036863.1",7370001,7470000
"NC_036863.1",9760000,0.0940831,0.406739,0.104663,0.406739,"chr036863.1",9710001,9810000
"NC_036863.1",9770000,0.0658438,0.388828,0.115389,0.388828,"chr036863.1",9720001,9820000
"NC_036863.1",9780000,0.0571255,0.356323,0.112183,0.356323,"chr036863.1",9730001,9830000
"NC_036863.1",9790000,0.0642632,0.359392,0.12502,0.359392,"chr036863.1",9740001,9840000
"NC_036863.1",9800000,0.0338408,0.404976,0.152808,0.404976,"chr036863.1",9750001,9850000
"NC_036863.1",9810000,0.0345178,0.393253,0.169049,0.393253,"chr036863.1",9760001,9860000
"NC_036863.1",9820000,0.0109573,0.440479,0.179415,0.440479,"chr036863.1",9770001,9870000
"NC_036863.1",9830000,0.0174563,0.467939,0.200652,0.467939,"chr036863.1",9780001,9880000
"NC_036863.1",9840000,0.0176332,0.470621,0.196354,0.470621,"chr036863.1",9790001,9890000
"NC_036863.1",9850000,0.0141623,0.481933,0.22046,0.481933,"chr036863.1",9800001,9900000
"NC_036863.1",9860000,0.0153838,0.403139,0.193013,0.403139,"chr036863.1",9810001,9910000
"NC_036863.1",9870000,0.0322216,0.438375,0.212824,0.438375,"chr036863.1",9820001,9920000
"NC_036863.1",9880000,0.022955,0.478066,0.233181,0.478066,"chr036863.1",9830001,9930000
"NC_036863.1",9890000,0.00182681,0.461764,0.228225,0.461764,"chr036863.1",9840001,9940000
"NC_036863.1",9900000,0,0.444708,0.195865,0.444708,"chr036863.1",9850001,9950000
"NC_036863.1",9910000,0,0.313429,0.140511,0.313429,"chr036863.1",9860001,9960000
"NC_036863.1",9920000,0,0.2777,0.139843,0.2777,"chr036863.1",9870001,9970000
"NC_036863.1",9930000,0,0.207456,0.110876,0.207456,"chr036863.1",9880001,9980000
"NC_036863.1",10680000,0,0.223134,0,0.223134,"chr036863.1",10630001,10730000
"NC_036863.1",10690000,0,0.346002,0,0.346002,"chr036863.1",10640001,10740000
"NC_036863.1",10700000,0,0.35456,0,0.35456,"chr036863.1",10650001,10750000
"NC_036863.1",10710000,0,0.243471,0,0.243471,"chr036863.1",10660001,10760000
"NC_036863.1",10720000,0,0.217199,0,0.217199,"chr036863.1",10670001,10770000
"NC_036863.1",15630000,0.0023939,0.213729,0.04052,0.213729,"chr036863.1",15580001,15680000
"NC_036863.1",15680000,0,0.208168,0.0575928,0.208168,"chr036863.1",15630001,15730000
"NC_036863.1",15690000,0.0282939,0.22963,0.0600678,0.22963,"chr036863.1",15640001,15740000
"NC_036863.1",15700000,0.06048,0.21317,0.0595256,0.21317,"chr036863.1",15650001,15750000
"NC_036863.1",15920000,0.00426529,0.221654,0.00484898,0.221654,"chr036863.1",15870001,15970000
"NC_036863.1",15930000,0.0507086,0.265477,0.0498195,0.265477,"chr036863.1",15880001,15980000
"NC_036863.1",15940000,0.047161,0.244146,0.0503207,0.244146,"chr036863.1",15890001,15990000
"NC_036863.1",15950000,0.0312828,0.248425,0.0633566,0.248425,"chr036863.1",15900001,1.6e+07
"NC_036863.1",15960000,0.0311151,0.289348,0.100345,0.289348,"chr036863.1",15910001,16010000
"NC_036863.1",15970000,0,0.23956,0.0979481,0.23956,"chr036863.1",15920001,16020000
"NC_036863.1",15980000,0,0.245925,0.0999391,0.245925,"chr036863.1",15930001,16030000
"NC_036863.1",15990000,0,0.292669,0.111289,0.292669,"chr036863.1",15940001,16040000
"NC_036863.1",1.6e+07,0,0.309559,0.11089,0.309559,"chr036863.1",15950001,16050000
"NC_036863.1",16010000,0.0379318,0.30276,0.123902,0.30276,"chr036863.1",15960001,16060000
"NC_036863.1",16020000,0.0728772,0.32315,0.126959,0.32315,"chr036863.1",15970001,16070000
"NC_036863.1",16030000,0.0231992,0.292772,0.0817305,0.292772,"chr036863.1",15980001,16080000
"NC_036863.1",16040000,0.0361055,0.307255,0.0960762,0.307255,"chr036863.1",15990001,16090000
"NC_036863.1",16050000,0.0407833,0.312216,0.0898078,0.312216,"chr036863.1",16000001,16100000
"NC_036863.1",16060000,0.0502056,0.226546,0.0307446,0.226546,"chr036863.1",16010001,16110000
"NC_036863.1",16070000,0.063052,0.230437,0.0330434,0.230437,"chr036863.1",16020001,16120000
"NC_036863.1",16080000,0,0.29086,0,0.29086,"chr036863.1",16030001,16130000
"NC_036863.1",24110000,0.03845,0.243053,0.017565,0.243053,"chr036863.1",24060001,24160000
"NC_036863.1",24120000,0.0309228,0.2045,0.0207515,0.2045,"chr036863.1",24070001,24170000
"NC_036863.1",24670000,0,0.217132,0,0.217132,"chr036863.1",24620001,24720000
"NC_036863.1",24680000,0,0.213111,0,0.213111,"chr036863.1",24630001,24730000
"NC_036863.1",25800000,0.00927082,0.220401,0,0.220401,"chr036863.1",25750001,25850000
"NC_036863.1",26700000,0.0122465,0,0.201985,0.201985,"chr036863.1",26650001,26750000
"NC_036863.1",26730000,0.0256572,0,0.203825,0.203825,"chr036863.1",26680001,26780000
"NC_036863.1",26740000,0.0125281,0,0.211237,0.211237,"chr036863.1",26690001,26790000
"NC_036863.1",27950000,0,0,0.236398,0.236398,"chr036863.1",27900001,2.8e+07
"NC_036863.1",27960000,0.0226949,0.0105427,0.260869,0.260869,"chr036863.1",27910001,28010000
"NC_036863.1",27970000,0.0196572,0.00686579,0.340317,0.340317,"chr036863.1",27920001,28020000
"NC_036863.1",27980000,0,0.0164063,0.333407,0.333407,"chr036863.1",27930001,28030000
"NC_036863.1",27990000,0,0.0101484,0.323225,0.323225,"chr036863.1",27940001,28040000
"NC_036863.1",2.8e+07,0,0,0.25121,0.25121,"chr036863.1",27950001,28050000
"NC_036863.1",28010000,0,0,0.238037,0.238037,"chr036863.1",27960001,28060000
"NC_036863.1",28420000,0,0,0.243876,0.243876,"chr036863.1",28370001,28470000
"NC_036863.1",28430000,0,0,0.271084,0.271084,"chr036863.1",28380001,28480000
"NC_036863.1",28440000,0,0,0.249572,0.249572,"chr036863.1",28390001,28490000
"NC_036863.1",28450000,0,0,0.251294,0.251294,"chr036863.1",28400001,28500000
"NC_036863.1",28460000,0,0,0.239444,0.239444,"chr036863.1",28410001,28510000
"NC_036863.1",28470000,0,0,0.240766,0.240766,"chr036863.1",28420001,28520000
"NC_036863.1",28570000,0,0.0193471,0.211706,0.211706,"chr036863.1",28520001,28620000
"NC_036863.1",28580000,0,0.044652,0.302032,0.302032,"chr036863.1",28530001,28630000
"NC_036863.1",28590000,0,0.0739596,0.326228,0.326228,"chr036863.1",28540001,28640000
"NC_036863.1",28600000,0.0160849,0.109198,0.307788,0.307788,"chr036863.1",28550001,28650000
"NC_036863.1",28610000,0.0646505,0.172234,0.333154,0.333154,"chr036863.1",28560001,28660000
"NC_036863.1",28620000,0.105976,0.182593,0.339189,0.339189,"chr036863.1",28570001,28670000
"NC_036863.1",28630000,0.142126,0.212842,0.369003,0.369003,"chr036863.1",28580001,28680000
"NC_036863.1",28640000,0.160844,0.228626,0.353675,0.353675,"chr036863.1",28590001,28690000
"NC_036863.1",28650000,0.176711,0.244318,0.362103,0.362103,"chr036863.1",28600001,28700000
"NC_036863.1",28660000,0.205019,0.270332,0.341945,0.341945,"chr036863.1",28610001,28710000
"NC_036863.1",28670000,0.215902,0.277828,0.27646,0.277828,"chr036863.1",28620001,28720000
"NC_036863.1",28680000,0.249839,0.299949,0.276998,0.299949,"chr036863.1",28630001,28730000
"NC_036863.1",28690000,0.263325,0.316306,0.291079,0.316306,"chr036863.1",28640001,28740000
"NC_036863.1",28700000,0.254964,0.314721,0.295336,0.314721,"chr036863.1",28650001,28750000
"NC_036863.1",28710000,0.244918,0.296731,0.309388,0.309388,"chr036863.1",28660001,28760000
"NC_036863.1",28720000,0.232025,0.309019,0.315071,0.315071,"chr036863.1",28670001,28770000
"NC_036863.1",28730000,0.216537,0.306397,0.293141,0.306397,"chr036863.1",28680001,28780000
"NC_036863.1",28740000,0.23379,0.305915,0.287786,0.305915,"chr036863.1",28690001,28790000
"NC_036863.1",28750000,0.180513,0.262489,0.210402,0.262489,"chr036863.1",28700001,28800000
"NC_036863.1",28760000,0.171557,0.252327,0.1959,0.252327,"chr036863.1",28710001,28810000
"NC_036863.1",28770000,0.166246,0.242125,0.213377,0.242125,"chr036863.1",28720001,28820000
"NC_036863.1",28780000,0.156571,0.226436,0.197265,0.226436,"chr036863.1",28730001,28830000
"NC_036863.1",28790000,0.141467,0.201111,0.17191,0.201111,"chr036863.1",28740001,28840000
"NC_036863.1",28850000,0.142292,0.203668,0.15164,0.203668,"chr036863.1",28800001,28900000
"NC_036863.1",28860000,0.144252,0.210777,0.152668,0.210777,"chr036863.1",28810001,28910000
"NC_036863.1",28870000,0.167827,0.20536,0.128648,0.20536,"chr036863.1",28820001,28920000
"NC_036863.1",30060000,0,0.0567237,0.204133,0.204133,"chr036863.1",30010001,30110000
"NC_036863.1",31130000,0.189335,0.079933,0.29057,0.29057,"chr036863.1",31080001,31180000
"NC_036863.1",31140000,0.180459,0.0998786,0.250263,0.250263,"chr036863.1",31090001,31190000
"NC_036863.1",31440000,0.0818983,0.223129,0.0591386,0.223129,"chr036863.1",31390001,31490000
"NC_036863.1",31450000,0.0632039,0.20294,0.0700681,0.20294,"chr036863.1",31400001,31500000
"NC_036863.1",31570000,0.278878,0.0280783,0.10238,0.278878,"chr036863.1",31520001,31620000
"NC_036863.1",31580000,0.321169,0.0382375,0.0878536,0.321169,"chr036863.1",31530001,31630000
"NC_036863.1",31590000,0.341662,0.0298001,0.081986,0.341662,"chr036863.1",31540001,31640000
"NC_036863.1",31600000,0.290702,0.0175245,0.05343,0.290702,"chr036863.1",31550001,31650000
"NC_036863.1",31610000,0.219057,0.0275946,0.0651862,0.219057,"chr036863.1",31560001,31660000
"NC_036863.1",34200000,0.201327,0,0,0.201327,"chr036863.1",34150001,34250000
"NC_036863.1",34210000,0.219958,0,0,0.219958,"chr036863.1",34160001,34260000
"NC_036863.1",34220000,0.236642,0,0,0.236642,"chr036863.1",34170001,34270000
"NC_036863.1",34230000,0.271306,0,0,0.271306,"chr036863.1",34180001,34280000
"NC_036863.1",34240000,0.246918,0,0,0.246918,"chr036863.1",34190001,34290000
"NC_036863.1",34250000,0.299684,0,0,0.299684,"chr036863.1",34200001,34300000
"NC_036863.1",34260000,0.277168,0,0,0.277168,"chr036863.1",34210001,34310000
"NC_036863.1",34270000,0.220769,0,0,0.220769,"chr036863.1",34220001,34320000
"NC_036863.1",34280000,0.214263,0,0,0.214263,"chr036863.1",34230001,34330000
"NC_036863.1",35220000,0.222405,0.0184054,0,0.222405,"chr036863.1",35170001,35270000
"NC_036863.1",35240000,0.236869,0.00580186,0,0.236869,"chr036863.1",35190001,35290000
"NC_036863.1",35250000,0.242383,0,0,0.242383,"chr036863.1",35200001,35300000
"NC_036863.1",35260000,0.225709,0,0,0.225709,"chr036863.1",35210001,35310000
"NC_036863.1",35270000,0.247335,0,0,0.247335,"chr036863.1",35220001,35320000
"NC_036863.1",35280000,0.268899,0,0,0.268899,"chr036863.1",35230001,35330000
"NC_036863.1",35290000,0.276955,0,0,0.276955,"chr036863.1",35240001,35340000
"NC_036863.1",35300000,0.264937,0,0,0.264937,"chr036863.1",35250001,35350000
"NC_036863.1",35310000,0.264199,0,0,0.264199,"chr036863.1",35260001,35360000
"NC_036863.1",35320000,0.237177,0,0,0.237177,"chr036863.1",35270001,35370000
"NC_036863.1",35330000,0.256615,0,0,0.256615,"chr036863.1",35280001,35380000
"NC_036863.1",35340000,0.247608,0,0,0.247608,"chr036863.1",35290001,35390000
"NC_036863.1",35350000,0.2334,0,0,0.2334,"chr036863.1",35300001,35400000
"NC_036863.1",36540000,0.203582,0.0367355,0,0.203582,"chr036863.1",36490001,36590000
"NC_036863.1",36550000,0.222417,0.0509498,0.0081531,0.222417,"chr036863.1",36500001,36600000
"NC_036863.1",36560000,0.236426,0.0450315,0.0194401,0.236426,"chr036863.1",36510001,36610000
"NC_036863.1",37370000,0,0.121683,0.237107,0.237107,"chr036863.1",37320001,37420000
"NC_036863.1",37380000,0.00508302,0.195888,0.356023,0.356023,"chr036863.1",37330001,37430000
"NC_036863.1",37390000,0.00579524,0.25021,0.407243,0.407243,"chr036863.1",37340001,37440000
"NC_036863.1",37400000,0.00343005,0.262228,0.391123,0.391123,"chr036863.1",37350001,37450000
"NC_036863.1",37410000,0.00440298,0.24665,0.412663,0.412663,"chr036863.1",37360001,37460000
"NC_036863.1",37420000,0.0039701,0.260122,0.40669,0.40669,"chr036863.1",37370001,37470000
"NC_036863.1",37430000,0.0225895,0.255343,0.408448,0.408448,"chr036863.1",37380001,37480000
"NC_036863.1",37440000,0.0212942,0.247536,0.395077,0.395077,"chr036863.1",37390001,37490000
"NC_036863.1",37450000,0.0104683,0.237531,0.387938,0.387938,"chr036863.1",37400001,37500000
"NC_036863.1",37460000,0,0.28294,0.423472,0.423472,"chr036863.1",37410001,37510000
"NC_036863.1",37470000,0.0109668,0.281881,0.396693,0.396693,"chr036863.1",37420001,37520000
"NC_036863.1",37480000,0.0296806,0.234022,0.351104,0.351104,"chr036863.1",37430001,37530000
"NC_036863.1",37490000,0.0202471,0.190472,0.280614,0.280614,"chr036863.1",37440001,37540000
"NC_036863.1",37500000,0.0413684,0.122254,0.289121,0.289121,"chr036863.1",37450001,37550000
"NC_036863.1",37510000,0.0327712,0.0919748,0.274754,0.274754,"chr036863.1",37460001,37560000
"NC_036863.1",37520000,0.0166532,0.0535324,0.272909,0.272909,"chr036863.1",37470001,37570000
"NC_036863.1",42890000,0.305572,0,0,0.305572,"chr036863.1",42840001,42940000
"NC_036863.1",42900000,0.300761,0,0,0.300761,"chr036863.1",42850001,42950000
"NC_036863.1",42910000,0.368333,0,0,0.368333,"chr036863.1",42860001,42960000
"NC_036863.1",42920000,0.421008,0,0,0.421008,"chr036863.1",42870001,42970000
"NC_036863.1",42930000,0.364508,0,0,0.364508,"chr036863.1",42880001,42980000
"NC_036863.1",42940000,0.230593,0,0,0.230593,"chr036863.1",42890001,42990000
"NC_036863.1",43500000,0.00964643,0.050113,0.359432,0.359432,"chr036863.1",43450001,43550000
"NC_036863.1",43510000,0.0234124,0.030486,0.505666,0.505666,"chr036863.1",43460001,43560000
"NC_036863.1",43520000,0.0167086,0.0241087,0.453315,0.453315,"chr036863.1",43470001,43570000
"NC_036863.1",43530000,0.0162504,0.022623,0.409892,0.409892,"chr036863.1",43480001,43580000
"NC_036863.1",43540000,0.0126461,0.0200576,0.345983,0.345983,"chr036863.1",43490001,43590000
"NC_036863.1",43550000,0.0167581,0.0219767,0.348926,0.348926,"chr036863.1",43500001,43600000
"NC_036863.1",43560000,0.017363,0.0225538,0.350654,0.350654,"chr036863.1",43510001,43610000
"NC_036863.1",43570000,0.0132389,0.0205908,0.334961,0.334961,"chr036863.1",43520001,43620000
"NC_036863.1",43580000,0.00948894,0.0195151,0.302108,0.302108,"chr036863.1",43530001,43630000
"NC_036863.1",43590000,0.00986994,0.0190139,0.29926,0.29926,"chr036863.1",43540001,43640000
"NC_036863.1",43600000,0.00203213,0.0123166,0.251348,0.251348,"chr036863.1",43550001,43650000
"NC_036863.1",44550000,0.00895118,0.272965,0.0152131,0.272965,"chr036863.1",44500001,44600000
"NC_036863.1",44560000,0.00704505,0.326564,0.0147753,0.326564,"chr036863.1",44510001,44610000
"NC_036863.1",44570000,0.0354843,0.329022,0.00215845,0.329022,"chr036863.1",44520001,44620000
"NC_036863.1",44580000,0.061544,0.388162,0.0178472,0.388162,"chr036863.1",44530001,44630000
"NC_036863.1",44590000,0.0718956,0.402707,0.0119176,0.402707,"chr036863.1",44540001,44640000
"NC_036863.1",44600000,0.066119,0.412354,0.0268555,0.412354,"chr036863.1",44550001,44650000
"NC_036863.1",44610000,0.0540316,0.397098,0.0275522,0.397098,"chr036863.1",44560001,44660000
"NC_036863.1",44620000,0.0765956,0.365469,0.033177,0.365469,"chr036863.1",44570001,44670000
"NC_036863.1",44630000,0.1131,0.352144,0.0361004,0.352144,"chr036863.1",44580001,44680000
"NC_036863.1",44640000,0.147449,0.336405,0.0498476,0.336405,"chr036863.1",44590001,44690000
"NC_036863.1",44650000,0.204886,0.225979,0,0.225979,"chr036863.1",44600001,44700000
"NC_036863.1",44660000,0.245669,0.0723473,0.0152173,0.245669,"chr036863.1",44610001,44710000
"NC_036863.1",44670000,0.22633,0.0436706,0.0332842,0.22633,"chr036863.1",44620001,44720000
"NC_036863.1",44690000,0.204097,0.0263549,0.0350889,0.204097,"chr036863.1",44640001,44740000
"NC_036863.1",45110000,0.200617,0.0257172,0.00277111,0.200617,"chr036863.1",45060001,45160000
"NC_036863.1",45130000,0.265056,0.028835,0,0.265056,"chr036863.1",45080001,45180000
"NC_036863.1",45140000,0.272288,0.0232632,0,0.272288,"chr036863.1",45090001,45190000
"NC_036863.1",45150000,0.278862,0,0,0.278862,"chr036863.1",45100001,45200000
"NC_036863.1",47100000,0,0,0.288246,0.288246,"chr036863.1",47050001,47150000
"NC_036863.1",47110000,0,0,0.292819,0.292819,"chr036863.1",47060001,47160000
"NC_036863.1",47120000,0,0,0.343216,0.343216,"chr036863.1",47070001,47170000
"NC_036863.1",47130000,0,0,0.336625,0.336625,"chr036863.1",47080001,47180000
"NC_036863.1",47140000,0,0,0.348903,0.348903,"chr036863.1",47090001,47190000
"NC_036863.1",47150000,0,0,0.282985,0.282985,"chr036863.1",47100001,47200000
"NC_036863.1",47160000,0,0,0.272646,0.272646,"chr036863.1",47110001,47210000
"NC_036863.1",47170000,0,0,0.241782,0.241782,"chr036863.1",47120001,47220000
"NC_036863.1",47180000,0,0,0.203015,0.203015,"chr036863.1",47130001,47230000
"NC_036863.1",47200000,0,0,0.236209,0.236209,"chr036863.1",47150001,47250000
"NC_036863.1",47210000,0,0,0.270526,0.270526,"chr036863.1",47160001,47260000
"NC_036863.1",47220000,0,0,0.335691,0.335691,"chr036863.1",47170001,47270000
"NC_036863.1",47230000,0,0,0.341803,0.341803,"chr036863.1",47180001,47280000
"NC_036863.1",47240000,0,0,0.352346,0.352346,"chr036863.1",47190001,47290000
"NC_036863.1",47250000,0,0,0.382213,0.382213,"chr036863.1",47200001,47300000
"NC_036863.1",47260000,0,0,0.386852,0.386852,"chr036863.1",47210001,47310000
"NC_036863.1",47270000,0,0,0.407826,0.407826,"chr036863.1",47220001,47320000
"NC_036863.1",47280000,0,0,0.427546,0.427546,"chr036863.1",47230001,47330000
"NC_036863.1",47290000,0,0,0.3909,0.3909,"chr036863.1",47240001,47340000
"NC_036863.1",47300000,0,0,0.36478,0.36478,"chr036863.1",47250001,47350000
"NC_036863.1",47310000,0,0,0.341825,0.341825,"chr036863.1",47260001,47360000
"NC_036863.1",47320000,0,0,0.232833,0.232833,"chr036863.1",47270001,47370000
"NC_036863.1",47330000,0,0,0.207999,0.207999,"chr036863.1",47280001,47380000
"NC_036863.1",47350000,0,0,0.22162,0.22162,"chr036863.1",47300001,47400000
"NC_036863.1",47360000,0,0,0.241677,0.241677,"chr036863.1",47310001,47410000
"NC_036863.1",47370000,0,0,0.231888,0.231888,"chr036863.1",47320001,47420000
"NC_036863.1",47380000,0,0,0.230262,0.230262,"chr036863.1",47330001,47430000
"NC_036863.1",47390000,0,0,0.270975,0.270975,"chr036863.1",47340001,47440000
"NC_036863.1",47400000,0,0,0.278953,0.278953,"chr036863.1",47350001,47450000
"NC_036863.1",47410000,0,0,0.316032,0.316032,"chr036863.1",47360001,47460000
"NC_036863.1",47420000,0,0,0.346685,0.346685,"chr036863.1",47370001,47470000
"NC_036863.1",47430000,0,0,0.373553,0.373553,"chr036863.1",47380001,47480000
"NC_036863.1",47440000,0,0,0.400423,0.400423,"chr036863.1",47390001,47490000
"NC_036863.1",47450000,0,0,0.338947,0.338947,"chr036863.1",47400001,47500000
"NC_036863.1",47460000,0,0,0.343669,0.343669,"chr036863.1",47410001,47510000
"NC_036863.1",47470000,0,0,0.311881,0.311881,"chr036863.1",47420001,47520000
"NC_036863.1",47480000,0,0,0.323722,0.323722,"chr036863.1",47430001,47530000
"NC_036863.1",47490000,0,0,0.348985,0.348985,"chr036863.1",47440001,47540000
"NC_036863.1",47500000,0,0,0.339528,0.339528,"chr036863.1",47450001,47550000
"NC_036863.1",47510000,0,0,0.328705,0.328705,"chr036863.1",47460001,47560000
"NC_036863.1",47520000,0,0,0.318054,0.318054,"chr036863.1",47470001,47570000
"NC_036863.1",47530000,0,0,0.27293,0.27293,"chr036863.1",47480001,47580000
"NC_036863.1",47540000,0,0,0.257938,0.257938,"chr036863.1",47490001,47590000
"NC_036863.1",47550000,0,0,0.267687,0.267687,"chr036863.1",47500001,47600000
"NC_036863.1",47560000,0,0,0.247113,0.247113,"chr036863.1",47510001,47610000
"NC_036863.1",47570000,0,0,0.259411,0.259411,"chr036863.1",47520001,47620000
"NC_036863.1",47580000,0,0,0.229187,0.229187,"chr036863.1",47530001,47630000
"NC_036863.1",49060000,0,0.201588,0,0.201588,"chr036863.1",49010001,49110000
"NC_036863.1",49070000,0.0348622,0.233423,0,0.233423,"chr036863.1",49020001,49120000
"NC_036863.1",49080000,0.0422701,0.227571,0,0.227571,"chr036863.1",49030001,49130000
"NC_036863.1",49090000,0.0546801,0.211774,0,0.211774,"chr036863.1",49040001,49140000
"NC_036863.1",49530000,0.10999,0,0.251594,0.251594,"chr036863.1",49480001,49580000
"NC_036863.1",49540000,0.164687,0.0375444,0.286865,0.286865,"chr036863.1",49490001,49590000
"NC_036863.1",49550000,0.180982,0.0358563,0.295005,0.295005,"chr036863.1",49500001,49600000
"NC_036863.1",49560000,0.239627,0.085334,0.300825,0.300825,"chr036863.1",49510001,49610000
"NC_036863.1",49570000,0.316598,0.175811,0.290242,0.316598,"chr036863.1",49520001,49620000
"NC_036863.1",49580000,0.294185,0.170192,0.254078,0.294185,"chr036863.1",49530001,49630000
"NC_036863.1",49590000,0.310116,0.191689,0.27553,0.310116,"chr036863.1",49540001,49640000
"NC_036863.1",49600000,0.356539,0.252943,0.33842,0.356539,"chr036863.1",49550001,49650000
"NC_036863.1",49610000,0.356539,0.252943,0.33842,0.356539,"chr036863.1",49560001,49660000
"NC_036863.1",49620000,0.341064,0.19897,0.335642,0.341064,"chr036863.1",49570001,49670000
"NC_036863.1",49630000,0.247892,0.183182,0.206125,0.247892,"chr036863.1",49580001,49680000
"NC_036864.1",1540000,0,0.0321822,0.241186,0.241186,"chr036864.1",1490001,1590000
"NC_036864.1",1550000,0,0.0414682,0.250038,0.250038,"chr036864.1",1500001,1600000
"NC_036864.1",1560000,0,0.0416039,0.215482,0.215482,"chr036864.1",1510001,1610000
"NC_036864.1",2030000,0.211226,0,0,0.211226,"chr036864.1",1980001,2080000
"NC_036864.1",3420000,0.266766,0.0270871,0.0387394,0.266766,"chr036864.1",3370001,3470000
"NC_036864.1",3430000,0.286743,0.0280357,0.0452378,0.286743,"chr036864.1",3380001,3480000
"NC_036864.1",3440000,0.262361,0.0486904,0.0454901,0.262361,"chr036864.1",3390001,3490000
"NC_036864.1",3450000,0.213936,0.0397102,0.0449286,0.213936,"chr036864.1",3400001,3500000
"NC_036864.1",3460000,0.220243,0.0516784,0.0368561,0.220243,"chr036864.1",3410001,3510000
"NC_036864.1",3560000,0.0365109,0.254331,0.0159159,0.254331,"chr036864.1",3510001,3610000
"NC_036864.1",3570000,0.0246694,0.286845,0.0136553,0.286845,"chr036864.1",3520001,3620000
"NC_036864.1",3580000,0.0224431,0.304187,0.00250004,0.304187,"chr036864.1",3530001,3630000
"NC_036864.1",3590000,0.0236109,0.326044,0.00283326,0.326044,"chr036864.1",3540001,3640000
"NC_036864.1",3600000,0.00332541,0.342322,0.000151723,0.342322,"chr036864.1",3550001,3650000
"NC_036864.1",3610000,4.45077e-05,0.204952,0.00676602,0.204952,"chr036864.1",3560001,3660000
"NC_036864.1",3620000,0,0.219749,0.00855087,0.219749,"chr036864.1",3570001,3670000
"NC_036864.1",3630000,0,0.212908,0.00762222,0.212908,"chr036864.1",3580001,3680000
"NC_036864.1",6120000,0.0147915,0,0.220374,0.220374,"chr036864.1",6070001,6170000
"NC_036864.1",6130000,0.021211,0,0.236261,0.236261,"chr036864.1",6080001,6180000
"NC_036865.1",220000,0.0597436,0,0.20439,0.20439,"chr036865.1",170001,270000
"NC_036865.1",260000,0.100501,0,0.20832,0.20832,"chr036865.1",210001,310000
"NC_036865.1",270000,0.0913218,0,0.208379,0.208379,"chr036865.1",220001,320000
"NC_036865.1",550000,0.111423,0,0.312662,0.312662,"chr036865.1",500001,6e+05
"NC_036865.1",560000,0.055039,0,0.380986,0.380986,"chr036865.1",510001,610000
"NC_036865.1",570000,0.0393897,0,0.354182,0.354182,"chr036865.1",520001,620000
"NC_036865.1",580000,0.0283234,0.0099019,0.324139,0.324139,"chr036865.1",530001,630000
"NC_036865.1",590000,0.0196178,0.0135686,0.327008,0.327008,"chr036865.1",540001,640000
"NC_036865.1",6e+05,0.0176399,0.0126804,0.292365,0.292365,"chr036865.1",550001,650000
"NC_036865.1",610000,0.0123701,0.0114524,0.289864,0.289864,"chr036865.1",560001,660000
"NC_036865.1",620000,0.0189393,0.00799805,0.285874,0.285874,"chr036865.1",570001,670000
"NC_036865.1",630000,0.018701,0.00836577,0.283747,0.283747,"chr036865.1",580001,680000
"NC_036865.1",640000,0.0174449,0.00848994,0.279431,0.279431,"chr036865.1",590001,690000
"NC_036865.1",650000,0.00813432,0.0108258,0.260455,0.260455,"chr036865.1",600001,7e+05
"NC_036865.1",660000,0.00779984,0.0324965,0.22405,0.22405,"chr036865.1",610001,710000
"NC_036865.1",670000,0.0175899,0.0387208,0.250067,0.250067,"chr036865.1",620001,720000
"NC_036865.1",680000,0.017716,0.0215501,0.275315,0.275315,"chr036865.1",630001,730000
"NC_036865.1",690000,0.0189152,0.0272681,0.310043,0.310043,"chr036865.1",640001,740000
"NC_036865.1",7e+05,0.0142122,0.0277365,0.339355,0.339355,"chr036865.1",650001,750000
"NC_036865.1",710000,0.0162715,0.0257866,0.338761,0.338761,"chr036865.1",660001,760000
"NC_036865.1",720000,0.00872081,0.0290842,0.347152,0.347152,"chr036865.1",670001,770000
"NC_036865.1",730000,0.00657331,0.0386753,0.35075,0.35075,"chr036865.1",680001,780000
"NC_036865.1",740000,0.00697915,0.0415689,0.341489,0.341489,"chr036865.1",690001,790000
"NC_036865.1",750000,0.00631307,0.0407552,0.336701,0.336701,"chr036865.1",700001,8e+05
"NC_036865.1",760000,0.00954538,0.0335061,0.336751,0.336751,"chr036865.1",710001,810000
"NC_036865.1",770000,0,0.037653,0.314906,0.314906,"chr036865.1",720001,820000
"NC_036865.1",780000,0.00243509,0.043779,0.310576,0.310576,"chr036865.1",730001,830000
"NC_036865.1",790000,0,0.0443543,0.280512,0.280512,"chr036865.1",740001,840000
"NC_036865.1",8e+05,0.00658838,0.047851,0.277632,0.277632,"chr036865.1",750001,850000
"NC_036865.1",810000,0.00280775,0.0442666,0.249678,0.249678,"chr036865.1",760001,860000
"NC_036865.1",820000,0.0024808,0.0456274,0.250993,0.250993,"chr036865.1",770001,870000
"NC_036865.1",830000,0.00617834,0.0299615,0.223845,0.223845,"chr036865.1",780001,880000
"NC_036865.1",840000,0.00462861,0.0325939,0.248299,0.248299,"chr036865.1",790001,890000
"NC_036865.1",850000,0.00565603,0.0306365,0.262348,0.262348,"chr036865.1",800001,9e+05
"NC_036865.1",860000,0.0154329,0.0454286,0.262546,0.262546,"chr036865.1",810001,910000
"NC_036865.1",870000,0.0255622,0.0370324,0.279179,0.279179,"chr036865.1",820001,920000
"NC_036865.1",880000,0.0215548,0.0371301,0.301126,0.301126,"chr036865.1",830001,930000
"NC_036865.1",890000,0.0245852,0.0338514,0.293009,0.293009,"chr036865.1",840001,940000
"NC_036865.1",9e+05,0.0223082,0.0389695,0.28778,0.28778,"chr036865.1",850001,950000
"NC_036865.1",910000,0.0262015,0.0459614,0.336042,0.336042,"chr036865.1",860001,960000
"NC_036865.1",920000,0.0292808,0.0436504,0.284765,0.284765,"chr036865.1",870001,970000
"NC_036865.1",930000,0.0252718,0.0452673,0.297495,0.297495,"chr036865.1",880001,980000
"NC_036865.1",940000,0.0313539,0.0330935,0.265061,0.265061,"chr036865.1",890001,990000
"NC_036865.1",950000,0.0395092,0.0400595,0.241975,0.241975,"chr036865.1",900001,1e+06
"NC_036865.1",960000,0.0119981,0.0191829,0.211551,0.211551,"chr036865.1",910001,1010000
"NC_036865.1",1200000,0.0739705,0,0.334833,0.334833,"chr036865.1",1150001,1250000
"NC_036865.1",1210000,0.071764,0,0.341423,0.341423,"chr036865.1",1160001,1260000
"NC_036865.1",1220000,0.055809,0,0.292412,0.292412,"chr036865.1",1170001,1270000
"NC_036865.1",1230000,0.0528962,0,0.301021,0.301021,"chr036865.1",1180001,1280000
"NC_036865.1",1240000,0.0578935,0,0.302965,0.302965,"chr036865.1",1190001,1290000
"NC_036865.1",1250000,0.0554503,0,0.316431,0.316431,"chr036865.1",1200001,1300000
"NC_036865.1",1260000,0.0627749,0,0.318182,0.318182,"chr036865.1",1210001,1310000
"NC_036865.1",1270000,0.072349,0,0.322488,0.322488,"chr036865.1",1220001,1320000
"NC_036865.1",1280000,0.117009,0,0.295482,0.295482,"chr036865.1",1230001,1330000
"NC_036865.1",1290000,0.108873,0,0.3015,0.3015,"chr036865.1",1240001,1340000
"NC_036865.1",1320000,0.165601,0,0.208963,0.208963,"chr036865.1",1270001,1370000
"NC_036865.1",1330000,0.167482,0,0.200149,0.200149,"chr036865.1",1280001,1380000
"NC_036865.1",1340000,0.197675,0,0.25903,0.25903,"chr036865.1",1290001,1390000
"NC_036865.1",1350000,0.195497,0,0.261134,0.261134,"chr036865.1",1300001,1400000
"NC_036865.1",1360000,0.173822,0,0.228439,0.228439,"chr036865.1",1310001,1410000
"NC_036865.1",1370000,0.169523,0,0.224329,0.224329,"chr036865.1",1320001,1420000
"NC_036865.1",1380000,0.159356,0,0.227052,0.227052,"chr036865.1",1330001,1430000
"NC_036865.1",1520000,0.218294,0.0262651,0.109268,0.218294,"chr036865.1",1470001,1570000
"NC_036865.1",1530000,0.239376,0.0622796,0.0851679,0.239376,"chr036865.1",1480001,1580000
"NC_036865.1",1540000,0.270032,0.0656172,0.0718412,0.270032,"chr036865.1",1490001,1590000
"NC_036865.1",1550000,0.305918,0.0556326,0.0460192,0.305918,"chr036865.1",1500001,1600000
"NC_036865.1",1560000,0.218321,0.0535056,0.0353798,0.218321,"chr036865.1",1510001,1610000
"NC_036865.1",1570000,0.211921,0.0518124,0.0342796,0.211921,"chr036865.1",1520001,1620000
"NC_036865.1",1590000,0.215669,0.0461993,0.0336072,0.215669,"chr036865.1",1540001,1640000
"NC_036865.1",1600000,0.300027,0.0472437,0.0318773,0.300027,"chr036865.1",1550001,1650000
"NC_036865.1",1610000,0.373019,0.0572916,0.0498744,0.373019,"chr036865.1",1560001,1660000
"NC_036865.1",1620000,0.368681,0.0178713,0.017166,0.368681,"chr036865.1",1570001,1670000
"NC_036865.1",1630000,0.336765,0.048532,0.0746756,0.336765,"chr036865.1",1580001,1680000
"NC_036865.1",1640000,0.272741,0.034586,0.0705646,0.272741,"chr036865.1",1590001,1690000
"NC_036865.1",1750000,0,0.00632445,0.222489,0.222489,"chr036865.1",1700001,1800000
"NC_036865.1",1760000,0,0.00779824,0.215692,0.215692,"chr036865.1",1710001,1810000
"NC_036865.1",1770000,0,0.00887251,0.200264,0.200264,"chr036865.1",1720001,1820000
"NC_036865.1",1780000,0,0.00908703,0.203211,0.203211,"chr036865.1",1730001,1830000
"NC_036865.1",2630000,0.213225,0.232211,0.127146,0.232211,"chr036865.1",2580001,2680000
"NC_036865.1",2640000,0.252262,0.217918,0.169375,0.252262,"chr036865.1",2590001,2690000
"NC_036865.1",2650000,0.298374,0.206712,0.223066,0.298374,"chr036865.1",2600001,2700000
"NC_036865.1",2660000,0.301258,0.207336,0.230899,0.301258,"chr036865.1",2610001,2710000
"NC_036865.1",2670000,0.305183,0.205874,0.239091,0.305183,"chr036865.1",2620001,2720000
"NC_036865.1",2680000,0.306787,0.196282,0.251072,0.306787,"chr036865.1",2630001,2730000
"NC_036865.1",2690000,0.327074,0.232198,0.281037,0.327074,"chr036865.1",2640001,2740000
"NC_036865.1",2700000,0.336187,0.248485,0.29668,0.336187,"chr036865.1",2650001,2750000
"NC_036865.1",2710000,0.338644,0.226073,0.298742,0.338644,"chr036865.1",2660001,2760000
"NC_036865.1",2720000,0.334907,0.191397,0.313057,0.334907,"chr036865.1",2670001,2770000
"NC_036865.1",2730000,0.345653,0.125244,0.244389,0.345653,"chr036865.1",2680001,2780000
"NC_036865.1",2740000,0.346892,0.103748,0.218179,0.346892,"chr036865.1",2690001,2790000
"NC_036865.1",2750000,0.385765,0.0902635,0.22899,0.385765,"chr036865.1",2700001,2800000
"NC_036865.1",2760000,0.516564,0.0848205,0.364139,0.516564,"chr036865.1",2710001,2810000
"NC_036865.1",2770000,0.542001,0.0853473,0.376671,0.542001,"chr036865.1",2720001,2820000
"NC_036865.1",2780000,0.539318,0.0717197,0.34654,0.539318,"chr036865.1",2730001,2830000
"NC_036865.1",2790000,0.550093,0.0695787,0.363925,0.550093,"chr036865.1",2740001,2840000
"NC_036865.1",2800000,0.554708,0.0714253,0.367116,0.554708,"chr036865.1",2750001,2850000
"NC_036865.1",2810000,0.561436,0.0691179,0.370204,0.561436,"chr036865.1",2760001,2860000
"NC_036865.1",2820000,0.565458,0.0662861,0.366213,0.565458,"chr036865.1",2770001,2870000
"NC_036865.1",2830000,0.56727,0.0752569,0.382664,0.56727,"chr036865.1",2780001,2880000
"NC_036865.1",2840000,0.564628,0.0878954,0.388977,0.564628,"chr036865.1",2790001,2890000
"NC_036865.1",2850000,0.555926,0.10043,0.387062,0.555926,"chr036865.1",2800001,2900000
"NC_036865.1",2860000,0.530943,0.0994902,0.339554,0.530943,"chr036865.1",2810001,2910000
"NC_036865.1",2870000,0.502001,0.103017,0.31329,0.502001,"chr036865.1",2820001,2920000
"NC_036865.1",2880000,0.494966,0.147365,0.372848,0.494966,"chr036865.1",2830001,2930000
"NC_036865.1",2890000,0.445015,0.139605,0.299053,0.445015,"chr036865.1",2840001,2940000
"NC_036865.1",2900000,0.304603,0.112097,0.197641,0.304603,"chr036865.1",2850001,2950000
"NC_036865.1",2910000,0.27837,0.116792,0.159831,0.27837,"chr036865.1",2860001,2960000
"NC_036865.1",2920000,0.219543,0.128326,0.15555,0.219543,"chr036865.1",2870001,2970000
"NC_036865.1",5450000,0.00552054,0.255906,0,0.255906,"chr036865.1",5400001,5500000
"NC_036865.1",5460000,0.0241982,0.255669,0,0.255669,"chr036865.1",5410001,5510000
"NC_036865.1",5470000,0.0153332,0.242598,0,0.242598,"chr036865.1",5420001,5520000
"NC_036865.1",5480000,0.0486699,0.249475,0,0.249475,"chr036865.1",5430001,5530000
"NC_036865.1",5490000,0.0544395,0.227489,0,0.227489,"chr036865.1",5440001,5540000
"NC_036865.1",5500000,0.0533185,0.250066,0,0.250066,"chr036865.1",5450001,5550000
"NC_036865.1",5510000,0.0488954,0.250993,0,0.250993,"chr036865.1",5460001,5560000
"NC_036865.1",5520000,0.0461808,0.227916,0,0.227916,"chr036865.1",5470001,5570000
"NC_036865.1",5530000,0.0371087,0.207926,0,0.207926,"chr036865.1",5480001,5580000
"NC_036865.1",6020000,0.0846209,0,0.220748,0.220748,"chr036865.1",5970001,6070000
"NC_036865.1",9540000,0.205531,0.180371,0,0.205531,"chr036865.1",9490001,9590000
"NC_036865.1",9550000,0.2202,0.196996,0,0.2202,"chr036865.1",9500001,9600000
"NC_036865.1",9560000,0.241206,0.135769,0,0.241206,"chr036865.1",9510001,9610000
"NC_036865.1",9570000,0.335373,0.352599,0,0.352599,"chr036865.1",9520001,9620000
"NC_036865.1",9580000,0.221139,0.22841,0,0.22841,"chr036865.1",9530001,9630000
"NC_036865.1",9610000,0.205339,0.248171,0,0.248171,"chr036865.1",9560001,9660000
"NC_036865.1",9620000,0.0376322,0.278274,0,0.278274,"chr036865.1",9570001,9670000
"NC_036865.1",9630000,0.0376322,0.278274,0,0.278274,"chr036865.1",9580001,9680000
"NC_036865.1",14950000,0,0.0281385,0.284041,0.284041,"chr036865.1",14900001,1.5e+07
"NC_036865.1",14960000,0,0.0463663,0.277352,0.277352,"chr036865.1",14910001,15010000
"NC_036865.1",14970000,0,0.0387219,0.37266,0.37266,"chr036865.1",14920001,15020000
"NC_036865.1",14980000,0,0.0230047,0.333331,0.333331,"chr036865.1",14930001,15030000
"NC_036865.1",14990000,0,0,0.312937,0.312937,"chr036865.1",14940001,15040000
"NC_036865.1",1.5e+07,0,0,0.248857,0.248857,"chr036865.1",14950001,15050000
"NC_036865.1",15010000,0,0,0.270034,0.270034,"chr036865.1",14960001,15060000
"NC_036865.1",15080000,0,0,0.259246,0.259246,"chr036865.1",15030001,15130000
"NC_036865.1",15090000,0,0,0.309284,0.309284,"chr036865.1",15040001,15140000
"NC_036865.1",15100000,0,0,0.358469,0.358469,"chr036865.1",15050001,15150000
"NC_036865.1",15110000,0,0,0.34253,0.34253,"chr036865.1",15060001,15160000
"NC_036865.1",15120000,0,0,0.479221,0.479221,"chr036865.1",15070001,15170000
"NC_036865.1",15130000,0,0,0.486144,0.486144,"chr036865.1",15080001,15180000
"NC_036865.1",15140000,0,0,0.491605,0.491605,"chr036865.1",15090001,15190000
"NC_036865.1",15150000,0,0,0.548301,0.548301,"chr036865.1",15100001,15200000
"NC_036865.1",15160000,0,0,0.580279,0.580279,"chr036865.1",15110001,15210000
"NC_036865.1",15170000,0,0,0.528481,0.528481,"chr036865.1",15120001,15220000
"NC_036865.1",15180000,0,0,0.283586,0.283586,"chr036865.1",15130001,15230000
"NC_036865.1",15310000,0.145778,0.0698601,0.244015,0.244015,"chr036865.1",15260001,15360000
"NC_036865.1",15330000,0.107188,0.0560142,0.207959,0.207959,"chr036865.1",15280001,15380000
"NC_036865.1",15340000,0.103228,0.0595977,0.209696,0.209696,"chr036865.1",15290001,15390000
"NC_036865.1",15790000,0.199597,0,0.0439708,0.199597,"chr036865.1",15740001,15840000
"NC_036865.1",15800000,0.201987,0,0.0429115,0.201987,"chr036865.1",15750001,15850000
"NC_036865.1",15810000,0.239803,0,0.0505409,0.239803,"chr036865.1",15760001,15860000
"NC_036865.1",15820000,0.255699,0,0.0532366,0.255699,"chr036865.1",15770001,15870000
"NC_036865.1",15830000,0.305589,0,0.0664414,0.305589,"chr036865.1",15780001,15880000
"NC_036865.1",15840000,0.325136,0,0.0635946,0.325136,"chr036865.1",15790001,15890000
"NC_036865.1",15850000,0.327356,0,0.0645782,0.327356,"chr036865.1",15800001,15900000
"NC_036865.1",15860000,0.344185,0,0.0678206,0.344185,"chr036865.1",15810001,15910000
"NC_036865.1",15870000,0.421037,0,0.0739913,0.421037,"chr036865.1",15820001,15920000
"NC_036865.1",15880000,0.41795,0,0.0767422,0.41795,"chr036865.1",15830001,15930000
"NC_036865.1",15890000,0.376993,0,0.0709586,0.376993,"chr036865.1",15840001,15940000
"NC_036865.1",15900000,0.384006,0,0.072485,0.384006,"chr036865.1",15850001,15950000
"NC_036865.1",15910000,0.386239,0,0.0707157,0.386239,"chr036865.1",15860001,15960000
"NC_036865.1",15920000,0.383542,0,0.0706685,0.383542,"chr036865.1",15870001,15970000
"NC_036865.1",15930000,0.306951,0,0.0490538,0.306951,"chr036865.1",15880001,15980000
"NC_036865.1",18790000,0.0313577,0.104724,0.205949,0.205949,"chr036865.1",18740001,18840000
"NC_036865.1",18810000,0.0430499,0.0492759,0.200834,0.200834,"chr036865.1",18760001,18860000
"NC_036865.1",18820000,0.0584016,0.0537091,0.231274,0.231274,"chr036865.1",18770001,18870000
"NC_036865.1",18840000,0.128947,0.0484913,0.34082,0.34082,"chr036865.1",18790001,18890000
"NC_036865.1",18850000,0.159121,0.0431381,0.345466,0.345466,"chr036865.1",18800001,18900000
"NC_036865.1",18860000,0.146997,0.0592347,0.367617,0.367617,"chr036865.1",18810001,18910000
"NC_036865.1",18870000,0.145668,0.0678724,0.37362,0.37362,"chr036865.1",18820001,18920000
"NC_036865.1",18880000,0.144156,0.0659249,0.394722,0.394722,"chr036865.1",18830001,18930000
"NC_036865.1",18890000,0.143453,0.053569,0.397673,0.397673,"chr036865.1",18840001,18940000
"NC_036865.1",18900000,0.141064,0.0567214,0.396664,0.396664,"chr036865.1",18850001,18950000
"NC_036865.1",18910000,0.147186,0.0548452,0.383965,0.383965,"chr036865.1",18860001,18960000
"NC_036865.1",18920000,0.131669,0.0487132,0.349344,0.349344,"chr036865.1",18870001,18970000
"NC_036865.1",18930000,0.132278,0.0484252,0.345314,0.345314,"chr036865.1",18880001,18980000
"NC_036865.1",18940000,0.132719,0.0311521,0.312411,0.312411,"chr036865.1",18890001,18990000
"NC_036865.1",18950000,0.108394,0.0282828,0.296065,0.296065,"chr036865.1",18900001,1.9e+07
"NC_036865.1",18960000,0.108017,0,0.247178,0.247178,"chr036865.1",18910001,19010000
"NC_036865.1",19290000,0.0973748,0,0.202126,0.202126,"chr036865.1",19240001,19340000
"NC_036865.1",19300000,0.0956704,0.0166116,0.206848,0.206848,"chr036865.1",19250001,19350000
"NC_036865.1",19910000,0,0,0.26099,0.26099,"chr036865.1",19860001,19960000
"NC_036865.1",19920000,0,0,0.240532,0.240532,"chr036865.1",19870001,19970000
"NC_036865.1",19960000,0,0,0.211147,0.211147,"chr036865.1",19910001,20010000
"NC_036865.1",19970000,0,0,0.23023,0.23023,"chr036865.1",19920001,20020000
"NC_036865.1",19980000,0,0,0.245282,0.245282,"chr036865.1",19930001,20030000
"NC_036865.1",19990000,0,0,0.259169,0.259169,"chr036865.1",19940001,20040000
"NC_036865.1",2e+07,0,0,0.296773,0.296773,"chr036865.1",19950001,20050000
"NC_036865.1",20010000,0,0,0.314088,0.314088,"chr036865.1",19960001,20060000
"NC_036865.1",20020000,0,0,0.303441,0.303441,"chr036865.1",19970001,20070000
"NC_036865.1",20030000,0,0,0.372399,0.372399,"chr036865.1",19980001,20080000
"NC_036865.1",20040000,0,0,0.357663,0.357663,"chr036865.1",19990001,20090000
"NC_036865.1",20050000,0,0,0.28245,0.28245,"chr036865.1",20000001,20100000
"NC_036865.1",20060000,0,0,0.274841,0.274841,"chr036865.1",20010001,20110000
"NC_036865.1",20070000,0,0,0.294864,0.294864,"chr036865.1",20020001,20120000
"NC_036865.1",20080000,0,0,0.230414,0.230414,"chr036865.1",20030001,20130000
"NC_036865.1",20090000,0,0,0.221899,0.221899,"chr036865.1",20040001,20140000
"NC_036865.1",20100000,0,0,0.203214,0.203214,"chr036865.1",20050001,20150000
"NC_036865.1",20320000,0.202915,0.0138338,0,0.202915,"chr036865.1",20270001,20370000
"NC_036865.1",20330000,0.259036,0.0297151,0,0.259036,"chr036865.1",20280001,20380000
"NC_036865.1",20340000,0.259478,0.0505408,0,0.259478,"chr036865.1",20290001,20390000
"NC_036865.1",20350000,0.275712,0.0501275,0,0.275712,"chr036865.1",20300001,20400000
"NC_036865.1",20360000,0.279261,0.0532015,0,0.279261,"chr036865.1",20310001,20410000
"NC_036865.1",20370000,0.302815,0.0600997,0,0.302815,"chr036865.1",20320001,20420000
"NC_036865.1",22170000,0.0343233,0.0551804,0.205717,0.205717,"chr036865.1",22120001,22220000
"NC_036865.1",22180000,0,0.0721272,0.233061,0.233061,"chr036865.1",22130001,22230000
"NC_036865.1",22190000,0,0.0778655,0.244976,0.244976,"chr036865.1",22140001,22240000
"NC_036865.1",22200000,0,0.0884171,0.254689,0.254689,"chr036865.1",22150001,22250000
"NC_036865.1",22210000,0,0.0971203,0.267534,0.267534,"chr036865.1",22160001,22260000
"NC_036865.1",22220000,0,0.0999897,0.265098,0.265098,"chr036865.1",22170001,22270000
"NC_036865.1",22230000,0,0.0887298,0.257661,0.257661,"chr036865.1",22180001,22280000
"NC_036865.1",22240000,0,0.0636364,0.218287,0.218287,"chr036865.1",22190001,22290000
"NC_036865.1",22250000,0,0.0616184,0.216744,0.216744,"chr036865.1",22200001,22300000
"NC_036865.1",22260000,0,0.0426523,0.247709,0.247709,"chr036865.1",22210001,22310000
"NC_036865.1",22270000,0,0.0232782,0.205874,0.205874,"chr036865.1",22220001,22320000
"NC_036866.1",740000,0.212822,0.0525928,0.0349689,0.212822,"chr036866.1",690001,790000
"NC_036866.1",750000,0.218004,0.059933,0.0327749,0.218004,"chr036866.1",700001,8e+05
"NC_036866.1",760000,0.239467,0.0706151,0.03508,0.239467,"chr036866.1",710001,810000
"NC_036866.1",770000,0.235813,0.0694978,0.0314659,0.235813,"chr036866.1",720001,820000
"NC_036866.1",780000,0.229188,0.0674319,0.0294737,0.229188,"chr036866.1",730001,830000
"NC_036866.1",790000,0.227972,0.0712206,0.0322647,0.227972,"chr036866.1",740001,840000
"NC_036866.1",8e+05,0.231194,0.0697903,0.030564,0.231194,"chr036866.1",750001,850000
"NC_036866.1",810000,0.241169,0.0717545,0.029978,0.241169,"chr036866.1",760001,860000
"NC_036866.1",820000,0.225956,0.0657632,0.0244832,0.225956,"chr036866.1",770001,870000
"NC_036866.1",830000,0.2209,0.067553,0.0258609,0.2209,"chr036866.1",780001,880000
"NC_036866.1",2340000,0,0,0.220308,0.220308,"chr036866.1",2290001,2390000
"NC_036866.1",2350000,0,0.0129757,0.303106,0.303106,"chr036866.1",2300001,2400000
"NC_036866.1",2360000,0,0.0163526,0.289758,0.289758,"chr036866.1",2310001,2410000
"NC_036866.1",2370000,0,0.0271354,0.32404,0.32404,"chr036866.1",2320001,2420000
"NC_036866.1",2380000,0,0.0301649,0.320302,0.320302,"chr036866.1",2330001,2430000
"NC_036866.1",2390000,0,0.0310359,0.318354,0.318354,"chr036866.1",2340001,2440000
"NC_036866.1",2400000,0,0.0153598,0.227757,0.227757,"chr036866.1",2350001,2450000
"NC_036866.1",6010000,0.0357705,0.255535,0.0207338,0.255535,"chr036866.1",5960001,6060000
"NC_036866.1",6020000,0.0391196,0.277105,0.00892389,0.277105,"chr036866.1",5970001,6070000
"NC_036866.1",6030000,0.0344987,0.273385,0.00308097,0.273385,"chr036866.1",5980001,6080000
"NC_036866.1",6040000,0.0345325,0.249838,0.00626078,0.249838,"chr036866.1",5990001,6090000
"NC_036866.1",6050000,0.0334006,0.247229,0.00713465,0.247229,"chr036866.1",6000001,6100000
"NC_036866.1",6060000,0.0321649,0.269267,0,0.269267,"chr036866.1",6010001,6110000
"NC_036866.1",6070000,0.0426241,0.288243,0,0.288243,"chr036866.1",6020001,6120000
"NC_036866.1",6080000,0.0483467,0.287161,0,0.287161,"chr036866.1",6030001,6130000
"NC_036866.1",6090000,0.0452817,0.269061,0,0.269061,"chr036866.1",6040001,6140000
"NC_036866.1",6100000,0.0497302,0.295277,0,0.295277,"chr036866.1",6050001,6150000
"NC_036866.1",6110000,0.0419757,0.266361,0,0.266361,"chr036866.1",6060001,6160000
"NC_036866.1",6120000,0.041223,0.260953,0,0.260953,"chr036866.1",6070001,6170000
"NC_036866.1",6130000,0.0400658,0.279622,0,0.279622,"chr036866.1",6080001,6180000
"NC_036866.1",6140000,0.0421367,0.312513,0,0.312513,"chr036866.1",6090001,6190000
"NC_036866.1",6150000,0.0392017,0.293137,0,0.293137,"chr036866.1",6100001,6200000
"NC_036866.1",6160000,0.0403231,0.270976,0,0.270976,"chr036866.1",6110001,6210000
"NC_036866.1",6170000,0.0386843,0.262551,0,0.262551,"chr036866.1",6120001,6220000
"NC_036866.1",6850000,0,0,0.265797,0.265797,"chr036866.1",6800001,6900000
"NC_036866.1",6860000,0,0,0.337245,0.337245,"chr036866.1",6810001,6910000
"NC_036866.1",6870000,0,0,0.406851,0.406851,"chr036866.1",6820001,6920000
"NC_036866.1",6880000,0,0,0.381734,0.381734,"chr036866.1",6830001,6930000
"NC_036866.1",6890000,0,0,0.395215,0.395215,"chr036866.1",6840001,6940000
"NC_036866.1",6900000,0,0,0.380524,0.380524,"chr036866.1",6850001,6950000
"NC_036866.1",6910000,0,0,0.377057,0.377057,"chr036866.1",6860001,6960000
"NC_036866.1",6920000,0,0,0.359897,0.359897,"chr036866.1",6870001,6970000
"NC_036866.1",6930000,0,0,0.344106,0.344106,"chr036866.1",6880001,6980000
"NC_036866.1",6940000,0,0,0.314904,0.314904,"chr036866.1",6890001,6990000
"NC_036866.1",6950000,0,0,0.276334,0.276334,"chr036866.1",6900001,7e+06
"NC_036866.1",6960000,0,0,0.209355,0.209355,"chr036866.1",6910001,7010000
"NC_036866.1",8180000,0,0.0134731,0.202675,0.202675,"chr036866.1",8130001,8230000
"NC_036866.1",8190000,0,0,0.255948,0.255948,"chr036866.1",8140001,8240000
"NC_036866.1",8210000,0,0,0.220934,0.220934,"chr036866.1",8160001,8260000
"NC_036866.1",8220000,0,0,0.236725,0.236725,"chr036866.1",8170001,8270000
"NC_036866.1",8230000,0,0,0.247564,0.247564,"chr036866.1",8180001,8280000
"NC_036866.1",8240000,0,0,0.228298,0.228298,"chr036866.1",8190001,8290000
"NC_036866.1",8250000,0,0,0.255813,0.255813,"chr036866.1",8200001,8300000
"NC_036866.1",8260000,0,0,0.261129,0.261129,"chr036866.1",8210001,8310000
"NC_036866.1",8270000,0,0,0.27042,0.27042,"chr036866.1",8220001,8320000
"NC_036866.1",8280000,0,0,0.253668,0.253668,"chr036866.1",8230001,8330000
"NC_036866.1",8290000,0,0,0.243901,0.243901,"chr036866.1",8240001,8340000
"NC_036866.1",8300000,0,0,0.342187,0.342187,"chr036866.1",8250001,8350000
"NC_036866.1",8310000,0.0141819,0,0.316485,0.316485,"chr036866.1",8260001,8360000
"NC_036866.1",8320000,0.00506441,0,0.318434,0.318434,"chr036866.1",8270001,8370000
"NC_036866.1",8330000,0.00648511,0,0.315856,0.315856,"chr036866.1",8280001,8380000
"NC_036866.1",8340000,0,0,0.339615,0.339615,"chr036866.1",8290001,8390000
"NC_036866.1",8350000,0,0,0.283325,0.283325,"chr036866.1",8300001,8400000
"NC_036866.1",8360000,0,0,0.292251,0.292251,"chr036866.1",8310001,8410000
"NC_036866.1",8370000,0,0,0.306405,0.306405,"chr036866.1",8320001,8420000
"NC_036866.1",8380000,0,0,0.288624,0.288624,"chr036866.1",8330001,8430000
"NC_036866.1",8390000,0,0,0.319889,0.319889,"chr036866.1",8340001,8440000
"NC_036866.1",8400000,0,0,0.301984,0.301984,"chr036866.1",8350001,8450000
"NC_036866.1",8410000,0,0,0.430474,0.430474,"chr036866.1",8360001,8460000
"NC_036866.1",8420000,0,0,0.541545,0.541545,"chr036866.1",8370001,8470000
"NC_036866.1",8430000,0,0,0.533654,0.533654,"chr036866.1",8380001,8480000
"NC_036866.1",8440000,0,0,0.522133,0.522133,"chr036866.1",8390001,8490000
"NC_036866.1",8450000,0,0,0.520051,0.520051,"chr036866.1",8400001,8500000
"NC_036866.1",8460000,0,0,0.499396,0.499396,"chr036866.1",8410001,8510000
"NC_036866.1",8470000,0,0,0.494614,0.494614,"chr036866.1",8420001,8520000
"NC_036866.1",8480000,0,0,0.440584,0.440584,"chr036866.1",8430001,8530000
"NC_036866.1",8490000,0,0,0.435234,0.435234,"chr036866.1",8440001,8540000
"NC_036866.1",8500000,0,0,0.411901,0.411901,"chr036866.1",8450001,8550000
"NC_036866.1",8510000,0,0,0.355471,0.355471,"chr036866.1",8460001,8560000
"NC_036866.1",8830000,0.259336,0.0559801,0,0.259336,"chr036866.1",8780001,8880000
"NC_036866.1",8840000,0.269158,0.0494621,0,0.269158,"chr036866.1",8790001,8890000
"NC_036866.1",8850000,0.266221,0.0498086,0,0.266221,"chr036866.1",8800001,8900000
"NC_036866.1",8860000,0.275847,0.0548324,0,0.275847,"chr036866.1",8810001,8910000
"NC_036866.1",8870000,0.220934,0.046387,0,0.220934,"chr036866.1",8820001,8920000
"NC_036866.1",8900000,0.209619,0.0300505,0,0.209619,"chr036866.1",8850001,8950000
"NC_036866.1",9310000,0.205429,0.092891,0,0.205429,"chr036866.1",9260001,9360000
"NC_036866.1",12080000,0.201385,0,0.157328,0.201385,"chr036866.1",12030001,12130000
"NC_036866.1",12090000,0.204834,0,0.159394,0.204834,"chr036866.1",12040001,12140000
"NC_036866.1",12100000,0.20097,0,0.156215,0.20097,"chr036866.1",12050001,12150000
"NC_036866.1",12110000,0.200257,0,0.152038,0.200257,"chr036866.1",12060001,12160000
"NC_036866.1",14730000,0,0.000581058,0.264754,0.264754,"chr036866.1",14680001,14780000
"NC_036866.1",14740000,0,0,0.218405,0.218405,"chr036866.1",14690001,14790000
"NC_036866.1",16690000,0,0.217888,0.0122886,0.217888,"chr036866.1",16640001,16740000
"NC_036866.1",16700000,0,0.237981,0.0190209,0.237981,"chr036866.1",16650001,16750000
"NC_036866.1",16710000,0,0.245529,0.0195405,0.245529,"chr036866.1",16660001,16760000
"NC_036866.1",16720000,0,0.23365,0.018305,0.23365,"chr036866.1",16670001,16770000
"NC_036866.1",16730000,0,0.253051,0.022612,0.253051,"chr036866.1",16680001,16780000
"NC_036866.1",16740000,0,0.220285,0.0131199,0.220285,"chr036866.1",16690001,16790000
"NC_036866.1",16750000,0,0.331168,0.0283221,0.331168,"chr036866.1",16700001,16800000
"NC_036866.1",16760000,0,0.283664,0.0112496,0.283664,"chr036866.1",16710001,16810000
"NC_036866.1",16770000,0,0.288644,0.00494465,0.288644,"chr036866.1",16720001,16820000
"NC_036866.1",16780000,0,0.269038,0.00443993,0.269038,"chr036866.1",16730001,16830000
"NC_036866.1",16790000,0,0.26034,0,0.26034,"chr036866.1",16740001,16840000
"NC_036866.1",16820000,0,0.200978,0,0.200978,"chr036866.1",16770001,16870000
"NC_036866.1",16830000,0,0.243216,0,0.243216,"chr036866.1",16780001,16880000
"NC_036866.1",16840000,0,0.268628,0.00315207,0.268628,"chr036866.1",16790001,16890000
"NC_036866.1",16850000,0,0.288192,0,0.288192,"chr036866.1",16800001,16900000
"NC_036866.1",16860000,0.00471691,0.224587,0.00838191,0.224587,"chr036866.1",16810001,16910000
"NC_036866.1",16900000,0.0046712,0.208929,0.00518717,0.208929,"chr036866.1",16850001,16950000
"NC_036866.1",16970000,0.0382914,0.206844,0,0.206844,"chr036866.1",16920001,17020000
"NC_036866.1",16980000,0.0365425,0.212683,0,0.212683,"chr036866.1",16930001,17030000
"NC_036866.1",16990000,0.0332737,0.206183,0,0.206183,"chr036866.1",16940001,17040000
"NC_036866.1",17010000,0.0265167,0.236361,0,0.236361,"chr036866.1",16960001,17060000
"NC_036866.1",17210000,0.00700326,0.25354,0.011538,0.25354,"chr036866.1",17160001,17260000
"NC_036866.1",17220000,0.00138826,0.249612,0.00108826,0.249612,"chr036866.1",17170001,17270000
"NC_036866.1",17230000,0,0.241531,0,0.241531,"chr036866.1",17180001,17280000
"NC_036866.1",17240000,0,0.238211,0,0.238211,"chr036866.1",17190001,17290000
"NC_036866.1",17250000,0,0.347376,0,0.347376,"chr036866.1",17200001,17300000
"NC_036866.1",17260000,0,0.336566,0,0.336566,"chr036866.1",17210001,17310000
"NC_036866.1",17270000,0,0.33462,0,0.33462,"chr036866.1",17220001,17320000
"NC_036866.1",17280000,0,0.315304,0,0.315304,"chr036866.1",17230001,17330000
"NC_036866.1",17290000,0,0.277815,0,0.277815,"chr036866.1",17240001,17340000
"NC_036866.1",17300000,0,0.259038,0,0.259038,"chr036866.1",17250001,17350000
"NC_036866.1",17310000,0,0.222407,0,0.222407,"chr036866.1",17260001,17360000
"NC_036866.1",17340000,0.00511683,0.203509,0,0.203509,"chr036866.1",17290001,17390000
"NC_036866.1",17460000,0.0198337,0.201668,0.055991,0.201668,"chr036866.1",17410001,17510000
"NC_036866.1",17470000,0.0138944,0.253573,0.065538,0.253573,"chr036866.1",17420001,17520000
"NC_036866.1",17480000,0.0054699,0.265652,0.0672339,0.265652,"chr036866.1",17430001,17530000
"NC_036866.1",17490000,0,0.254611,0.0560025,0.254611,"chr036866.1",17440001,17540000
"NC_036866.1",17500000,0,0.254782,0.0567562,0.254782,"chr036866.1",17450001,17550000
"NC_036866.1",17510000,0,0.290255,0.0906559,0.290255,"chr036866.1",17460001,17560000
"NC_036866.1",17520000,0,0.292472,0.0670344,0.292472,"chr036866.1",17470001,17570000
"NC_036866.1",17530000,0,0.324174,0.0593095,0.324174,"chr036866.1",17480001,17580000
"NC_036866.1",17540000,0,0.477523,0,0.477523,"chr036866.1",17490001,17590000
"NC_036866.1",17550000,0,0.505183,0,0.505183,"chr036866.1",17500001,17600000
"NC_036866.1",17560000,0,0.478338,0,0.478338,"chr036866.1",17510001,17610000
"NC_036866.1",17570000,0,0.348724,0,0.348724,"chr036866.1",17520001,17620000
"NC_036866.1",17580000,0,0.340103,0,0.340103,"chr036866.1",17530001,17630000
"NC_036866.1",17590000,0,0.371665,0,0.371665,"chr036866.1",17540001,17640000
"NC_036866.1",17600000,0,0.37625,0,0.37625,"chr036866.1",17550001,17650000
"NC_036866.1",17610000,0,0.305747,0,0.305747,"chr036866.1",17560001,17660000
"NC_036866.1",17620000,0,0.296537,0,0.296537,"chr036866.1",17570001,17670000
"NC_036866.1",17770000,0,0.227126,0,0.227126,"chr036866.1",17720001,17820000
"NC_036866.1",17800000,0,0.201716,0.0343797,0.201716,"chr036866.1",17750001,17850000
"NC_036866.1",17810000,0,0.205375,0.0267486,0.205375,"chr036866.1",17760001,17860000
"NC_036866.1",17820000,0,0.218981,0.0306562,0.218981,"chr036866.1",17770001,17870000
"NC_036866.1",17830000,0,0.267646,0.0292419,0.267646,"chr036866.1",17780001,17880000
"NC_036866.1",17840000,0,0.268719,0.032809,0.268719,"chr036866.1",17790001,17890000
"NC_036866.1",17850000,0,0.262718,0.0271817,0.262718,"chr036866.1",17800001,17900000
"NC_036866.1",17860000,0,0.30692,0.0214026,0.30692,"chr036866.1",17810001,17910000
"NC_036866.1",17880000,0,0.201178,0.00802255,0.201178,"chr036866.1",17830001,17930000
"NC_036866.1",17890000,0.0046644,0.210393,0,0.210393,"chr036866.1",17840001,17940000
"NC_036866.1",17900000,0.00271017,0.211197,0,0.211197,"chr036866.1",17850001,17950000
"NC_036866.1",17910000,0.00312556,0.205553,0,0.205553,"chr036866.1",17860001,17960000
"NC_036866.1",17920000,0.00794417,0.200649,0,0.200649,"chr036866.1",17870001,17970000
"NC_036866.1",1.8e+07,0,0.207484,0,0.207484,"chr036866.1",17950001,18050000
"NC_036866.1",18010000,0,0.228514,0,0.228514,"chr036866.1",17960001,18060000
"NC_036866.1",18020000,0,0.229484,0,0.229484,"chr036866.1",17970001,18070000
"NC_036866.1",18030000,0,0.280826,0,0.280826,"chr036866.1",17980001,18080000
"NC_036866.1",18040000,0,0.26836,0,0.26836,"chr036866.1",17990001,18090000
"NC_036866.1",18050000,0,0.238197,0,0.238197,"chr036866.1",18000001,18100000
"NC_036866.1",18060000,0,0.205313,0,0.205313,"chr036866.1",18010001,18110000
"NC_036866.1",22080000,0.0603274,0.0710856,0.207503,0.207503,"chr036866.1",22030001,22130000
"NC_036866.1",22090000,0.0616241,0.0837855,0.202975,0.202975,"chr036866.1",22040001,22140000
"NC_036866.1",22100000,0.0811653,0.0877958,0.219937,0.219937,"chr036866.1",22050001,22150000
"NC_036866.1",22110000,0.0743545,0.0795451,0.200795,0.200795,"chr036866.1",22060001,22160000
"NC_036866.1",22760000,0.3,0,0,0.3,"chr036866.1",22710001,22810000
"NC_036866.1",22770000,0.435484,0,0,0.435484,"chr036866.1",22720001,22820000
"NC_036866.1",22780000,0.452847,0,0,0.452847,"chr036866.1",22730001,22830000
"NC_036866.1",22790000,0.409577,0,0,0.409577,"chr036866.1",22740001,22840000
"NC_036866.1",22800000,0.41619,0,0,0.41619,"chr036866.1",22750001,22850000
"NC_036866.1",22810000,0.3722,0,0,0.3722,"chr036866.1",22760001,22860000
"NC_036866.1",22820000,0.289905,0,0,0.289905,"chr036866.1",22770001,22870000
"NC_036866.1",22830000,0.28877,0,0,0.28877,"chr036866.1",22780001,22880000
"NC_036866.1",22840000,0.300633,0,0,0.300633,"chr036866.1",22790001,22890000
"NC_036866.1",22850000,0.327599,0,0,0.327599,"chr036866.1",22800001,22900000
"NC_036866.1",22860000,0.307002,0,0,0.307002,"chr036866.1",22810001,22910000
"NC_036866.1",22870000,0.273533,0,0,0.273533,"chr036866.1",22820001,22920000
"NC_036866.1",22880000,0.261986,0,0,0.261986,"chr036866.1",22830001,22930000
"NC_036866.1",22890000,0.335816,0,0,0.335816,"chr036866.1",22840001,22940000
"NC_036866.1",22900000,0.334283,0,0,0.334283,"chr036866.1",22850001,22950000
"NC_036866.1",22910000,0.358983,0,0,0.358983,"chr036866.1",22860001,22960000
"NC_036866.1",22920000,0.453282,0,0,0.453282,"chr036866.1",22870001,22970000
"NC_036866.1",22930000,0.431862,0,0,0.431862,"chr036866.1",22880001,22980000
"NC_036866.1",22940000,0.423823,0,0,0.423823,"chr036866.1",22890001,22990000
"NC_036866.1",22950000,0.379551,0,0,0.379551,"chr036866.1",22900001,2.3e+07
"NC_036866.1",22960000,0.400895,0,0,0.400895,"chr036866.1",22910001,23010000
"NC_036866.1",22970000,0.411048,0,0,0.411048,"chr036866.1",22920001,23020000
"NC_036866.1",22980000,0.390323,0,0,0.390323,"chr036866.1",22930001,23030000
"NC_036866.1",22990000,0.378241,0,0,0.378241,"chr036866.1",22940001,23040000
"NC_036866.1",2.3e+07,0.385704,0,0,0.385704,"chr036866.1",22950001,23050000
"NC_036866.1",23010000,0.382569,0,0,0.382569,"chr036866.1",22960001,23060000
"NC_036866.1",23020000,0.389897,0,0,0.389897,"chr036866.1",22970001,23070000
"NC_036866.1",23030000,0.404291,0,0,0.404291,"chr036866.1",22980001,23080000
"NC_036866.1",23040000,0.408113,0,0,0.408113,"chr036866.1",22990001,23090000
"NC_036866.1",23050000,0.433431,0,0,0.433431,"chr036866.1",23000001,23100000
"NC_036866.1",23060000,0.435892,0,0,0.435892,"chr036866.1",23010001,23110000
"NC_036866.1",23070000,0.387432,0,0,0.387432,"chr036866.1",23020001,23120000
"NC_036866.1",23080000,0.40143,0,0,0.40143,"chr036866.1",23030001,23130000
"NC_036866.1",23090000,0.35271,0,0,0.35271,"chr036866.1",23040001,23140000
"NC_036866.1",23100000,0.332267,0,0,0.332267,"chr036866.1",23050001,23150000
"NC_036866.1",23110000,0.353391,0,0,0.353391,"chr036866.1",23060001,23160000
"NC_036866.1",23120000,0.362102,0,0,0.362102,"chr036866.1",23070001,23170000
"NC_036866.1",23130000,0.232418,0,0,0.232418,"chr036866.1",23080001,23180000
"NC_036866.1",23140000,0.237872,0,0,0.237872,"chr036866.1",23090001,23190000
"NC_036866.1",23150000,0.236818,0,0,0.236818,"chr036866.1",23100001,23200000
"NC_036866.1",23160000,0.228882,0,0,0.228882,"chr036866.1",23110001,23210000
"NC_036866.1",23170000,0.217855,0,0,0.217855,"chr036866.1",23120001,23220000
"NC_036866.1",23230000,0.303856,0,0,0.303856,"chr036866.1",23180001,23280000
"NC_036866.1",23240000,0.297994,0,0,0.297994,"chr036866.1",23190001,23290000
"NC_036866.1",23250000,0.303282,0,0,0.303282,"chr036866.1",23200001,23300000
"NC_036866.1",23260000,0.282578,0,0,0.282578,"chr036866.1",23210001,23310000
"NC_036866.1",23270000,0.232815,0,0,0.232815,"chr036866.1",23220001,23320000
"NC_036866.1",23280000,0.233558,0,0,0.233558,"chr036866.1",23230001,23330000
"NC_036866.1",23290000,0.23149,0,0,0.23149,"chr036866.1",23240001,23340000
"NC_036866.1",26660000,0.0129783,0.00127931,0.20958,0.20958,"chr036866.1",26610001,26710000
"NC_036866.1",26670000,0.00836633,0,0.21006,0.21006,"chr036866.1",26620001,26720000
"NC_036866.1",26680000,0.00591909,0,0.229907,0.229907,"chr036866.1",26630001,26730000
"NC_036866.1",26690000,0.00308301,0,0.22826,0.22826,"chr036866.1",26640001,26740000
"NC_036866.1",26700000,0,0,0.248233,0.248233,"chr036866.1",26650001,26750000
"NC_036866.1",26710000,0.00048347,0,0.267297,0.267297,"chr036866.1",26660001,26760000
"NC_036866.1",26720000,0,0,0.340235,0.340235,"chr036866.1",26670001,26770000
"NC_036866.1",26730000,0,0,0.391046,0.391046,"chr036866.1",26680001,26780000
"NC_036866.1",26740000,0,0,0.425409,0.425409,"chr036866.1",26690001,26790000
"NC_036866.1",26750000,0,0,0.491537,0.491537,"chr036866.1",26700001,26800000
"NC_036866.1",26760000,0,0,0.422189,0.422189,"chr036866.1",26710001,26810000
"NC_036866.1",26770000,0,0,0.396469,0.396469,"chr036866.1",26720001,26820000
"NC_036866.1",26780000,0,0,0.2716,0.2716,"chr036866.1",26730001,26830000
"NC_036866.1",26790000,0,0,0.272394,0.272394,"chr036866.1",26740001,26840000
"NC_036866.1",26800000,0,0,0.249492,0.249492,"chr036866.1",26750001,26850000
"NC_036866.1",26810000,0.0049608,0.00687018,0.201389,0.201389,"chr036866.1",26760001,26860000
"NC_036866.1",34980000,0.000563028,0.201609,0,0.201609,"chr036866.1",34930001,35030000
"NC_036866.1",34990000,0,0.266527,0,0.266527,"chr036866.1",34940001,35040000
"NC_036866.1",3.5e+07,0.0049526,0.266867,0,0.266867,"chr036866.1",34950001,35050000
"NC_036866.1",35010000,0,0.226859,0,0.226859,"chr036866.1",34960001,35060000
"NC_036866.1",35400000,0,0.203879,0,0.203879,"chr036866.1",35350001,35450000
"NC_036866.1",35410000,0,0.245167,0,0.245167,"chr036866.1",35360001,35460000
"NC_036866.1",35420000,0,0.322024,0,0.322024,"chr036866.1",35370001,35470000
"NC_036866.1",35430000,0,0.332993,0,0.332993,"chr036866.1",35380001,35480000
"NC_036866.1",35440000,0,0.276844,0,0.276844,"chr036866.1",35390001,35490000
"NC_036866.1",35450000,0,0.24692,0,0.24692,"chr036866.1",35400001,35500000
"NC_036866.1",35460000,0,0.226552,0,0.226552,"chr036866.1",35410001,35510000
"NC_036866.1",35470000,0,0.227117,0,0.227117,"chr036866.1",35420001,35520000
"NC_036866.1",36230000,0,0,0.20833,0.20833,"chr036866.1",36180001,36280000
"NC_036866.1",36240000,0,0,0.208866,0.208866,"chr036866.1",36190001,36290000
"NC_036866.1",40490000,0.0681902,0.206524,0.148888,0.206524,"chr036866.1",40440001,40540000
"NC_036866.1",40500000,0.0639405,0.206507,0.1327,0.206507,"chr036866.1",40450001,40550000
"NC_036866.1",40510000,0.0718324,0.216381,0.104755,0.216381,"chr036866.1",40460001,40560000
"NC_036866.1",40520000,0.0742333,0.24427,0.110382,0.24427,"chr036866.1",40470001,40570000
"NC_036866.1",40530000,0.0714946,0.235438,0.113164,0.235438,"chr036866.1",40480001,40580000
"NC_036866.1",40540000,0.0802401,0.241644,0.135829,0.241644,"chr036866.1",40490001,40590000
"NC_036866.1",40550000,0.0974393,0.236174,0.156301,0.236174,"chr036866.1",40500001,40600000
"NC_036866.1",41620000,0.00162579,0,0.300382,0.300382,"chr036866.1",41570001,41670000
"NC_036866.1",41630000,0,0,0.307119,0.307119,"chr036866.1",41580001,41680000
"NC_036866.1",41640000,0,0,0.311701,0.311701,"chr036866.1",41590001,41690000
"NC_036866.1",41650000,0,0,0.321132,0.321132,"chr036866.1",41600001,41700000
"NC_036866.1",41660000,0,0,0.326069,0.326069,"chr036866.1",41610001,41710000
"NC_036866.1",41670000,0,0,0.334953,0.334953,"chr036866.1",41620001,41720000
"NC_036866.1",41680000,0,0,0.319968,0.319968,"chr036866.1",41630001,41730000
"NC_036866.1",41690000,0.0010719,0,0.298161,0.298161,"chr036866.1",41640001,41740000
"NC_036866.1",41700000,0.00392495,0,0.292222,0.292222,"chr036866.1",41650001,41750000
"NC_036866.1",41710000,0.00636372,0,0.293641,0.293641,"chr036866.1",41660001,41760000
"NC_036866.1",41720000,0.0147957,0,0.236087,0.236087,"chr036866.1",41670001,41770000
"NC_036866.1",41730000,0.000963023,0,0.230215,0.230215,"chr036866.1",41680001,41780000
"NC_036866.1",41740000,0,0,0.216199,0.216199,"chr036866.1",41690001,41790000
"NC_036866.1",42780000,0.202092,0.0276902,0.0148357,0.202092,"chr036866.1",42730001,42830000
"NC_036866.1",42790000,0.260585,0.0670913,0.0132147,0.260585,"chr036866.1",42740001,42840000
"NC_036866.1",42800000,0.287716,0.0708908,0.00819122,0.287716,"chr036866.1",42750001,42850000
"NC_036866.1",42810000,0.217532,0.0556472,0.00380707,0.217532,"chr036866.1",42760001,42860000
"NC_036866.1",42820000,0.228201,0.0556855,0.00216731,0.228201,"chr036866.1",42770001,42870000
"NC_036866.1",43400000,0.0386199,0.204601,0.00153218,0.204601,"chr036866.1",43350001,43450000
"NC_036866.1",43540000,0.00903866,0,0.260423,0.260423,"chr036866.1",43490001,43590000
"NC_036866.1",43550000,0.0215114,0,0.302344,0.302344,"chr036866.1",43500001,43600000
"NC_036866.1",43560000,0.00941574,0,0.350667,0.350667,"chr036866.1",43510001,43610000
"NC_036866.1",43570000,0,0,0.32981,0.32981,"chr036866.1",43520001,43620000
"NC_036866.1",43580000,0,0,0.318541,0.318541,"chr036866.1",43530001,43630000
"NC_036866.1",43590000,0,0,0.395323,0.395323,"chr036866.1",43540001,43640000
"NC_036866.1",43600000,0,0,0.305434,0.305434,"chr036866.1",43550001,43650000
"NC_036866.1",43610000,0,0,0.304646,0.304646,"chr036866.1",43560001,43660000
"NC_036866.1",43620000,0,0,0.318648,0.318648,"chr036866.1",43570001,43670000
"NC_036866.1",43630000,0,0,0.26389,0.26389,"chr036866.1",43580001,43680000
"NC_036866.1",43640000,0.000877697,0,0.229046,0.229046,"chr036866.1",43590001,43690000
"NC_036866.1",43650000,0,0,0.224182,0.224182,"chr036866.1",43600001,43700000
"NC_036866.1",43740000,0,0,0.232715,0.232715,"chr036866.1",43690001,43790000
"NC_036866.1",43870000,0.0405694,0,0.263494,0.263494,"chr036866.1",43820001,43920000
"NC_036866.1",43880000,0.0252764,0,0.277526,0.277526,"chr036866.1",43830001,43930000
"NC_036866.1",43890000,0.0546751,0.0396859,0.317685,0.317685,"chr036866.1",43840001,43940000
"NC_036866.1",43900000,0.055762,0.0165034,0.339544,0.339544,"chr036866.1",43850001,43950000
"NC_036866.1",43910000,0.0406317,0.0190082,0.351479,0.351479,"chr036866.1",43860001,43960000
"NC_036866.1",43920000,0.0342857,0.0186463,0.345039,0.345039,"chr036866.1",43870001,43970000
"NC_036866.1",43930000,0.0380937,0.0242225,0.382594,0.382594,"chr036866.1",43880001,43980000
"NC_036866.1",43940000,0.0219745,0.0242735,0.248651,0.248651,"chr036866.1",43890001,43990000
"NC_036866.1",43950000,0.0152955,0.0213,0.219555,0.219555,"chr036866.1",43900001,4.4e+07
"NC_036866.1",43960000,0.0076502,0.0216505,0.223431,0.223431,"chr036866.1",43910001,44010000
"NC_036866.1",44930000,0,0.0015244,0.205262,0.205262,"chr036866.1",44880001,44980000
"NC_036866.1",44940000,0,0,0.207943,0.207943,"chr036866.1",44890001,44990000
"NC_036866.1",44960000,0.00303418,0,0.224418,0.224418,"chr036866.1",44910001,45010000
"NC_036866.1",44970000,0.0113571,0,0.226147,0.226147,"chr036866.1",44920001,45020000
"NC_036866.1",44990000,0.0160277,0,0.286269,0.286269,"chr036866.1",44940001,45040000
"NC_036866.1",4.5e+07,0.0143195,0,0.294682,0.294682,"chr036866.1",44950001,45050000
"NC_036866.1",45010000,0.00365579,0,0.329847,0.329847,"chr036866.1",44960001,45060000
"NC_036866.1",45020000,0.0141707,0,0.339192,0.339192,"chr036866.1",44970001,45070000
"NC_036866.1",45030000,0.00933891,0,0.328404,0.328404,"chr036866.1",44980001,45080000
"NC_036866.1",45040000,0,0,0.469074,0.469074,"chr036866.1",44990001,45090000
"NC_036866.1",45050000,0,0.0123332,0.508485,0.508485,"chr036866.1",45000001,45100000
"NC_036866.1",45060000,0,0.00564426,0.46969,0.46969,"chr036866.1",45010001,45110000
"NC_036866.1",45070000,0,0,0.412041,0.412041,"chr036866.1",45020001,45120000
"NC_036866.1",45080000,0.00789925,0,0.359016,0.359016,"chr036866.1",45030001,45130000
"NC_036866.1",45090000,0.0235959,0,0.249404,0.249404,"chr036866.1",45040001,45140000
"NC_036866.1",45100000,0.0634308,0,0.213451,0.213451,"chr036866.1",45050001,45150000
"NC_036866.1",45130000,0.0531221,0,0.236403,0.236403,"chr036866.1",45080001,45180000
"NC_036866.1",45190000,0.0492503,0,0.238078,0.238078,"chr036866.1",45140001,45240000
"NC_036866.1",45200000,0,0,0.305166,0.305166,"chr036866.1",45150001,45250000
"NC_036866.1",45210000,0,0,0.285515,0.285515,"chr036866.1",45160001,45260000
"NC_036866.1",45220000,0,0.00992954,0.235195,0.235195,"chr036866.1",45170001,45270000
"NC_036866.1",46700000,0.233557,0.0402366,0,0.233557,"chr036866.1",46650001,46750000
"NC_036867.1",1500000,0.178924,0.25138,0.262478,0.262478,"chr036867.1",1450001,1550000
"NC_036867.1",1510000,0.203137,0.278409,0.280859,0.280859,"chr036867.1",1460001,1560000
"NC_036867.1",1520000,0.202088,0.260164,0.278376,0.278376,"chr036867.1",1470001,1570000
"NC_036867.1",1530000,0.200956,0.273572,0.287986,0.287986,"chr036867.1",1480001,1580000
"NC_036867.1",1540000,0.279339,0.311552,0.330943,0.330943,"chr036867.1",1490001,1590000
"NC_036867.1",1550000,0.290206,0.269006,0.303563,0.303563,"chr036867.1",1500001,1600000
"NC_036867.1",1560000,0.301014,0.250874,0.289672,0.301014,"chr036867.1",1510001,1610000
"NC_036867.1",1570000,0.343071,0.247618,0.286125,0.343071,"chr036867.1",1520001,1620000
"NC_036867.1",1580000,0.36327,0.235633,0.289307,0.36327,"chr036867.1",1530001,1630000
"NC_036867.1",1590000,0.372373,0.207016,0.275901,0.372373,"chr036867.1",1540001,1640000
"NC_036867.1",1600000,0.339201,0.10094,0.202713,0.339201,"chr036867.1",1550001,1650000
"NC_036867.1",1610000,0.326829,0.042822,0.156615,0.326829,"chr036867.1",1560001,1660000
"NC_036867.1",1620000,0.243602,0.0197689,0.114156,0.243602,"chr036867.1",1570001,1670000
"NC_036867.1",1630000,0.237693,0.0152155,0.109045,0.237693,"chr036867.1",1580001,1680000
"NC_036867.1",4880000,0.201625,0,0,0.201625,"chr036867.1",4830001,4930000
"NC_036867.1",4900000,0.202819,0,0,0.202819,"chr036867.1",4850001,4950000
"NC_036867.1",4940000,0.205489,0,0,0.205489,"chr036867.1",4890001,4990000
"NC_036867.1",6270000,0,0,0.221974,0.221974,"chr036867.1",6220001,6320000
"NC_036867.1",6280000,0,0,0.201941,0.201941,"chr036867.1",6230001,6330000
"NC_036867.1",6300000,0.00506953,0,0.241684,0.241684,"chr036867.1",6250001,6350000
"NC_036867.1",6310000,0.0133931,0,0.272703,0.272703,"chr036867.1",6260001,6360000
"NC_036867.1",6320000,0.00821089,0,0.204424,0.204424,"chr036867.1",6270001,6370000
"NC_036867.1",10220000,0,0,0.214187,0.214187,"chr036867.1",10170001,10270000
"NC_036867.1",10230000,0,0,0.229196,0.229196,"chr036867.1",10180001,10280000
"NC_036867.1",10240000,0,0,0.231698,0.231698,"chr036867.1",10190001,10290000
"NC_036867.1",10250000,0,0,0.240053,0.240053,"chr036867.1",10200001,10300000
"NC_036867.1",10260000,0,0,0.24427,0.24427,"chr036867.1",10210001,10310000
"NC_036867.1",10270000,0,0,0.245811,0.245811,"chr036867.1",10220001,10320000
"NC_036867.1",10280000,0,0,0.249808,0.249808,"chr036867.1",10230001,10330000
"NC_036867.1",10290000,0,0,0.237474,0.237474,"chr036867.1",10240001,10340000
"NC_036867.1",10300000,0,0,0.243019,0.243019,"chr036867.1",10250001,10350000
"NC_036867.1",10310000,0,0,0.208757,0.208757,"chr036867.1",10260001,10360000
"NC_036867.1",12680000,0.0601426,0.199547,0,0.199547,"chr036867.1",12630001,12730000
"NC_036867.1",12690000,0.07437,0.235278,0,0.235278,"chr036867.1",12640001,12740000
"NC_036867.1",12700000,0.0765679,0.277325,0.0754041,0.277325,"chr036867.1",12650001,12750000
"NC_036867.1",12710000,0.0672392,0.28829,0.0493607,0.28829,"chr036867.1",12660001,12760000
"NC_036867.1",12720000,0.0731488,0.316765,0.0569079,0.316765,"chr036867.1",12670001,12770000
"NC_036867.1",12730000,0.0578907,0.367227,0.0638604,0.367227,"chr036867.1",12680001,12780000
"NC_036867.1",12740000,0.0532714,0.435961,0.0692043,0.435961,"chr036867.1",12690001,12790000
"NC_036867.1",12750000,0.0469511,0.45384,0.069669,0.45384,"chr036867.1",12700001,12800000
"NC_036867.1",12760000,0.0334081,0.453579,0.0854,0.453579,"chr036867.1",12710001,12810000
"NC_036867.1",12770000,0.0266103,0.447945,0.0828285,0.447945,"chr036867.1",12720001,12820000
"NC_036867.1",12780000,0.0127898,0.440294,0.0899644,0.440294,"chr036867.1",12730001,12830000
"NC_036867.1",12790000,0,0.427491,0.0869792,0.427491,"chr036867.1",12740001,12840000
"NC_036867.1",12800000,0,0.391755,0.0431476,0.391755,"chr036867.1",12750001,12850000
"NC_036867.1",12810000,0,0.391973,0.0579248,0.391973,"chr036867.1",12760001,12860000
"NC_036867.1",12820000,0,0.364211,0.0551434,0.364211,"chr036867.1",12770001,12870000
"NC_036867.1",12830000,0,0.273216,0.0327079,0.273216,"chr036867.1",12780001,12880000
"NC_036867.1",13250000,0.0293031,0.0176865,0.214627,0.214627,"chr036867.1",13200001,13300000
"NC_036867.1",13260000,0.040662,0.0389666,0.211601,0.211601,"chr036867.1",13210001,13310000
"NC_036867.1",13270000,0.0635686,0.047217,0.208433,0.208433,"chr036867.1",13220001,13320000
"NC_036867.1",13280000,0.0787125,0.0373825,0.235917,0.235917,"chr036867.1",13230001,13330000
"NC_036867.1",13290000,0.105011,0.0476962,0.285132,0.285132,"chr036867.1",13240001,13340000
"NC_036867.1",13300000,0.113888,0.0439763,0.296685,0.296685,"chr036867.1",13250001,13350000
"NC_036867.1",13310000,0.133932,0.0712298,0.313317,0.313317,"chr036867.1",13260001,13360000
"NC_036867.1",13320000,0.158131,0.112871,0.308626,0.308626,"chr036867.1",13270001,13370000
"NC_036867.1",13330000,0.167301,0.137488,0.29315,0.29315,"chr036867.1",13280001,13380000
"NC_036867.1",13340000,0.237408,0.23897,0.249288,0.249288,"chr036867.1",13290001,13390000
"NC_036867.1",13350000,0.248295,0.267587,0.243819,0.267587,"chr036867.1",13300001,13400000
"NC_036867.1",13360000,0.225223,0.208032,0.227027,0.227027,"chr036867.1",13310001,13410000
"NC_036867.1",13370000,0.231113,0.224465,0.240911,0.240911,"chr036867.1",13320001,13420000
"NC_036867.1",13380000,0.217115,0.178962,0.197275,0.217115,"chr036867.1",13330001,13430000
"NC_036867.1",15370000,0.208996,0,0,0.208996,"chr036867.1",15320001,15420000
"NC_036867.1",15380000,0.227188,0,0,0.227188,"chr036867.1",15330001,15430000
"NC_036867.1",15390000,0.229452,0.0137146,0,0.229452,"chr036867.1",15340001,15440000
"NC_036867.1",15400000,0.268744,0.0244487,0,0.268744,"chr036867.1",15350001,15450000
"NC_036867.1",15690000,0.162943,0.217103,0,0.217103,"chr036867.1",15640001,15740000
"NC_036867.1",15700000,0.16751,0.216471,0,0.216471,"chr036867.1",15650001,15750000
"NC_036867.1",15710000,0.17627,0.21624,0,0.21624,"chr036867.1",15660001,15760000
"NC_036867.1",15720000,0.181249,0.214552,0,0.214552,"chr036867.1",15670001,15770000
"NC_036867.1",15730000,0.194494,0.213437,0,0.213437,"chr036867.1",15680001,15780000
"NC_036867.1",15740000,0.222065,0.204326,0,0.222065,"chr036867.1",15690001,15790000
"NC_036867.1",15750000,0.233324,0.188788,0,0.233324,"chr036867.1",15700001,15800000
"NC_036867.1",15760000,0.259112,0.175275,0,0.259112,"chr036867.1",15710001,15810000
"NC_036867.1",15770000,0.283818,0.162148,0,0.283818,"chr036867.1",15720001,15820000
"NC_036867.1",15780000,0.297808,0.125919,0,0.297808,"chr036867.1",15730001,15830000
"NC_036867.1",15790000,0.302784,0.0900064,0,0.302784,"chr036867.1",15740001,15840000
"NC_036867.1",15800000,0.326172,0.0600198,0.00597852,0.326172,"chr036867.1",15750001,15850000
"NC_036867.1",15810000,0.35829,0.0340586,0.0246935,0.35829,"chr036867.1",15760001,15860000
"NC_036867.1",15820000,0.388519,0.0281589,0.0327357,0.388519,"chr036867.1",15770001,15870000
"NC_036867.1",15830000,0.376828,0.0232126,0.0344457,0.376828,"chr036867.1",15780001,15880000
"NC_036867.1",15840000,0.350481,0.0226305,0.0305934,0.350481,"chr036867.1",15790001,15890000
"NC_036867.1",15850000,0.358134,0.024066,0.0367272,0.358134,"chr036867.1",15800001,15900000
"NC_036867.1",15860000,0.297186,0.0157454,0.0357164,0.297186,"chr036867.1",15810001,15910000
"NC_036867.1",15870000,0.229379,0.0104952,0.0450095,0.229379,"chr036867.1",15820001,15920000
"NC_036867.1",16300000,0.00487738,0.203626,0,0.203626,"chr036867.1",16250001,16350000
"NC_036867.1",16310000,0.00869263,0.236925,0,0.236925,"chr036867.1",16260001,16360000
"NC_036867.1",16330000,0,0.21003,0,0.21003,"chr036867.1",16280001,16380000
"NC_036867.1",18010000,0,0.00865506,0.223185,0.223185,"chr036867.1",17960001,18060000
"NC_036867.1",18020000,0,0.00472937,0.298204,0.298204,"chr036867.1",17970001,18070000
"NC_036867.1",18310000,0.230011,0,0,0.230011,"chr036867.1",18260001,18360000
"NC_036867.1",18320000,0.230011,0,0,0.230011,"chr036867.1",18270001,18370000
"NC_036867.1",18330000,0.21598,0,0,0.21598,"chr036867.1",18280001,18380000
"NC_036867.1",18340000,0.316538,0,0,0.316538,"chr036867.1",18290001,18390000
"NC_036867.1",18350000,0.316538,0,0,0.316538,"chr036867.1",18300001,18400000
"NC_036867.1",18450000,0,0,0.216486,0.216486,"chr036867.1",18400001,18500000
"NC_036867.1",18460000,0,0,0.218744,0.218744,"chr036867.1",18410001,18510000
"NC_036867.1",20860000,0.0310803,0.0200357,0.246013,0.246013,"chr036867.1",20810001,20910000
"NC_036867.1",20870000,0.0299546,0.0188044,0.260466,0.260466,"chr036867.1",20820001,20920000
"NC_036867.1",20880000,0.0232566,0.0093871,0.21464,0.21464,"chr036867.1",20830001,20930000
"NC_036867.1",20890000,0.045159,0,0.23806,0.23806,"chr036867.1",20840001,20940000
"NC_036867.1",20900000,0.0353852,0,0.235141,0.235141,"chr036867.1",20850001,20950000
"NC_036867.1",20910000,0.0373848,0,0.256239,0.256239,"chr036867.1",20860001,20960000
"NC_036867.1",20920000,0.0252915,0.0179509,0.2548,0.2548,"chr036867.1",20870001,20970000
"NC_036867.1",20930000,0.0170741,0.0175508,0.255796,0.255796,"chr036867.1",20880001,20980000
"NC_036867.1",20940000,0.0346682,0.00743826,0.231075,0.231075,"chr036867.1",20890001,20990000
"NC_036867.1",21800000,0.074341,0.0358851,0.234795,0.234795,"chr036867.1",21750001,21850000
"NC_036867.1",21810000,0.0752943,0.0295296,0.208412,0.208412,"chr036867.1",21760001,21860000
"NC_036867.1",21910000,0.207529,0.0750877,0,0.207529,"chr036867.1",21860001,21960000
"NC_036867.1",22180000,0.223164,0.0208105,0.134256,0.223164,"chr036867.1",22130001,22230000
"NC_036867.1",22190000,0.292695,0.0303198,0.168892,0.292695,"chr036867.1",22140001,22240000
"NC_036867.1",22200000,0.265363,0.0248778,0.15709,0.265363,"chr036867.1",22150001,22250000
"NC_036867.1",22320000,0.212187,0,0.141318,0.212187,"chr036867.1",22270001,22370000
"NC_036867.1",22330000,0.217063,0,0.150991,0.217063,"chr036867.1",22280001,22380000
"NC_036867.1",22340000,0.232683,0,0.164037,0.232683,"chr036867.1",22290001,22390000
"NC_036867.1",22350000,0.246922,0,0.176798,0.246922,"chr036867.1",22300001,22400000
"NC_036867.1",22360000,0.319655,0,0.214131,0.319655,"chr036867.1",22310001,22410000
"NC_036867.1",22370000,0.36323,0.0207489,0.225626,0.36323,"chr036867.1",22320001,22420000
"NC_036867.1",22380000,0.387582,0.0319119,0.245491,0.387582,"chr036867.1",22330001,22430000
"NC_036867.1",22390000,0.386565,0.0608534,0.232876,0.386565,"chr036867.1",22340001,22440000
"NC_036867.1",22400000,0.356329,0.0523328,0.21453,0.356329,"chr036867.1",22350001,22450000
"NC_036867.1",22410000,0.292698,0.0426918,0.185109,0.292698,"chr036867.1",22360001,22460000
"NC_036867.1",22420000,0.314248,0.0484563,0.1867,0.314248,"chr036867.1",22370001,22470000
"NC_036867.1",22430000,0.282043,0.0467312,0.168795,0.282043,"chr036867.1",22380001,22480000
"NC_036867.1",22440000,0.271139,0.0468652,0.156842,0.271139,"chr036867.1",22390001,22490000
"NC_036867.1",22450000,0.257914,0.0425155,0.153581,0.257914,"chr036867.1",22400001,22500000
"NC_036867.1",22460000,0.274898,0.0482002,0.160723,0.274898,"chr036867.1",22410001,22510000
"NC_036867.1",22470000,0.207427,0.0288915,0.131328,0.207427,"chr036867.1",22420001,22520000
"NC_036867.1",22730000,0.246948,0.0417876,0.113925,0.246948,"chr036867.1",22680001,22780000
"NC_036867.1",22740000,0.294489,0.0454526,0.182685,0.294489,"chr036867.1",22690001,22790000
"NC_036867.1",22750000,0.215474,0.0432568,0.143305,0.215474,"chr036867.1",22700001,22800000
"NC_036867.1",22770000,0.213,0,0.141845,0.213,"chr036867.1",22720001,22820000
"NC_036867.1",22780000,0.203671,0,0.130222,0.203671,"chr036867.1",22730001,22830000
"NC_036867.1",22790000,0.223755,0,0.136153,0.223755,"chr036867.1",22740001,22840000
"NC_036867.1",22800000,0.238367,0,0.160563,0.238367,"chr036867.1",22750001,22850000
"NC_036867.1",22810000,0.24638,0,0.167904,0.24638,"chr036867.1",22760001,22860000
"NC_036867.1",22820000,0.227896,0,0.149045,0.227896,"chr036867.1",22770001,22870000
"NC_036867.1",22850000,0.21028,0,0.125823,0.21028,"chr036867.1",22800001,22900000
"NC_036867.1",22860000,0.268456,0,0.144909,0.268456,"chr036867.1",22810001,22910000
"NC_036867.1",22870000,0.278179,0,0.144447,0.278179,"chr036867.1",22820001,22920000
"NC_036867.1",22880000,0.252697,0.026946,0.118435,0.252697,"chr036867.1",22830001,22930000
"NC_036867.1",22890000,0.228076,0.0279435,0.114806,0.228076,"chr036867.1",22840001,22940000
"NC_036867.1",23080000,0,0.178953,0.204253,0.204253,"chr036867.1",23030001,23130000
"NC_036867.1",24720000,0.0270193,0.00301963,0.244948,0.244948,"chr036867.1",24670001,24770000
"NC_036867.1",24730000,0.00894228,0,0.228188,0.228188,"chr036867.1",24680001,24780000
"NC_036867.1",24740000,0.00513317,0,0.212063,0.212063,"chr036867.1",24690001,24790000
"NC_036867.1",24750000,0,0.0274505,0.236391,0.236391,"chr036867.1",24700001,24800000
"NC_036867.1",24760000,0,0.0265274,0.24454,0.24454,"chr036867.1",24710001,24810000
"NC_036867.1",24770000,0,0.0146221,0.292432,0.292432,"chr036867.1",24720001,24820000
"NC_036867.1",24780000,0,0.016783,0.347574,0.347574,"chr036867.1",24730001,24830000
"NC_036867.1",24790000,0,0.0314901,0.348962,0.348962,"chr036867.1",24740001,24840000
"NC_036867.1",24800000,0,0.0307536,0.37085,0.37085,"chr036867.1",24750001,24850000
"NC_036867.1",24810000,0,0.0355856,0.334142,0.334142,"chr036867.1",24760001,24860000
"NC_036867.1",24820000,0,0.0380961,0.273015,0.273015,"chr036867.1",24770001,24870000
"NC_036867.1",24830000,0,0.0448795,0.285465,0.285465,"chr036867.1",24780001,24880000
"NC_036867.1",24840000,0,0.0383553,0.24322,0.24322,"chr036867.1",24790001,24890000
"NC_036867.1",24850000,0.00339668,0.0218114,0.246419,0.246419,"chr036867.1",24800001,24900000
"NC_036867.1",26240000,0.205508,0,0.109797,0.205508,"chr036867.1",26190001,26290000
"NC_036867.1",26260000,0.226997,0,0.121059,0.226997,"chr036867.1",26210001,26310000
"NC_036867.1",26270000,0.252759,0,0.0937496,0.252759,"chr036867.1",26220001,26320000
"NC_036867.1",26300000,0.200319,0.00322211,0.146373,0.200319,"chr036867.1",26250001,26350000
"NC_036867.1",32140000,0.227019,0.123012,0,0.227019,"chr036867.1",32090001,32190000
"NC_036867.1",33540000,0,0.0333486,0.211161,0.211161,"chr036867.1",33490001,33590000
"NC_036867.1",33550000,0,0.0291656,0.247795,0.247795,"chr036867.1",33500001,33600000
"NC_036867.1",33560000,0,0.0455045,0.256098,0.256098,"chr036867.1",33510001,33610000
"NC_036867.1",33570000,0,0.0348674,0.206008,0.206008,"chr036867.1",33520001,33620000
"NC_036867.1",33580000,0,0.0325918,0.204395,0.204395,"chr036867.1",33530001,33630000
"NC_036867.1",33590000,0,0.0379533,0.202104,0.202104,"chr036867.1",33540001,33640000
"NC_036867.1",34230000,0.00311721,0.288589,0.0211011,0.288589,"chr036867.1",34180001,34280000
"NC_036867.1",34240000,0.0239015,0.354035,0.0325624,0.354035,"chr036867.1",34190001,34290000
"NC_036867.1",34250000,0.021408,0.327224,0.0236434,0.327224,"chr036867.1",34200001,34300000
"NC_036867.1",34260000,0.0182283,0.299565,0.0230636,0.299565,"chr036867.1",34210001,34310000
"NC_036867.1",34270000,0.0108641,0.225282,0.0216098,0.225282,"chr036867.1",34220001,34320000
"NC_036867.1",36650000,0,0,0.245464,0.245464,"chr036867.1",36600001,36700000
"NC_036867.1",36660000,0,0,0.200245,0.200245,"chr036867.1",36610001,36710000
"NC_036867.1",37100000,0,0,0.208524,0.208524,"chr036867.1",37050001,37150000
"NC_036867.1",37110000,0,0,0.236284,0.236284,"chr036867.1",37060001,37160000
"NC_036867.1",37120000,0,0,0.215579,0.215579,"chr036867.1",37070001,37170000
"NC_036868.1",2380000,0.0113475,0,0.215665,0.215665,"chr036868.1",2330001,2430000
"NC_036868.1",2390000,0.0147608,0,0.210086,0.210086,"chr036868.1",2340001,2440000
"NC_036868.1",3110000,0.372511,0.319556,0.336557,0.372511,"chr036868.1",3060001,3160000
"NC_036868.1",3120000,0.356413,0.323834,0.334822,0.356413,"chr036868.1",3070001,3170000
"NC_036868.1",3130000,0.300559,0.319922,0.322337,0.322337,"chr036868.1",3080001,3180000
"NC_036868.1",3140000,0.292661,0.315693,0.318121,0.318121,"chr036868.1",3090001,3190000
"NC_036868.1",3150000,0.287168,0.310374,0.315336,0.315336,"chr036868.1",3100001,3200000
"NC_036868.1",3160000,0.282361,0.306182,0.30165,0.306182,"chr036868.1",3110001,3210000
"NC_036868.1",3170000,0.232722,0.286045,0.260278,0.286045,"chr036868.1",3120001,3220000
"NC_036868.1",3180000,0.157444,0.278131,0.195641,0.278131,"chr036868.1",3130001,3230000
"NC_036868.1",3190000,0.147173,0.26437,0.177052,0.26437,"chr036868.1",3140001,3240000
"NC_036868.1",3200000,0.130107,0.269791,0.184974,0.269791,"chr036868.1",3150001,3250000
"NC_036868.1",3210000,0.0826138,0.215795,0.140566,0.215795,"chr036868.1",3160001,3260000
"NC_036868.1",8050000,0.234031,0,0.0396484,0.234031,"chr036868.1",8000001,8100000
"NC_036868.1",8060000,0.316047,0,0,0.316047,"chr036868.1",8010001,8110000
"NC_036868.1",9810000,0.0763707,0,0.305568,0.305568,"chr036868.1",9760001,9860000
"NC_036868.1",9820000,0.122305,0,0.255936,0.255936,"chr036868.1",9770001,9870000
"NC_036868.1",9850000,0,0,0.211268,0.211268,"chr036868.1",9800001,9900000
"NC_036868.1",12540000,0.0336965,0.224476,0,0.224476,"chr036868.1",12490001,12590000
"NC_036868.1",12550000,0.0409,0.320071,0,0.320071,"chr036868.1",12500001,12600000
"NC_036868.1",12560000,0.0227707,0.227839,0,0.227839,"chr036868.1",12510001,12610000
"NC_036868.1",12570000,0.0557466,0.280169,0,0.280169,"chr036868.1",12520001,12620000
"NC_036868.1",12580000,0.0313267,0.235291,0,0.235291,"chr036868.1",12530001,12630000
"NC_036868.1",12590000,0.0343344,0.276784,0.0168496,0.276784,"chr036868.1",12540001,12640000
"NC_036868.1",12600000,0.0350454,0.304792,0.0144536,0.304792,"chr036868.1",12550001,12650000
"NC_036868.1",12610000,0.0414112,0.318137,0.0124056,0.318137,"chr036868.1",12560001,12660000
"NC_036868.1",12620000,0.0349239,0.274031,0.0171518,0.274031,"chr036868.1",12570001,12670000
"NC_036868.1",12630000,0.0290127,0.242396,0.0143851,0.242396,"chr036868.1",12580001,12680000
"NC_036868.1",12640000,0.0257556,0.234218,0.0171078,0.234218,"chr036868.1",12590001,12690000
"NC_036868.1",12650000,0.0242998,0.228056,0.0163113,0.228056,"chr036868.1",12600001,12700000
"NC_036868.1",12660000,0.0295385,0.24981,0.0195942,0.24981,"chr036868.1",12610001,12710000
"NC_036868.1",12670000,0.0147821,0.235726,0.0170175,0.235726,"chr036868.1",12620001,12720000
"NC_036868.1",12680000,0.0216492,0.250314,0.0117305,0.250314,"chr036868.1",12630001,12730000
"NC_036868.1",13790000,0.0434308,0,0.235277,0.235277,"chr036868.1",13740001,13840000
"NC_036868.1",13800000,0.0314886,0,0.287551,0.287551,"chr036868.1",13750001,13850000
"NC_036868.1",13810000,0.0280957,0,0.299894,0.299894,"chr036868.1",13760001,13860000
"NC_036868.1",13820000,0.0181614,0,0.318205,0.318205,"chr036868.1",13770001,13870000
"NC_036868.1",13830000,0.0185628,0.00502374,0.366007,0.366007,"chr036868.1",13780001,13880000
"NC_036868.1",13840000,0,0,0.286656,0.286656,"chr036868.1",13790001,13890000
"NC_036868.1",13850000,0,0,0.242081,0.242081,"chr036868.1",13800001,13900000
"NC_036868.1",13860000,0,0,0.234942,0.234942,"chr036868.1",13810001,13910000
"NC_036868.1",13870000,0,0,0.249692,0.249692,"chr036868.1",13820001,13920000
"NC_036868.1",14200000,0,0,0.226317,0.226317,"chr036868.1",14150001,14250000
"NC_036868.1",14210000,0,0,0.284158,0.284158,"chr036868.1",14160001,14260000
"NC_036868.1",14220000,0,0,0.290346,0.290346,"chr036868.1",14170001,14270000
"NC_036868.1",14230000,0,0,0.324109,0.324109,"chr036868.1",14180001,14280000
"NC_036868.1",14240000,0,0,0.282001,0.282001,"chr036868.1",14190001,14290000
"NC_036868.1",14250000,0,0,0.284942,0.284942,"chr036868.1",14200001,14300000
"NC_036868.1",14260000,0,0,0.248488,0.248488,"chr036868.1",14210001,14310000
"NC_036868.1",14270000,0,0,0.258984,0.258984,"chr036868.1",14220001,14320000
"NC_036868.1",14660000,0,0.257974,0,0.257974,"chr036868.1",14610001,14710000
"NC_036868.1",14670000,0,0.298281,0,0.298281,"chr036868.1",14620001,14720000
"NC_036868.1",14680000,0,0.293447,0,0.293447,"chr036868.1",14630001,14730000
"NC_036868.1",14690000,0,0.2899,0,0.2899,"chr036868.1",14640001,14740000
"NC_036868.1",14700000,0,0.294324,0,0.294324,"chr036868.1",14650001,14750000
"NC_036868.1",14710000,0,0.297466,0,0.297466,"chr036868.1",14660001,14760000
"NC_036868.1",14720000,0,0.286563,0,0.286563,"chr036868.1",14670001,14770000
"NC_036868.1",14730000,0,0.287335,0,0.287335,"chr036868.1",14680001,14780000
"NC_036868.1",14740000,0,0.291891,0,0.291891,"chr036868.1",14690001,14790000
"NC_036868.1",14750000,0,0.270689,0,0.270689,"chr036868.1",14700001,14800000
"NC_036868.1",16050000,0.25959,0,0.0728145,0.25959,"chr036868.1",16000001,16100000
"NC_036868.1",16060000,0.276884,0,0.0639658,0.276884,"chr036868.1",16010001,16110000
"NC_036868.1",16070000,0.2904,0,0.0511961,0.2904,"chr036868.1",16020001,16120000
"NC_036868.1",16080000,0.302707,0,0.0276464,0.302707,"chr036868.1",16030001,16130000
"NC_036868.1",16090000,0.295866,0,0.026947,0.295866,"chr036868.1",16040001,16140000
"NC_036868.1",16100000,0.278096,0,0.0319611,0.278096,"chr036868.1",16050001,16150000
"NC_036868.1",16110000,0.255722,0,0.0177926,0.255722,"chr036868.1",16060001,16160000
"NC_036868.1",16120000,0.2808,0,0.0155028,0.2808,"chr036868.1",16070001,16170000
"NC_036868.1",16130000,0.222017,0,0.0101631,0.222017,"chr036868.1",16080001,16180000
"NC_036868.1",16140000,0.2251,0,0,0.2251,"chr036868.1",16090001,16190000
"NC_036868.1",18380000,0.138828,0.199167,0,0.199167,"chr036868.1",18330001,18430000
"NC_036868.1",18390000,0.172042,0.24609,0,0.24609,"chr036868.1",18340001,18440000
"NC_036868.1",18400000,0.206939,0.30227,0.0178159,0.30227,"chr036868.1",18350001,18450000
"NC_036868.1",18410000,0.241116,0.383567,0.0426708,0.383567,"chr036868.1",18360001,18460000
"NC_036868.1",18420000,0.250234,0.405322,0.0400807,0.405322,"chr036868.1",18370001,18470000
"NC_036868.1",18430000,0.219199,0.425706,0.0396243,0.425706,"chr036868.1",18380001,18480000
"NC_036868.1",18440000,0.189949,0.434368,0.0288446,0.434368,"chr036868.1",18390001,18490000
"NC_036868.1",18450000,0.202635,0.517165,0.0318036,0.517165,"chr036868.1",18400001,18500000
"NC_036868.1",18460000,0.197025,0.461225,0.0249758,0.461225,"chr036868.1",18410001,18510000
"NC_036868.1",18470000,0.179245,0.420418,0.0263759,0.420418,"chr036868.1",18420001,18520000
"NC_036868.1",18480000,0.177502,0.403001,0.0246305,0.403001,"chr036868.1",18430001,18530000
"NC_036868.1",18490000,0.165781,0.411294,0.022018,0.411294,"chr036868.1",18440001,18540000
"NC_036868.1",18500000,0.146022,0.41321,0.0146402,0.41321,"chr036868.1",18450001,18550000
"NC_036868.1",18510000,0.147046,0.428644,0.00322508,0.428644,"chr036868.1",18460001,18560000
"NC_036868.1",18520000,0.136653,0.425249,0.00123243,0.425249,"chr036868.1",18470001,18570000
"NC_036868.1",18530000,0.152308,0.380108,0.00727303,0.380108,"chr036868.1",18480001,18580000
"NC_036868.1",18540000,0.168848,0.344401,0.00749925,0.344401,"chr036868.1",18490001,18590000
"NC_036868.1",18550000,0.174808,0.361348,0.0113047,0.361348,"chr036868.1",18500001,18600000
"NC_036868.1",18560000,0.17828,0.393356,0.0173401,0.393356,"chr036868.1",18510001,18610000
"NC_036868.1",18570000,0.194358,0.439792,0.0140539,0.439792,"chr036868.1",18520001,18620000
"NC_036868.1",18580000,0.174419,0.419292,0.0114116,0.419292,"chr036868.1",18530001,18630000
"NC_036868.1",18590000,0.170767,0.386978,0.0159879,0.386978,"chr036868.1",18540001,18640000
"NC_036868.1",18600000,0.158408,0.309961,0.0082465,0.309961,"chr036868.1",18550001,18650000
"NC_036868.1",18610000,0.133508,0.266877,0.0195735,0.266877,"chr036868.1",18560001,18660000
"NC_036868.1",18620000,0.129686,0.240408,0.0266948,0.240408,"chr036868.1",18570001,18670000
"NC_036868.1",18630000,0.116859,0.243255,0.00454966,0.243255,"chr036868.1",18580001,18680000
"NC_036868.1",18640000,0.121781,0.282178,0.0139865,0.282178,"chr036868.1",18590001,18690000
"NC_036868.1",18660000,0.0708502,0.212603,0,0.212603,"chr036868.1",18610001,18710000
"NC_036868.1",18750000,0.217999,0.251255,0.0570238,0.251255,"chr036868.1",18700001,18800000
"NC_036868.1",18760000,0.254565,0.251712,0.0700133,0.254565,"chr036868.1",18710001,18810000
"NC_036868.1",18770000,0.275945,0.273381,0.0473956,0.275945,"chr036868.1",18720001,18820000
"NC_036868.1",18780000,0.249047,0.269726,0.0486939,0.269726,"chr036868.1",18730001,18830000
"NC_036868.1",18790000,0.327672,0.37283,0,0.37283,"chr036868.1",18740001,18840000
"NC_036868.1",18800000,0.311785,0.310689,0.0249621,0.311785,"chr036868.1",18750001,18850000
"NC_036868.1",18810000,0.293005,0.304329,0.0309868,0.304329,"chr036868.1",18760001,18860000
"NC_036868.1",18820000,0.287289,0.323357,0.0261979,0.323357,"chr036868.1",18770001,18870000
"NC_036868.1",18830000,0.270671,0.346895,0.0556322,0.346895,"chr036868.1",18780001,18880000
"NC_036868.1",18840000,0.233477,0.350949,0.0745849,0.350949,"chr036868.1",18790001,18890000
"NC_036868.1",18850000,0.239325,0.320605,0.138508,0.320605,"chr036868.1",18800001,18900000
"NC_036868.1",18860000,0.202598,0.294796,0.124789,0.294796,"chr036868.1",18810001,18910000
"NC_036868.1",18870000,0.182997,0.216756,0.0683434,0.216756,"chr036868.1",18820001,18920000
"NC_036868.1",18880000,0.222905,0.249493,0.0656373,0.249493,"chr036868.1",18830001,18930000
"NC_036868.1",18890000,0.198254,0.263964,0.06135,0.263964,"chr036868.1",18840001,18940000
"NC_036868.1",18900000,0.181293,0.276312,0.00825888,0.276312,"chr036868.1",18850001,18950000
"NC_036868.1",18910000,0.174071,0.245431,0.0031893,0.245431,"chr036868.1",18860001,18960000
"NC_036868.1",18920000,0.171288,0.235452,0.00477933,0.235452,"chr036868.1",18870001,18970000
"NC_036868.1",18960000,0.167527,0.202572,0,0.202572,"chr036868.1",18910001,19010000
"NC_036868.1",18970000,0.178626,0.233353,0,0.233353,"chr036868.1",18920001,19020000
"NC_036868.1",18980000,0.159069,0.210607,0,0.210607,"chr036868.1",18930001,19030000
"NC_036868.1",18990000,0.165737,0.223831,0.0192141,0.223831,"chr036868.1",18940001,19040000
"NC_036868.1",19040000,0.154866,0.202382,0.0223079,0.202382,"chr036868.1",18990001,19090000
"NC_036868.1",19050000,0.158663,0.224705,0.0293914,0.224705,"chr036868.1",19000001,19100000
"NC_036868.1",19100000,0.160886,0.208709,0.00378096,0.208709,"chr036868.1",19050001,19150000
"NC_036868.1",19110000,0.153154,0.202508,0.00134892,0.202508,"chr036868.1",19060001,19160000
"NC_036868.1",19120000,0.147561,0.210185,0.00356556,0.210185,"chr036868.1",19070001,19170000
"NC_036868.1",19510000,0.0314846,0.00170554,0.204325,0.204325,"chr036868.1",19460001,19560000
"NC_036868.1",19750000,0,0,0.226043,0.226043,"chr036868.1",19700001,19800000
"NC_036868.1",19760000,0,0,0.216689,0.216689,"chr036868.1",19710001,19810000
"NC_036868.1",19770000,0,0,0.21546,0.21546,"chr036868.1",19720001,19820000
"NC_036868.1",19810000,0,0.00374272,0.222061,0.222061,"chr036868.1",19760001,19860000
"NC_036868.1",19820000,0,0.00225646,0.230636,0.230636,"chr036868.1",19770001,19870000
"NC_036868.1",19830000,0,0.00770557,0.272655,0.272655,"chr036868.1",19780001,19880000
"NC_036868.1",19840000,0,0.0131324,0.249848,0.249848,"chr036868.1",19790001,19890000
"NC_036868.1",19850000,0,0,0.236237,0.236237,"chr036868.1",19800001,19900000
"NC_036868.1",19860000,0,0.0117919,0.254804,0.254804,"chr036868.1",19810001,19910000
"NC_036868.1",19870000,0,0.00638053,0.281943,0.281943,"chr036868.1",19820001,19920000
"NC_036868.1",19880000,0.0159954,0,0.327458,0.327458,"chr036868.1",19830001,19930000
"NC_036868.1",19890000,0.021967,0,0.402592,0.402592,"chr036868.1",19840001,19940000
"NC_036868.1",19900000,0.0191175,0,0.310673,0.310673,"chr036868.1",19850001,19950000
"NC_036868.1",19910000,0.0322844,0,0.230145,0.230145,"chr036868.1",19860001,19960000
"NC_036868.1",19920000,0.0868731,0,0.206877,0.206877,"chr036868.1",19870001,19970000
"NC_036868.1",20390000,0,0,0.23517,0.23517,"chr036868.1",20340001,20440000
"NC_036868.1",20400000,0,0,0.241854,0.241854,"chr036868.1",20350001,20450000
"NC_036868.1",20410000,0,0,0.216596,0.216596,"chr036868.1",20360001,20460000
"NC_036868.1",20420000,0,0,0.23989,0.23989,"chr036868.1",20370001,20470000
"NC_036868.1",20430000,0,0,0.235947,0.235947,"chr036868.1",20380001,20480000
"NC_036868.1",20440000,0,0,0.214687,0.214687,"chr036868.1",20390001,20490000
"NC_036868.1",22580000,0,0.253022,0.0674159,0.253022,"chr036868.1",22530001,22630000
"NC_036868.1",22590000,0,0.338662,0.0540937,0.338662,"chr036868.1",22540001,22640000
"NC_036868.1",22600000,0,0.340683,0.057841,0.340683,"chr036868.1",22550001,22650000
"NC_036868.1",22610000,0,0.286805,0.0645486,0.286805,"chr036868.1",22560001,22660000
"NC_036868.1",22940000,0.209091,0,0,0.209091,"chr036868.1",22890001,22990000
"NC_036868.1",22950000,0.243421,0,0,0.243421,"chr036868.1",22900001,2.3e+07
"NC_036868.1",22960000,0.26548,0,0,0.26548,"chr036868.1",22910001,23010000
"NC_036868.1",22970000,0.278275,0,0,0.278275,"chr036868.1",22920001,23020000
"NC_036868.1",23190000,0,0.215666,0,0.215666,"chr036868.1",23140001,23240000
"NC_036868.1",23200000,0,0.24031,0,0.24031,"chr036868.1",23150001,23250000
"NC_036868.1",23210000,0,0.228455,0,0.228455,"chr036868.1",23160001,23260000
"NC_036868.1",23220000,0,0.226883,0,0.226883,"chr036868.1",23170001,23270000
"NC_036868.1",26190000,0.200731,0,0,0.200731,"chr036868.1",26140001,26240000
"NC_036868.1",26260000,0,0.222428,0,0.222428,"chr036868.1",26210001,26310000
"NC_036868.1",26270000,0,0.285713,0,0.285713,"chr036868.1",26220001,26320000
"NC_036868.1",26280000,0,0.315959,0,0.315959,"chr036868.1",26230001,26330000
"NC_036868.1",26290000,0,0.316733,0,0.316733,"chr036868.1",26240001,26340000
"NC_036868.1",26300000,0,0.376858,0,0.376858,"chr036868.1",26250001,26350000
"NC_036868.1",26310000,0,0.38313,0,0.38313,"chr036868.1",26260001,26360000
"NC_036868.1",26320000,0,0.395022,0,0.395022,"chr036868.1",26270001,26370000
"NC_036868.1",26330000,0,0.403649,0,0.403649,"chr036868.1",26280001,26380000
"NC_036868.1",26340000,0,0.406973,0,0.406973,"chr036868.1",26290001,26390000
"NC_036868.1",26350000,0,0.364637,0,0.364637,"chr036868.1",26300001,26400000
"NC_036868.1",26360000,0,0.295397,0,0.295397,"chr036868.1",26310001,26410000
"NC_036868.1",28040000,0,0,0.203737,0.203737,"chr036868.1",27990001,28090000
"NC_036868.1",28070000,0,0,0.21237,0.21237,"chr036868.1",28020001,28120000
"NC_036868.1",28080000,0,0,0.219008,0.219008,"chr036868.1",28030001,28130000
"NC_036868.1",28090000,0,0,0.203649,0.203649,"chr036868.1",28040001,28140000
"NC_036868.1",28110000,0,0,0.232943,0.232943,"chr036868.1",28060001,28160000
"NC_036868.1",28750000,0.0978195,0.20398,0,0.20398,"chr036868.1",28700001,28800000
"NC_036868.1",28760000,0.0759788,0.229389,0,0.229389,"chr036868.1",28710001,28810000
"NC_036868.1",28770000,0.0359994,0.257194,0,0.257194,"chr036868.1",28720001,28820000
"NC_036868.1",28780000,0,0.228459,0,0.228459,"chr036868.1",28730001,28830000
"NC_036868.1",29350000,0,0,0.209832,0.209832,"chr036868.1",29300001,29400000
"NC_036868.1",29360000,0,0,0.235134,0.235134,"chr036868.1",29310001,29410000
"NC_036868.1",29370000,0,0,0.28273,0.28273,"chr036868.1",29320001,29420000
"NC_036868.1",29380000,0,0,0.368356,0.368356,"chr036868.1",29330001,29430000
"NC_036868.1",29390000,0,0,0.376422,0.376422,"chr036868.1",29340001,29440000
"NC_036868.1",29400000,0,0,0.398621,0.398621,"chr036868.1",29350001,29450000
"NC_036868.1",29410000,0,0,0.406338,0.406338,"chr036868.1",29360001,29460000
"NC_036868.1",29420000,0,0,0.409584,0.409584,"chr036868.1",29370001,29470000
"NC_036868.1",29430000,0,0,0.42951,0.42951,"chr036868.1",29380001,29480000
"NC_036868.1",29440000,0,0,0.413539,0.413539,"chr036868.1",29390001,29490000
"NC_036868.1",29450000,0,0,0.405663,0.405663,"chr036868.1",29400001,29500000
"NC_036868.1",29460000,0,0,0.403032,0.403032,"chr036868.1",29410001,29510000
"NC_036868.1",29470000,0,0,0.403244,0.403244,"chr036868.1",29420001,29520000
"NC_036868.1",29480000,0,0,0.383393,0.383393,"chr036868.1",29430001,29530000
"NC_036868.1",29490000,0,0,0.403451,0.403451,"chr036868.1",29440001,29540000
"NC_036868.1",29500000,0,0,0.40952,0.40952,"chr036868.1",29450001,29550000
"NC_036868.1",29510000,0.0531274,0.0390517,0.422588,0.422588,"chr036868.1",29460001,29560000
"NC_036868.1",29520000,0.0952951,0.065075,0.439764,0.439764,"chr036868.1",29470001,29570000
"NC_036868.1",29530000,0.125205,0.0886533,0.412543,0.412543,"chr036868.1",29480001,29580000
"NC_036868.1",29540000,0.125684,0.0869675,0.403329,0.403329,"chr036868.1",29490001,29590000
"NC_036868.1",29550000,0.131216,0.0871728,0.41066,0.41066,"chr036868.1",29500001,29600000
"NC_036868.1",29560000,0.127714,0.0892035,0.388177,0.388177,"chr036868.1",29510001,29610000
"NC_036868.1",29570000,0.150354,0.111318,0.368761,0.368761,"chr036868.1",29520001,29620000
"NC_036868.1",29580000,0.181549,0.145155,0.336587,0.336587,"chr036868.1",29530001,29630000
"NC_036868.1",29590000,0.265595,0.233265,0.161768,0.265595,"chr036868.1",29540001,29640000
"NC_036868.1",29600000,0.250663,0.213602,0.097215,0.250663,"chr036868.1",29550001,29650000
"NC_036868.1",31070000,0,0.0329748,0.201259,0.201259,"chr036868.1",31020001,31120000
"NC_036868.1",31080000,0,0.0341455,0.217535,0.217535,"chr036868.1",31030001,31130000
"NC_036868.1",31090000,0,0.0314285,0.220649,0.220649,"chr036868.1",31040001,31140000
"NC_036868.1",31480000,0.246609,0.0249891,0.126015,0.246609,"chr036868.1",31430001,31530000
"NC_036868.1",31490000,0.282039,0.0216433,0.134429,0.282039,"chr036868.1",31440001,31540000
"NC_036868.1",31500000,0.255948,0.0256338,0.129082,0.255948,"chr036868.1",31450001,31550000
"NC_036868.1",31510000,0.329594,0.0039995,0.148578,0.329594,"chr036868.1",31460001,31560000
"NC_036868.1",31520000,0.252209,0.0157064,0.125003,0.252209,"chr036868.1",31470001,31570000
"NC_036868.1",31530000,0.238407,0.00402507,0.10914,0.238407,"chr036868.1",31480001,31580000
"NC_036868.1",31540000,0.214732,0.0376604,0.0880957,0.214732,"chr036868.1",31490001,31590000
"NC_036868.1",31570000,0.199823,0.023003,0.0795543,0.199823,"chr036868.1",31520001,31620000
"NC_036868.1",31760000,0.13249,0.246929,0.0298883,0.246929,"chr036868.1",31710001,31810000
"NC_036868.1",31770000,0.0917779,0.225819,0.0149899,0.225819,"chr036868.1",31720001,31820000
"NC_036868.1",31780000,0,0.229213,0,0.229213,"chr036868.1",31730001,31830000
"NC_036868.1",31790000,0,0.269567,0,0.269567,"chr036868.1",31740001,31840000
"NC_036868.1",31800000,0,0.295819,0,0.295819,"chr036868.1",31750001,31850000
"NC_036868.1",31810000,0,0.284546,0,0.284546,"chr036868.1",31760001,31860000
"NC_036868.1",31820000,0,0.288438,0,0.288438,"chr036868.1",31770001,31870000
"NC_036868.1",32100000,0.201892,0,0,0.201892,"chr036868.1",32050001,32150000
"NC_036868.1",32110000,0.201892,0,0,0.201892,"chr036868.1",32060001,32160000
"NC_036868.1",32120000,0.204011,0.0349545,0,0.204011,"chr036868.1",32070001,32170000
"NC_036868.1",32160000,0.164733,0.218903,0.107586,0.218903,"chr036868.1",32110001,32210000
"NC_036868.1",32490000,0.0085934,0,0.243857,0.243857,"chr036868.1",32440001,32540000
"NC_036868.1",32500000,0,0,0.250114,0.250114,"chr036868.1",32450001,32550000
"NC_036868.1",32510000,0,0,0.24328,0.24328,"chr036868.1",32460001,32560000
"NC_036868.1",32520000,0,0,0.343236,0.343236,"chr036868.1",32470001,32570000
"NC_036868.1",32530000,0,0,0.352872,0.352872,"chr036868.1",32480001,32580000
"NC_036868.1",32540000,0,0,0.336658,0.336658,"chr036868.1",32490001,32590000
"NC_036868.1",32550000,0,0,0.285504,0.285504,"chr036868.1",32500001,32600000
"NC_036868.1",32560000,0,0,0.28032,0.28032,"chr036868.1",32510001,32610000
"NC_036868.1",32570000,0.000337602,0,0.293904,0.293904,"chr036868.1",32520001,32620000
"NC_036868.1",32580000,0.0164479,0.0206242,0.253741,0.253741,"chr036868.1",32530001,32630000
"NC_036868.1",32730000,0.132967,0.0629582,0.212606,0.212606,"chr036868.1",32680001,32780000
"NC_036868.1",32740000,0.0877182,0.130245,0.295313,0.295313,"chr036868.1",32690001,32790000
"NC_036868.1",32750000,0.0591112,0.122716,0.344807,0.344807,"chr036868.1",32700001,32800000
"NC_036868.1",32760000,0.0760566,0.122935,0.23465,0.23465,"chr036868.1",32710001,32810000
"NC_036868.1",32770000,0.0215796,0.232762,0.258742,0.258742,"chr036868.1",32720001,32820000
"NC_036868.1",32780000,0,0.306021,0.173229,0.306021,"chr036868.1",32730001,32830000
"NC_036869.1",6340000,0.0623123,0.221621,0.00756335,0.221621,"chr036869.1",6290001,6390000
"NC_036869.1",6350000,0.0612513,0.241039,0.0259367,0.241039,"chr036869.1",6300001,6400000
"NC_036869.1",6360000,0.0721217,0.236691,0.0227883,0.236691,"chr036869.1",6310001,6410000
"NC_036869.1",6370000,0.0927933,0.257495,0.0249665,0.257495,"chr036869.1",6320001,6420000
"NC_036869.1",6380000,0.0787662,0.27301,0.0415439,0.27301,"chr036869.1",6330001,6430000
"NC_036869.1",6390000,0.0794014,0.300523,0.0564275,0.300523,"chr036869.1",6340001,6440000
"NC_036869.1",6400000,0.0794415,0.308272,0.0584249,0.308272,"chr036869.1",6350001,6450000
"NC_036869.1",6410000,0.0804681,0.279393,0.0561118,0.279393,"chr036869.1",6360001,6460000
"NC_036869.1",6420000,0.0825755,0.254253,0.0807311,0.254253,"chr036869.1",6370001,6470000
"NC_036869.1",6430000,0.0833512,0.233125,0.104242,0.233125,"chr036869.1",6380001,6480000
"NC_036869.1",6440000,0.0901413,0.207152,0.130582,0.207152,"chr036869.1",6390001,6490000
"NC_036869.1",7280000,0,0.00251594,0.271697,0.271697,"chr036869.1",7230001,7330000
"NC_036869.1",7290000,0,0,0.307433,0.307433,"chr036869.1",7240001,7340000
"NC_036869.1",7300000,0,0.000857452,0.365566,0.365566,"chr036869.1",7250001,7350000
"NC_036869.1",7310000,0,0,0.44035,0.44035,"chr036869.1",7260001,7360000
"NC_036869.1",7320000,0,0,0.469413,0.469413,"chr036869.1",7270001,7370000
"NC_036869.1",7330000,0,0,0.484883,0.484883,"chr036869.1",7280001,7380000
"NC_036869.1",7340000,0,0,0.487674,0.487674,"chr036869.1",7290001,7390000
"NC_036869.1",7350000,0,0,0.491463,0.491463,"chr036869.1",7300001,7400000
"NC_036869.1",7360000,0,0,0.479514,0.479514,"chr036869.1",7310001,7410000
"NC_036869.1",7370000,0,0,0.478374,0.478374,"chr036869.1",7320001,7420000
"NC_036869.1",7380000,0,0,0.439237,0.439237,"chr036869.1",7330001,7430000
"NC_036869.1",7390000,0,0,0.390805,0.390805,"chr036869.1",7340001,7440000
"NC_036869.1",7400000,0,0,0.315751,0.315751,"chr036869.1",7350001,7450000
"NC_036869.1",7410000,0,0.00561711,0.23348,0.23348,"chr036869.1",7360001,7460000
"NC_036869.1",8100000,0.237416,0,0.0192718,0.237416,"chr036869.1",8050001,8150000
"NC_036869.1",8110000,0.302428,0,0.0233071,0.302428,"chr036869.1",8060001,8160000
"NC_036869.1",8120000,0.295164,0,0.0219046,0.295164,"chr036869.1",8070001,8170000
"NC_036869.1",8130000,0.310849,0,0.00860746,0.310849,"chr036869.1",8080001,8180000
"NC_036869.1",8140000,0.30692,0,0.00667297,0.30692,"chr036869.1",8090001,8190000
"NC_036869.1",8150000,0.301602,0,0.00994267,0.301602,"chr036869.1",8100001,8200000
"NC_036869.1",8160000,0.297907,0,0.0103243,0.297907,"chr036869.1",8110001,8210000
"NC_036869.1",8170000,0.27468,0,0.00808858,0.27468,"chr036869.1",8120001,8220000
"NC_036869.1",8180000,0.257182,0,0,0.257182,"chr036869.1",8130001,8230000
"NC_036869.1",8190000,0.221298,0.00423118,0,0.221298,"chr036869.1",8140001,8240000
"NC_036869.1",9410000,0.205767,0,0,0.205767,"chr036869.1",9360001,9460000
"NC_036869.1",9430000,0.249382,0,0,0.249382,"chr036869.1",9380001,9480000
"NC_036869.1",9440000,0.264341,0,0,0.264341,"chr036869.1",9390001,9490000
"NC_036869.1",9450000,0.272709,0,0,0.272709,"chr036869.1",9400001,9500000
"NC_036869.1",9460000,0.290073,0,0,0.290073,"chr036869.1",9410001,9510000
"NC_036869.1",9470000,0.309644,0.00296773,0,0.309644,"chr036869.1",9420001,9520000
"NC_036869.1",9480000,0.334458,0,0,0.334458,"chr036869.1",9430001,9530000
"NC_036869.1",9490000,0.373921,0,0,0.373921,"chr036869.1",9440001,9540000
"NC_036869.1",9500000,0.29893,0.00285275,0,0.29893,"chr036869.1",9450001,9550000
"NC_036869.1",9510000,0.270908,0.00265792,0,0.270908,"chr036869.1",9460001,9560000
"NC_036869.1",9520000,0.320434,0,0,0.320434,"chr036869.1",9470001,9570000
"NC_036869.1",9530000,0.331939,0,0,0.331939,"chr036869.1",9480001,9580000
"NC_036869.1",9540000,0.342192,0,0,0.342192,"chr036869.1",9490001,9590000
"NC_036869.1",9550000,0.341734,0,0,0.341734,"chr036869.1",9500001,9600000
"NC_036869.1",9560000,0.329477,0,0,0.329477,"chr036869.1",9510001,9610000
"NC_036869.1",9570000,0.29017,0,0,0.29017,"chr036869.1",9520001,9620000
"NC_036869.1",9580000,0.253881,0,0,0.253881,"chr036869.1",9530001,9630000
"NC_036869.1",9590000,0.281284,0,0,0.281284,"chr036869.1",9540001,9640000
"NC_036869.1",9600000,0.317524,0,0,0.317524,"chr036869.1",9550001,9650000
"NC_036869.1",9610000,0.394942,0,0,0.394942,"chr036869.1",9560001,9660000
"NC_036869.1",9620000,0.389856,0,0,0.389856,"chr036869.1",9570001,9670000
"NC_036869.1",9630000,0.359949,0,0,0.359949,"chr036869.1",9580001,9680000
"NC_036869.1",9640000,0.338053,0,0,0.338053,"chr036869.1",9590001,9690000
"NC_036869.1",9650000,0.303633,0,0,0.303633,"chr036869.1",9600001,9700000
"NC_036869.1",9660000,0.316364,0,0,0.316364,"chr036869.1",9610001,9710000
"NC_036869.1",9670000,0.340737,0,0,0.340737,"chr036869.1",9620001,9720000
"NC_036869.1",9680000,0.296971,0,0,0.296971,"chr036869.1",9630001,9730000
"NC_036869.1",9690000,0.269395,0,0,0.269395,"chr036869.1",9640001,9740000
"NC_036869.1",9700000,0.257927,0,0,0.257927,"chr036869.1",9650001,9750000
"NC_036869.1",9850000,0.204212,0.0259215,0,0.204212,"chr036869.1",9800001,9900000
"NC_036869.1",9860000,0.201113,0.0323375,0,0.201113,"chr036869.1",9810001,9910000
"NC_036869.1",9880000,0.217543,0.0226018,0,0.217543,"chr036869.1",9830001,9930000
"NC_036869.1",10160000,0.0677574,0,0.262767,0.262767,"chr036869.1",10110001,10210000
"NC_036869.1",10170000,0.0746521,0,0.290901,0.290901,"chr036869.1",10120001,10220000
"NC_036869.1",10180000,0.0778656,0,0.310922,0.310922,"chr036869.1",10130001,10230000
"NC_036869.1",10190000,0.0724303,0,0.30009,0.30009,"chr036869.1",10140001,10240000
"NC_036869.1",10200000,0.0469883,0,0.290243,0.290243,"chr036869.1",10150001,10250000
"NC_036869.1",10210000,0.00625596,0,0.303409,0.303409,"chr036869.1",10160001,10260000
"NC_036869.1",10220000,0,0,0.302846,0.302846,"chr036869.1",10170001,10270000
"NC_036869.1",10230000,0,0,0.288131,0.288131,"chr036869.1",10180001,10280000
"NC_036869.1",10240000,0,0,0.30908,0.30908,"chr036869.1",10190001,10290000
"NC_036869.1",10250000,0,0,0.324139,0.324139,"chr036869.1",10200001,10300000
"NC_036869.1",10260000,0,0,0.22101,0.22101,"chr036869.1",10210001,10310000
"NC_036869.1",14900000,0.0680244,0.0178681,0.25116,0.25116,"chr036869.1",14850001,14950000
"NC_036869.1",15780000,0.101018,0.0915822,0.241963,0.241963,"chr036869.1",15730001,15830000
"NC_036869.1",16320000,0.00689076,0.0127707,0.224364,0.224364,"chr036869.1",16270001,16370000
"NC_036869.1",16330000,0.0163733,0.00110499,0.211812,0.211812,"chr036869.1",16280001,16380000
"NC_036869.1",16340000,0.00695851,0,0.226853,0.226853,"chr036869.1",16290001,16390000
"NC_036869.1",16350000,0.00596335,0.00480794,0.255834,0.255834,"chr036869.1",16300001,16400000
"NC_036869.1",16360000,0.0166927,0.00711398,0.277303,0.277303,"chr036869.1",16310001,16410000
"NC_036869.1",16370000,0.0198842,0.00270768,0.278677,0.278677,"chr036869.1",16320001,16420000
"NC_036869.1",16380000,0.0221313,0.00430403,0.285124,0.285124,"chr036869.1",16330001,16430000
"NC_036869.1",16390000,0.0144864,0,0.276132,0.276132,"chr036869.1",16340001,16440000
"NC_036869.1",16400000,0.0143415,0,0.283501,0.283501,"chr036869.1",16350001,16450000
"NC_036869.1",16410000,0.021277,0,0.353226,0.353226,"chr036869.1",16360001,16460000
"NC_036869.1",16420000,0.0297477,0,0.328585,0.328585,"chr036869.1",16370001,16470000
"NC_036869.1",16430000,0.0253551,0,0.339807,0.339807,"chr036869.1",16380001,16480000
"NC_036869.1",16440000,0.023629,0,0.35356,0.35356,"chr036869.1",16390001,16490000
"NC_036869.1",16450000,0.0228886,0,0.359789,0.359789,"chr036869.1",16400001,16500000
"NC_036869.1",16460000,0.00755651,0,0.285265,0.285265,"chr036869.1",16410001,16510000
"NC_036869.1",16470000,0.00480791,0,0.276562,0.276562,"chr036869.1",16420001,16520000
"NC_036869.1",16480000,0,0,0.283857,0.283857,"chr036869.1",16430001,16530000
"NC_036869.1",16490000,0,0,0.200044,0.200044,"chr036869.1",16440001,16540000
"NC_036869.1",16560000,0,0.029586,0.218808,0.218808,"chr036869.1",16510001,16610000
"NC_036869.1",16570000,0,0.0140603,0.224363,0.224363,"chr036869.1",16520001,16620000
"NC_036869.1",16580000,0,0.00963767,0.230856,0.230856,"chr036869.1",16530001,16630000
"NC_036869.1",16750000,0,0.208944,0,0.208944,"chr036869.1",16700001,16800000
"NC_036869.1",16760000,0,0.228894,0,0.228894,"chr036869.1",16710001,16810000
"NC_036869.1",16770000,0,0.284212,0,0.284212,"chr036869.1",16720001,16820000
"NC_036869.1",16780000,0,0.311688,0,0.311688,"chr036869.1",16730001,16830000
"NC_036869.1",16790000,0,0.408033,0,0.408033,"chr036869.1",16740001,16840000
"NC_036869.1",16800000,0,0.355476,0,0.355476,"chr036869.1",16750001,16850000
"NC_036869.1",16810000,0,0.361784,0,0.361784,"chr036869.1",16760001,16860000
"NC_036869.1",16820000,0,0.313538,0,0.313538,"chr036869.1",16770001,16870000
"NC_036869.1",16830000,0,0.312967,0,0.312967,"chr036869.1",16780001,16880000
"NC_036869.1",16840000,0,0.282407,0,0.282407,"chr036869.1",16790001,16890000
"NC_036869.1",16850000,0,0.250671,0,0.250671,"chr036869.1",16800001,16900000
"NC_036869.1",16880000,0,0.205788,0,0.205788,"chr036869.1",16830001,16930000
"NC_036869.1",16900000,0,0.212503,0,0.212503,"chr036869.1",16850001,16950000
"NC_036869.1",16910000,0,0.20872,0,0.20872,"chr036869.1",16860001,16960000
"NC_036869.1",16920000,0,0.212507,0,0.212507,"chr036869.1",16870001,16970000
"NC_036869.1",16970000,0,0.312057,0,0.312057,"chr036869.1",16920001,17020000
"NC_036869.1",17030000,0,0.268543,0,0.268543,"chr036869.1",16980001,17080000
"NC_036869.1",17040000,0,0.296514,0,0.296514,"chr036869.1",16990001,17090000
"NC_036869.1",17050000,0,0.330253,0.00274404,0.330253,"chr036869.1",17000001,17100000
"NC_036869.1",17060000,0.000245688,0.373064,0.0106557,0.373064,"chr036869.1",17010001,17110000
"NC_036869.1",17070000,0,0.422964,0.0429666,0.422964,"chr036869.1",17020001,17120000
"NC_036869.1",17080000,0,0.439441,0.0310433,0.439441,"chr036869.1",17030001,17130000
"NC_036869.1",17090000,0.000306782,0.557318,0.0407678,0.557318,"chr036869.1",17040001,17140000
"NC_036869.1",17100000,0.0065411,0.510064,0.0388351,0.510064,"chr036869.1",17050001,17150000
"NC_036869.1",17110000,0,0.455449,0.0390351,0.455449,"chr036869.1",17060001,17160000
"NC_036869.1",17120000,0.00166338,0.448574,0.0413629,0.448574,"chr036869.1",17070001,17170000
"NC_036869.1",17130000,0.00483117,0.434619,0.0466199,0.434619,"chr036869.1",17080001,17180000
"NC_036869.1",17140000,0.0089675,0.433767,0.0569613,0.433767,"chr036869.1",17090001,17190000
"NC_036869.1",17150000,0.00641977,0.421423,0.0577259,0.421423,"chr036869.1",17100001,17200000
"NC_036869.1",17160000,0.00198725,0.388754,0.0536642,0.388754,"chr036869.1",17110001,17210000
"NC_036869.1",17170000,0.0100886,0.31731,0.0269679,0.31731,"chr036869.1",17120001,17220000
"NC_036869.1",17180000,0.00369035,0.271599,0.0162543,0.271599,"chr036869.1",17130001,17230000
"NC_036869.1",17190000,0.0029514,0.229175,0.0124526,0.229175,"chr036869.1",17140001,17240000
"NC_036869.1",17210000,0,0.204868,0,0.204868,"chr036869.1",17160001,17260000
"NC_036869.1",17220000,0,0.211902,0,0.211902,"chr036869.1",17170001,17270000
"NC_036869.1",17230000,0.00571436,0.200597,0,0.200597,"chr036869.1",17180001,17280000
"NC_036869.1",17240000,0,0.205631,0,0.205631,"chr036869.1",17190001,17290000
"NC_036869.1",17250000,0.0212211,0.237608,0,0.237608,"chr036869.1",17200001,17300000
"NC_036869.1",17260000,0.0251189,0.267675,0,0.267675,"chr036869.1",17210001,17310000
"NC_036869.1",17270000,0.015221,0.30303,0,0.30303,"chr036869.1",17220001,17320000
"NC_036869.1",17280000,0.00318674,0.352672,0,0.352672,"chr036869.1",17230001,17330000
"NC_036869.1",17290000,0,0.394135,0,0.394135,"chr036869.1",17240001,17340000
"NC_036869.1",17300000,0.00719712,0.383345,0,0.383345,"chr036869.1",17250001,17350000
"NC_036869.1",17310000,0.0615927,0.391028,0,0.391028,"chr036869.1",17260001,17360000
"NC_036869.1",17320000,0.0607691,0.399795,0,0.399795,"chr036869.1",17270001,17370000
"NC_036869.1",17330000,0.0319044,0.416978,0,0.416978,"chr036869.1",17280001,17380000
"NC_036869.1",17340000,0.0209311,0.296683,0,0.296683,"chr036869.1",17290001,17390000
"NC_036869.1",17350000,0,0.270824,0,0.270824,"chr036869.1",17300001,17400000
"NC_036869.1",17360000,0,0.218035,0,0.218035,"chr036869.1",17310001,17410000
"NC_036869.1",17620000,0,0.244309,0,0.244309,"chr036869.1",17570001,17670000
"NC_036869.1",17630000,0,0.278671,0,0.278671,"chr036869.1",17580001,17680000
"NC_036869.1",17640000,0,0.273304,0,0.273304,"chr036869.1",17590001,17690000
"NC_036869.1",17650000,0,0.290894,0,0.290894,"chr036869.1",17600001,17700000
"NC_036869.1",17660000,0,0.253854,0,0.253854,"chr036869.1",17610001,17710000
"NC_036869.1",17670000,0,0.226128,0,0.226128,"chr036869.1",17620001,17720000
"NC_036869.1",17680000,0,0.218198,0,0.218198,"chr036869.1",17630001,17730000
"NC_036869.1",17690000,0,0.217304,0,0.217304,"chr036869.1",17640001,17740000
"NC_036869.1",21520000,0.201539,0.122265,0,0.201539,"chr036869.1",21470001,21570000
"NC_036869.1",21530000,0.210551,0.13365,0,0.210551,"chr036869.1",21480001,21580000
"NC_036869.1",21540000,0.233816,0.139182,0,0.233816,"chr036869.1",21490001,21590000
"NC_036869.1",21550000,0.210292,0.113958,0,0.210292,"chr036869.1",21500001,21600000
"NC_036869.1",21560000,0.207726,0.112349,0,0.207726,"chr036869.1",21510001,21610000
"NC_036869.1",26030000,0,0,0.240838,0.240838,"chr036869.1",25980001,26080000
"NC_036869.1",26040000,0,0,0.248416,0.248416,"chr036869.1",25990001,26090000
"NC_036869.1",26050000,0,0,0.444528,0.444528,"chr036869.1",26000001,26100000
"NC_036869.1",26060000,0,0,0.423945,0.423945,"chr036869.1",26010001,26110000
"NC_036869.1",26070000,0,0,0.22619,0.22619,"chr036869.1",26020001,26120000
"NC_036869.1",26080000,0,0,0.233873,0.233873,"chr036869.1",26030001,26130000
"NC_036869.1",26090000,0,0,0.26069,0.26069,"chr036869.1",26040001,26140000
"NC_036869.1",26100000,0,0,0.282497,0.282497,"chr036869.1",26050001,26150000
"NC_036869.1",26110000,0,0,0.281168,0.281168,"chr036869.1",26060001,26160000
"NC_036869.1",26120000,0.00464313,0,0.219778,0.219778,"chr036869.1",26070001,26170000
"NC_036869.1",26200000,0.129549,0.225547,0,0.225547,"chr036869.1",26150001,26250000
"NC_036869.1",26210000,0.13937,0.269719,0,0.269719,"chr036869.1",26160001,26260000
"NC_036869.1",26220000,0.113795,0.225985,0,0.225985,"chr036869.1",26170001,26270000
"NC_036870.1",3e+05,0,0.000451189,0.209728,0.209728,"chr036870.1",250001,350000
"NC_036870.1",310000,0,0,0.263611,0.263611,"chr036870.1",260001,360000
"NC_036870.1",320000,0,0,0.275788,0.275788,"chr036870.1",270001,370000
"NC_036870.1",330000,0,0,0.316044,0.316044,"chr036870.1",280001,380000
"NC_036870.1",340000,0,0,0.317117,0.317117,"chr036870.1",290001,390000
"NC_036870.1",350000,0,0,0.314244,0.314244,"chr036870.1",300001,4e+05
"NC_036870.1",360000,0,0,0.31933,0.31933,"chr036870.1",310001,410000
"NC_036870.1",370000,0,0,0.302017,0.302017,"chr036870.1",320001,420000
"NC_036870.1",380000,0,0,0.323825,0.323825,"chr036870.1",330001,430000
"NC_036870.1",390000,0,0,0.31666,0.31666,"chr036870.1",340001,440000
"NC_036870.1",4e+05,0,0.0328692,0.262554,0.262554,"chr036870.1",350001,450000
"NC_036870.1",410000,0.0095721,0.219372,0.284717,0.284717,"chr036870.1",360001,460000
"NC_036870.1",420000,0.142005,0.27876,0.337648,0.337648,"chr036870.1",370001,470000
"NC_036870.1",430000,0.232642,0.339911,0.3627,0.3627,"chr036870.1",380001,480000
"NC_036870.1",440000,0.250512,0.38059,0.357305,0.38059,"chr036870.1",390001,490000
"NC_036870.1",450000,0.289402,0.417798,0.380549,0.417798,"chr036870.1",400001,5e+05
"NC_036870.1",460000,0.300783,0.421699,0.383139,0.421699,"chr036870.1",410001,510000
"NC_036870.1",470000,0.321916,0.441047,0.395956,0.441047,"chr036870.1",420001,520000
"NC_036870.1",480000,0.331869,0.442933,0.402319,0.442933,"chr036870.1",430001,530000
"NC_036870.1",490000,0.39345,0.457479,0.415192,0.457479,"chr036870.1",440001,540000
"NC_036870.1",5e+05,0.394668,0.422293,0.415008,0.422293,"chr036870.1",450001,550000
"NC_036870.1",510000,0.436009,0.413114,0.428832,0.436009,"chr036870.1",460001,560000
"NC_036870.1",520000,0.427633,0.403489,0.425275,0.427633,"chr036870.1",470001,570000
"NC_036870.1",530000,0.366815,0.335011,0.379148,0.379148,"chr036870.1",480001,580000
"NC_036870.1",540000,0.368945,0.320325,0.376907,0.376907,"chr036870.1",490001,590000
"NC_036870.1",550000,0.363397,0.252874,0.354692,0.363397,"chr036870.1",500001,6e+05
"NC_036870.1",560000,0.357497,0.206244,0.338247,0.357497,"chr036870.1",510001,610000
"NC_036870.1",570000,0.353812,0.156208,0.295813,0.353812,"chr036870.1",520001,620000
"NC_036870.1",580000,0.355447,0.157137,0.284393,0.355447,"chr036870.1",530001,630000
"NC_036870.1",590000,0.326803,0.118617,0.259561,0.326803,"chr036870.1",540001,640000
"NC_036870.1",6e+05,0.314639,0.0942244,0.20634,0.314639,"chr036870.1",550001,650000
"NC_036870.1",610000,0.240369,0.029499,0.0882357,0.240369,"chr036870.1",560001,660000
"NC_036870.1",620000,0.214922,0,0.0126698,0.214922,"chr036870.1",570001,670000
"NC_036870.1",630000,0.252076,0,0,0.252076,"chr036870.1",580001,680000
"NC_036870.1",640000,0.230242,0,0,0.230242,"chr036870.1",590001,690000
"NC_036870.1",650000,0.210145,0,0,0.210145,"chr036870.1",600001,7e+05
"NC_036870.1",1390000,0,0,0.211563,0.211563,"chr036870.1",1340001,1440000
"NC_036870.1",1400000,0,0,0.267487,0.267487,"chr036870.1",1350001,1450000
"NC_036870.1",1410000,0,0,0.458724,0.458724,"chr036870.1",1360001,1460000
"NC_036870.1",1420000,0,0,0.47207,0.47207,"chr036870.1",1370001,1470000
"NC_036870.1",1430000,0,0,0.452354,0.452354,"chr036870.1",1380001,1480000
"NC_036870.1",1440000,0,0,0.475844,0.475844,"chr036870.1",1390001,1490000
"NC_036870.1",1450000,0,0,0.478805,0.478805,"chr036870.1",1400001,1500000
"NC_036870.1",1460000,0,0,0.459549,0.459549,"chr036870.1",1410001,1510000
"NC_036870.1",1470000,0,0,0.467189,0.467189,"chr036870.1",1420001,1520000
"NC_036870.1",1480000,0,0,0.481115,0.481115,"chr036870.1",1430001,1530000
"NC_036870.1",1490000,0,0,0.466033,0.466033,"chr036870.1",1440001,1540000
"NC_036870.1",1500000,0,0,0.376953,0.376953,"chr036870.1",1450001,1550000
"NC_036870.1",1510000,0.0252736,0,0.291922,0.291922,"chr036870.1",1460001,1560000
"NC_036870.1",1520000,0.0142709,0,0.246004,0.246004,"chr036870.1",1470001,1570000
"NC_036870.1",2640000,0.0821148,0.210637,0.0468782,0.210637,"chr036870.1",2590001,2690000
"NC_036870.1",2650000,0.0963429,0.231534,0.0596204,0.231534,"chr036870.1",2600001,2700000
"NC_036870.1",3050000,0.199568,0,0,0.199568,"chr036870.1",3000001,3100000
"NC_036870.1",3060000,0.208332,0,0,0.208332,"chr036870.1",3010001,3110000
"NC_036870.1",4440000,0,0.199544,0.0821274,0.199544,"chr036870.1",4390001,4490000
"NC_036870.1",4720000,0.0118147,0.0652251,0.20327,0.20327,"chr036870.1",4670001,4770000
"NC_036870.1",4730000,0,0.0527124,0.217094,0.217094,"chr036870.1",4680001,4780000
"NC_036870.1",4740000,0,0.0645805,0.221881,0.221881,"chr036870.1",4690001,4790000
"NC_036870.1",5080000,0,0.20549,0,0.20549,"chr036870.1",5030001,5130000
"NC_036870.1",5090000,0,0.22545,0,0.22545,"chr036870.1",5040001,5140000
"NC_036870.1",5100000,0,0.202704,0,0.202704,"chr036870.1",5050001,5150000
"NC_036870.1",6020000,0.0375464,0.087077,0.259224,0.259224,"chr036870.1",5970001,6070000
"NC_036870.1",6030000,0.0236871,0.103536,0.274316,0.274316,"chr036870.1",5980001,6080000
"NC_036870.1",6040000,0.0138125,0.114353,0.252985,0.252985,"chr036870.1",5990001,6090000
"NC_036870.1",6050000,0.0112014,0.114449,0.254873,0.254873,"chr036870.1",6000001,6100000
"NC_036870.1",6060000,0.0154938,0.109897,0.237053,0.237053,"chr036870.1",6010001,6110000
"NC_036870.1",6070000,0.004981,0.132489,0.24065,0.24065,"chr036870.1",6020001,6120000
"NC_036870.1",6180000,0.014749,0.290238,0,0.290238,"chr036870.1",6130001,6230000
"NC_036870.1",6190000,0.0152215,0.226144,0,0.226144,"chr036870.1",6140001,6240000
"NC_036870.1",6200000,0.0125218,0.200752,0,0.200752,"chr036870.1",6150001,6250000
"NC_036870.1",7e+06,0,0.219588,0.0486748,0.219588,"chr036870.1",6950001,7050000
"NC_036870.1",7010000,0,0.231192,0.0504138,0.231192,"chr036870.1",6960001,7060000
"NC_036870.1",7020000,0,0.246302,0.0474524,0.246302,"chr036870.1",6970001,7070000
"NC_036870.1",7030000,0,0.239053,0.047297,0.239053,"chr036870.1",6980001,7080000
"NC_036870.1",7040000,0,0.222378,0.0384524,0.222378,"chr036870.1",6990001,7090000
"NC_036870.1",7050000,0,0.20875,0.0348508,0.20875,"chr036870.1",7000001,7100000
"NC_036870.1",7060000,0,0.202254,0.0342848,0.202254,"chr036870.1",7010001,7110000
"NC_036870.1",7070000,0,0.200957,0.0345598,0.200957,"chr036870.1",7020001,7120000
"NC_036870.1",7200000,0,0.221046,0,0.221046,"chr036870.1",7150001,7250000
"NC_036870.1",7210000,0,0.237962,0,0.237962,"chr036870.1",7160001,7260000
"NC_036870.1",7220000,0,0.271913,0,0.271913,"chr036870.1",7170001,7270000
"NC_036870.1",7230000,0,0.273599,0,0.273599,"chr036870.1",7180001,7280000
"NC_036870.1",7240000,0,0.289121,0,0.289121,"chr036870.1",7190001,7290000
"NC_036870.1",7250000,0,0.285221,0,0.285221,"chr036870.1",7200001,7300000
"NC_036870.1",7260000,0,0.293759,0,0.293759,"chr036870.1",7210001,7310000
"NC_036870.1",7270000,0,0.272876,0,0.272876,"chr036870.1",7220001,7320000
"NC_036870.1",7280000,0,0.282888,0,0.282888,"chr036870.1",7230001,7330000
"NC_036870.1",7290000,0,0.2759,0,0.2759,"chr036870.1",7240001,7340000
"NC_036870.1",7300000,0.00432476,0.230853,0,0.230853,"chr036870.1",7250001,7350000
"NC_036870.1",7310000,0.0177742,0.21492,0,0.21492,"chr036870.1",7260001,7360000
"NC_036870.1",7530000,0.158509,0.222555,0.140971,0.222555,"chr036870.1",7480001,7580000
"NC_036870.1",7540000,0.205726,0.247121,0.185672,0.247121,"chr036870.1",7490001,7590000
"NC_036870.1",7550000,0.249657,0.293397,0.255339,0.293397,"chr036870.1",7500001,7600000
"NC_036870.1",7560000,0.272816,0.318101,0.298762,0.318101,"chr036870.1",7510001,7610000
"NC_036870.1",7570000,0.28056,0.329286,0.313904,0.329286,"chr036870.1",7520001,7620000
"NC_036870.1",7580000,0.28833,0.344549,0.339162,0.344549,"chr036870.1",7530001,7630000
"NC_036870.1",7590000,0.366818,0.402156,0.410719,0.410719,"chr036870.1",7540001,7640000
"NC_036870.1",7600000,0.368208,0.379887,0.399202,0.399202,"chr036870.1",7550001,7650000
"NC_036870.1",7610000,0.370545,0.355139,0.369105,0.370545,"chr036870.1",7560001,7660000
"NC_036870.1",7620000,0.366139,0.328575,0.326017,0.366139,"chr036870.1",7570001,7670000
"NC_036870.1",7630000,0.320452,0.287302,0.282885,0.320452,"chr036870.1",7580001,7680000
"NC_036870.1",7640000,0.304834,0.27814,0.265759,0.304834,"chr036870.1",7590001,7690000
"NC_036870.1",7650000,0.27359,0.241301,0.224878,0.27359,"chr036870.1",7600001,7700000
"NC_036870.1",7660000,0.296377,0.162892,0.12607,0.296377,"chr036870.1",7610001,7710000
"NC_036870.1",7670000,0.264966,0.107182,0.0697921,0.264966,"chr036870.1",7620001,7720000
"NC_036870.1",7680000,0.215586,0.0512943,0.0203238,0.215586,"chr036870.1",7630001,7730000
"NC_036870.1",7700000,0.207847,0.0279956,0,0.207847,"chr036870.1",7650001,7750000
"NC_036870.1",7710000,0.210117,0.0278606,0,0.210117,"chr036870.1",7660001,7760000
"NC_036870.1",7720000,0.209311,0.0355852,0.00284528,0.209311,"chr036870.1",7670001,7770000
"NC_036870.1",7790000,0.131429,0.217405,0.0906759,0.217405,"chr036870.1",7740001,7840000
"NC_036870.1",7800000,0.0924184,0.253013,0.113165,0.253013,"chr036870.1",7750001,7850000
"NC_036870.1",7810000,0.0851304,0.274458,0.126092,0.274458,"chr036870.1",7760001,7860000
"NC_036870.1",7820000,0.0567018,0.277757,0.118455,0.277757,"chr036870.1",7770001,7870000
"NC_036870.1",7830000,0.060651,0.335668,0.129949,0.335668,"chr036870.1",7780001,7880000
"NC_036870.1",7840000,0.0484543,0.285156,0.0988567,0.285156,"chr036870.1",7790001,7890000
"NC_036870.1",7850000,0.0456212,0.280071,0.10421,0.280071,"chr036870.1",7800001,7900000
"NC_036870.1",7860000,0.067189,0.314965,0.116395,0.314965,"chr036870.1",7810001,7910000
"NC_036870.1",7870000,0.0730001,0.328868,0.123854,0.328868,"chr036870.1",7820001,7920000
"NC_036870.1",8550000,0,0,0.209393,0.209393,"chr036870.1",8500001,8600000
"NC_036870.1",9810000,0.0183366,0.0387827,0.224996,0.224996,"chr036870.1",9760001,9860000
"NC_036870.1",9820000,0.0297543,0.037932,0.22571,0.22571,"chr036870.1",9770001,9870000
"NC_036870.1",9830000,0.0369163,0.0268818,0.217258,0.217258,"chr036870.1",9780001,9880000
"NC_036870.1",9840000,0.044396,0.0176768,0.210599,0.210599,"chr036870.1",9790001,9890000
"NC_036870.1",9850000,0.0448097,0.018216,0.212797,0.212797,"chr036870.1",9800001,9900000
"NC_036870.1",9860000,0.0357311,0.0193331,0.224723,0.224723,"chr036870.1",9810001,9910000
"NC_036870.1",9870000,0.0382421,0.0196902,0.214111,0.214111,"chr036870.1",9820001,9920000
"NC_036870.1",10020000,0.0536113,0.053166,0.201664,0.201664,"chr036870.1",9970001,10070000
"NC_036870.1",11070000,0.0164273,0.0804616,0.23782,0.23782,"chr036870.1",11020001,11120000
"NC_036870.1",11080000,0.0512162,0.0830338,0.274133,0.274133,"chr036870.1",11030001,11130000
"NC_036870.1",11090000,0.068271,0.090041,0.267052,0.267052,"chr036870.1",11040001,11140000
"NC_036870.1",11100000,0.0661166,0.0969613,0.248843,0.248843,"chr036870.1",11050001,11150000
"NC_036870.1",11110000,0.0589779,0.107928,0.264942,0.264942,"chr036870.1",11060001,11160000
"NC_036870.1",11120000,0.0623955,0.117273,0.259583,0.259583,"chr036870.1",11070001,11170000
"NC_036870.1",11130000,0.0575681,0.109635,0.245464,0.245464,"chr036870.1",11080001,11180000
"NC_036870.1",11140000,0.0560327,0.104139,0.238451,0.238451,"chr036870.1",11090001,11190000
"NC_036870.1",11150000,0.0578739,0.0968328,0.21005,0.21005,"chr036870.1",11100001,11200000
"NC_036870.1",11160000,0.0677506,0.0905166,0.205257,0.205257,"chr036870.1",11110001,11210000
"NC_036870.1",11680000,0.228271,0.136681,0,0.228271,"chr036870.1",11630001,11730000
"NC_036870.1",11690000,0.25529,0.125425,0.00642492,0.25529,"chr036870.1",11640001,11740000
"NC_036870.1",11700000,0.246461,0.11793,0.00378656,0.246461,"chr036870.1",11650001,11750000
"NC_036870.1",11710000,0.274368,0.1283,0.00465689,0.274368,"chr036870.1",11660001,11760000
"NC_036870.1",11720000,0.31056,0.1439,0.00800076,0.31056,"chr036870.1",11670001,11770000
"NC_036870.1",11730000,0.315004,0.121244,0,0.315004,"chr036870.1",11680001,11780000
"NC_036870.1",11740000,0.310608,0.117446,0,0.310608,"chr036870.1",11690001,11790000
"NC_036870.1",11750000,0.329144,0.111842,0,0.329144,"chr036870.1",11700001,11800000
"NC_036870.1",11760000,0.333109,0.097597,0,0.333109,"chr036870.1",11710001,11810000
"NC_036870.1",11770000,0.262123,0.00436113,0,0.262123,"chr036870.1",11720001,11820000
"NC_036870.1",11970000,0.25511,0,0,0.25511,"chr036870.1",11920001,12020000
"NC_036870.1",11980000,0.254227,0,0,0.254227,"chr036870.1",11930001,12030000
"NC_036870.1",11990000,0.247184,0,0,0.247184,"chr036870.1",11940001,12040000
"NC_036870.1",1.2e+07,0.240982,0,0,0.240982,"chr036870.1",11950001,12050000
"NC_036870.1",12010000,0.222691,0,0,0.222691,"chr036870.1",11960001,12060000
"NC_036870.1",12020000,0.225393,0,0,0.225393,"chr036870.1",11970001,12070000
"NC_036870.1",12030000,0.214354,0,0,0.214354,"chr036870.1",11980001,12080000
"NC_036870.1",12040000,0.21213,0,0,0.21213,"chr036870.1",11990001,12090000
"NC_036870.1",12870000,0,0.010213,0.202841,0.202841,"chr036870.1",12820001,12920000
"NC_036870.1",12880000,0,0.00813083,0.210155,0.210155,"chr036870.1",12830001,12930000
"NC_036870.1",12890000,0,0.0094124,0.229258,0.229258,"chr036870.1",12840001,12940000
"NC_036870.1",12900000,0,0.0151428,0.291418,0.291418,"chr036870.1",12850001,12950000
"NC_036870.1",12910000,0.000184916,0.0143723,0.312408,0.312408,"chr036870.1",12860001,12960000
"NC_036870.1",12920000,0.00615335,0.0174239,0.33554,0.33554,"chr036870.1",12870001,12970000
"NC_036870.1",12930000,0.00553944,0.0282549,0.432359,0.432359,"chr036870.1",12880001,12980000
"NC_036870.1",12940000,0.00445246,0.0138387,0.446209,0.446209,"chr036870.1",12890001,12990000
"NC_036870.1",12950000,0.00936564,0.0178745,0.434298,0.434298,"chr036870.1",12900001,1.3e+07
"NC_036870.1",12960000,0.00777568,0,0.374731,0.374731,"chr036870.1",12910001,13010000
"NC_036870.1",12970000,0.0167389,0.00800105,0.301152,0.301152,"chr036870.1",12920001,13020000
"NC_036870.1",12980000,0.0311844,0.00319553,0.22588,0.22588,"chr036870.1",12930001,13030000
"NC_036870.1",14690000,0.0250181,0.012904,0.233575,0.233575,"chr036870.1",14640001,14740000
"NC_036870.1",14700000,0.031611,0.0165622,0.261315,0.261315,"chr036870.1",14650001,14750000
"NC_036870.1",14710000,0.0260253,0.022375,0.258353,0.258353,"chr036870.1",14660001,14760000
"NC_036870.1",14720000,0.0157267,0.0309497,0.232343,0.232343,"chr036870.1",14670001,14770000
"NC_036870.1",30200000,0,0.210267,0,0.210267,"chr036870.1",30150001,30250000
"NC_036870.1",30210000,0,0.242626,0,0.242626,"chr036870.1",30160001,30260000
"NC_036870.1",30220000,0,0.242115,0,0.242115,"chr036870.1",30170001,30270000
"NC_036871.1",640000,0.0411659,0.220065,0.0146082,0.220065,"chr036871.1",590001,690000
"NC_036871.1",650000,0.0449745,0.272989,0.0448634,0.272989,"chr036871.1",600001,7e+05
"NC_036871.1",660000,0.048505,0.272312,0.0594528,0.272312,"chr036871.1",610001,710000
"NC_036871.1",670000,0.0473249,0.23775,0.0484969,0.23775,"chr036871.1",620001,720000
"NC_036871.1",680000,0.0643964,0.257032,0.0609475,0.257032,"chr036871.1",630001,730000
"NC_036871.1",690000,0.0727605,0.293262,0.0736535,0.293262,"chr036871.1",640001,740000
"NC_036871.1",7e+05,0.0824988,0.302095,0.0770087,0.302095,"chr036871.1",650001,750000
"NC_036871.1",710000,0.103353,0.317074,0.0901735,0.317074,"chr036871.1",660001,760000
"NC_036871.1",720000,0.132939,0.338053,0.103812,0.338053,"chr036871.1",670001,770000
"NC_036871.1",730000,0.138575,0.336832,0.115822,0.336832,"chr036871.1",680001,780000
"NC_036871.1",740000,0.162178,0.305124,0.10576,0.305124,"chr036871.1",690001,790000
"NC_036871.1",750000,0.182767,0.280772,0.101441,0.280772,"chr036871.1",700001,8e+05
"NC_036871.1",760000,0.194054,0.271415,0.0766971,0.271415,"chr036871.1",710001,810000
"NC_036871.1",770000,0.231387,0.295615,0.0939141,0.295615,"chr036871.1",720001,820000
"NC_036871.1",780000,0.229291,0.298754,0.0935128,0.298754,"chr036871.1",730001,830000
"NC_036871.1",790000,0.201115,0.256087,0.0781591,0.256087,"chr036871.1",740001,840000
"NC_036871.1",8e+05,0.209254,0.244482,0.0546493,0.244482,"chr036871.1",750001,850000
"NC_036871.1",810000,0.197732,0.233896,0.0600741,0.233896,"chr036871.1",760001,860000
"NC_036871.1",5030000,0.210985,0,0,0.210985,"chr036871.1",4980001,5080000
"NC_036871.1",5040000,0.207987,0,0,0.207987,"chr036871.1",4990001,5090000
"NC_036871.1",5050000,0.210162,0,0,0.210162,"chr036871.1",5000001,5100000
"NC_036871.1",5060000,0.213404,0,0,0.213404,"chr036871.1",5010001,5110000
"NC_036871.1",5070000,0.25924,0,0,0.25924,"chr036871.1",5020001,5120000
"NC_036871.1",5080000,0.29092,0,0,0.29092,"chr036871.1",5030001,5130000
"NC_036871.1",5090000,0.267412,0,0,0.267412,"chr036871.1",5040001,5140000
"NC_036871.1",5100000,0.294785,0,0,0.294785,"chr036871.1",5050001,5150000
"NC_036871.1",5110000,0.287858,0,0,0.287858,"chr036871.1",5060001,5160000
"NC_036871.1",5120000,0.28087,0,0,0.28087,"chr036871.1",5070001,5170000
"NC_036871.1",5130000,0.28995,0,0,0.28995,"chr036871.1",5080001,5180000
"NC_036871.1",5140000,0.294848,0,0,0.294848,"chr036871.1",5090001,5190000
"NC_036871.1",5150000,0.3067,0,0,0.3067,"chr036871.1",5100001,5200000
"NC_036871.1",5160000,0.341638,0,0,0.341638,"chr036871.1",5110001,5210000
"NC_036871.1",5170000,0.319215,0,0,0.319215,"chr036871.1",5120001,5220000
"NC_036871.1",5180000,0.254851,0,0.00277733,0.254851,"chr036871.1",5130001,5230000
"NC_036871.1",5190000,0.213609,0,0.0249925,0.213609,"chr036871.1",5140001,5240000
"NC_036871.1",5200000,0.220914,0,0.0412535,0.220914,"chr036871.1",5150001,5250000
"NC_036871.1",5210000,0.209466,0,0.0322674,0.209466,"chr036871.1",5160001,5260000
"NC_036871.1",6690000,0,0,0.227935,0.227935,"chr036871.1",6640001,6740000
"NC_036871.1",8640000,0,0,0.230289,0.230289,"chr036871.1",8590001,8690000
"NC_036871.1",8650000,0,0,0.317654,0.317654,"chr036871.1",8600001,8700000
"NC_036871.1",8660000,0,0,0.330653,0.330653,"chr036871.1",8610001,8710000
"NC_036871.1",8670000,0.00399768,0.0087801,0.40053,0.40053,"chr036871.1",8620001,8720000
"NC_036871.1",8680000,0.017555,0.0180827,0.404525,0.404525,"chr036871.1",8630001,8730000
"NC_036871.1",8690000,0.0190444,0.00713307,0.40501,0.40501,"chr036871.1",8640001,8740000
"NC_036871.1",8700000,0.0195815,0.00621421,0.397016,0.397016,"chr036871.1",8650001,8750000
"NC_036871.1",8710000,0.0235628,0.00843314,0.409777,0.409777,"chr036871.1",8660001,8760000
"NC_036871.1",8720000,0.0180647,0,0.356819,0.356819,"chr036871.1",8670001,8770000
"NC_036871.1",8760000,0,0,0.208433,0.208433,"chr036871.1",8710001,8810000
"NC_036871.1",8770000,0,0,0.223872,0.223872,"chr036871.1",8720001,8820000
"NC_036871.1",8780000,0,0,0.291227,0.291227,"chr036871.1",8730001,8830000
"NC_036871.1",8790000,0.0144022,0,0.297512,0.297512,"chr036871.1",8740001,8840000
"NC_036871.1",11030000,0.233141,0,0.0123166,0.233141,"chr036871.1",10980001,11080000
"NC_036871.1",12070000,0,0.261954,0.0132655,0.261954,"chr036871.1",12020001,12120000
"NC_036871.1",12080000,0,0.304217,0.0171561,0.304217,"chr036871.1",12030001,12130000
"NC_036871.1",12090000,0,0.314627,0.0143742,0.314627,"chr036871.1",12040001,12140000
"NC_036871.1",12100000,0,0.322763,0.0103967,0.322763,"chr036871.1",12050001,12150000
"NC_036871.1",12110000,0,0.332138,0.00713436,0.332138,"chr036871.1",12060001,12160000
"NC_036871.1",12120000,0,0.329302,0.0159872,0.329302,"chr036871.1",12070001,12170000
"NC_036871.1",12130000,0,0.320841,0.014391,0.320841,"chr036871.1",12080001,12180000
"NC_036871.1",12140000,0,0.318098,0.0138136,0.318098,"chr036871.1",12090001,12190000
"NC_036871.1",12150000,0,0.309761,0.0114981,0.309761,"chr036871.1",12100001,12200000
"NC_036871.1",12160000,0,0.273507,0.008634,0.273507,"chr036871.1",12110001,12210000
"NC_036871.1",12170000,0,0.223367,0.0154337,0.223367,"chr036871.1",12120001,12220000
"NC_036871.1",12500000,0.227792,0.0391858,0.0458055,0.227792,"chr036871.1",12450001,12550000
"NC_036871.1",12550000,0.205314,0.040163,0.0569762,0.205314,"chr036871.1",12500001,12600000
"NC_036871.1",12560000,0.213775,0.0424041,0.0644382,0.213775,"chr036871.1",12510001,12610000
"NC_036871.1",12570000,0.210847,0.0403685,0.0758745,0.210847,"chr036871.1",12520001,12620000
"NC_036871.1",12580000,0.199541,0.023503,0.0568331,0.199541,"chr036871.1",12530001,12630000
"NC_036871.1",12590000,0.302165,0.0486425,0.0764706,0.302165,"chr036871.1",12540001,12640000
"NC_036871.1",12600000,0.297848,0.0471927,0.0693304,0.297848,"chr036871.1",12550001,12650000
"NC_036871.1",12610000,0.425847,0.0709429,0.0852875,0.425847,"chr036871.1",12560001,12660000
"NC_036871.1",12620000,0.417033,0.0661599,0.0848867,0.417033,"chr036871.1",12570001,12670000
"NC_036871.1",12630000,0.393782,0.0631757,0.0692723,0.393782,"chr036871.1",12580001,12680000
"NC_036871.1",12640000,0.38463,0.058252,0.0540808,0.38463,"chr036871.1",12590001,12690000
"NC_036871.1",12650000,0.375028,0.051639,0.0543838,0.375028,"chr036871.1",12600001,12700000
"NC_036871.1",12660000,0.353882,0.0428893,0.046174,0.353882,"chr036871.1",12610001,12710000
"NC_036871.1",12670000,0.334541,0.0436514,0.0316003,0.334541,"chr036871.1",12620001,12720000
"NC_036871.1",12680000,0.312393,0.0525508,0.0455893,0.312393,"chr036871.1",12630001,12730000
"NC_036871.1",12740000,0,0.233812,0,0.233812,"chr036871.1",12690001,12790000
"NC_036871.1",12750000,0,0.243294,0,0.243294,"chr036871.1",12700001,12800000
"NC_036871.1",12760000,0,0.304109,0,0.304109,"chr036871.1",12710001,12810000
"NC_036871.1",12770000,0.0118916,0.315342,0,0.315342,"chr036871.1",12720001,12820000
"NC_036871.1",12780000,0.0340171,0.340162,0,0.340162,"chr036871.1",12730001,12830000
"NC_036871.1",12790000,0.0426946,0.322065,0,0.322065,"chr036871.1",12740001,12840000
"NC_036871.1",12800000,0.0382086,0.32183,0,0.32183,"chr036871.1",12750001,12850000
"NC_036871.1",12810000,0.0353785,0.260728,0,0.260728,"chr036871.1",12760001,12860000
"NC_036871.1",12820000,0.0359931,0.240215,0,0.240215,"chr036871.1",12770001,12870000
"NC_036871.1",12830000,0.0233738,0.248776,0,0.248776,"chr036871.1",12780001,12880000
"NC_036871.1",13010000,0,0.204687,0,0.204687,"chr036871.1",12960001,13060000
"NC_036871.1",13040000,0.00417643,0.2232,0,0.2232,"chr036871.1",12990001,13090000
"NC_036871.1",13050000,0.0117193,0.206804,0,0.206804,"chr036871.1",13000001,13100000
"NC_036871.1",13080000,0.0177169,0.205546,0,0.205546,"chr036871.1",13030001,13130000
"NC_036871.1",13520000,0.0142357,0.204774,0,0.204774,"chr036871.1",13470001,13570000
"NC_036871.1",13950000,0.071059,0.210669,0.0144521,0.210669,"chr036871.1",13900001,1.4e+07
"NC_036871.1",13960000,0.0760624,0.22628,0.0169799,0.22628,"chr036871.1",13910001,14010000
"NC_036871.1",13970000,0.0734074,0.237143,0.0210393,0.237143,"chr036871.1",13920001,14020000
"NC_036871.1",13980000,0.0677468,0.239712,0.0291882,0.239712,"chr036871.1",13930001,14030000
"NC_036871.1",13990000,0.0698796,0.266607,0.0387361,0.266607,"chr036871.1",13940001,14040000
"NC_036871.1",1.4e+07,0.0647974,0.258093,0.0575492,0.258093,"chr036871.1",13950001,14050000
"NC_036871.1",14040000,0.00126135,0.206476,0,0.206476,"chr036871.1",13990001,14090000
"NC_036871.1",14280000,0.035714,0.0448969,0.207172,0.207172,"chr036871.1",14230001,14330000
"NC_036871.1",14290000,0.0410139,0.066162,0.334295,0.334295,"chr036871.1",14240001,14340000
"NC_036871.1",14300000,0.0453512,0.0423903,0.277558,0.277558,"chr036871.1",14250001,14350000
"NC_036871.1",14310000,0.0334031,0.0614179,0.292145,0.292145,"chr036871.1",14260001,14360000
"NC_036871.1",14320000,0.00618492,0.0337569,0.308676,0.308676,"chr036871.1",14270001,14370000
"NC_036871.1",14330000,0,0.0271468,0.314452,0.314452,"chr036871.1",14280001,14380000
"NC_036871.1",14340000,0,0.0344485,0.374386,0.374386,"chr036871.1",14290001,14390000
"NC_036871.1",14350000,0,0.0334652,0.376318,0.376318,"chr036871.1",14300001,14400000
"NC_036871.1",14360000,0,0.0193935,0.408901,0.408901,"chr036871.1",14310001,14410000
"NC_036871.1",14370000,0,0.0235528,0.368473,0.368473,"chr036871.1",14320001,14420000
"NC_036871.1",14380000,0,0.0249228,0.313008,0.313008,"chr036871.1",14330001,14430000
"NC_036871.1",14390000,0.0211165,0.041786,0.316461,0.316461,"chr036871.1",14340001,14440000
"NC_036871.1",14400000,0,0.0463294,0.337272,0.337272,"chr036871.1",14350001,14450000
"NC_036871.1",14410000,0,0,0.227434,0.227434,"chr036871.1",14360001,14460000
"NC_036871.1",15190000,0.0268577,0,0.225159,0.225159,"chr036871.1",15140001,15240000
"NC_036871.1",15200000,0.00315708,0,0.244519,0.244519,"chr036871.1",15150001,15250000
"NC_036871.1",15210000,0,0,0.228315,0.228315,"chr036871.1",15160001,15260000
"NC_036871.1",15220000,0,0,0.228033,0.228033,"chr036871.1",15170001,15270000
"NC_036871.1",15230000,0,0,0.219983,0.219983,"chr036871.1",15180001,15280000
"NC_036871.1",15240000,0,0,0.222056,0.222056,"chr036871.1",15190001,15290000
"NC_036871.1",15250000,0,0.00212964,0.210056,0.210056,"chr036871.1",15200001,15300000
"NC_036871.1",15260000,0,0.00844828,0.211013,0.211013,"chr036871.1",15210001,15310000
"NC_036871.1",15270000,0.0026139,0.0183328,0.201227,0.201227,"chr036871.1",15220001,15320000
"NC_036871.1",16530000,0.251732,0.207981,0.0156537,0.251732,"chr036871.1",16480001,16580000
"NC_036871.1",16540000,0.297165,0.246725,0.00468079,0.297165,"chr036871.1",16490001,16590000
"NC_036871.1",16550000,0.357038,0.284062,0.00975275,0.357038,"chr036871.1",16500001,16600000
"NC_036871.1",16560000,0.331338,0.222514,0.0099537,0.331338,"chr036871.1",16510001,16610000
"NC_036871.1",16570000,0.306399,0.207524,0.0127089,0.306399,"chr036871.1",16520001,16620000
"NC_036871.1",16580000,0.309419,0.215331,0.0141454,0.309419,"chr036871.1",16530001,16630000
"NC_036871.1",16590000,0.316317,0.21565,0.0106533,0.316317,"chr036871.1",16540001,16640000
"NC_036871.1",16600000,0.312658,0.21856,0.00568331,0.312658,"chr036871.1",16550001,16650000
"NC_036871.1",16610000,0.288769,0.199787,0.00520523,0.288769,"chr036871.1",16560001,16660000
"NC_036871.1",16620000,0.215069,0.124851,0,0.215069,"chr036871.1",16570001,16670000
"NC_036871.1",16640000,0.229346,0.111776,0.00465033,0.229346,"chr036871.1",16590001,16690000
"NC_036871.1",16650000,0.215595,0.105142,0.00612297,0.215595,"chr036871.1",16600001,16700000
"NC_036871.1",16660000,0.267128,0.156271,0.0113658,0.267128,"chr036871.1",16610001,16710000
"NC_036871.1",16670000,0.296974,0.183894,0.0200743,0.296974,"chr036871.1",16620001,16720000
"NC_036871.1",16680000,0.295163,0.183624,0.0473878,0.295163,"chr036871.1",16630001,16730000
"NC_036871.1",16690000,0.296731,0.204768,0.0734105,0.296731,"chr036871.1",16640001,16740000
"NC_036871.1",16700000,0.300306,0.216788,0.0857113,0.300306,"chr036871.1",16650001,16750000
"NC_036871.1",16710000,0.341102,0.255974,0.112384,0.341102,"chr036871.1",16660001,16760000
"NC_036871.1",16720000,0.34692,0.269063,0.12933,0.34692,"chr036871.1",16670001,16770000
"NC_036871.1",16730000,0.418641,0.319011,0.171249,0.418641,"chr036871.1",16680001,16780000
"NC_036871.1",16740000,0.350685,0.316735,0.20739,0.350685,"chr036871.1",16690001,16790000
"NC_036871.1",16750000,0.156563,0.296178,0.258255,0.296178,"chr036871.1",16700001,16800000
"NC_036871.1",16760000,0.0363176,0.234342,0.256605,0.256605,"chr036871.1",16710001,16810000
"NC_036871.1",16770000,0.00332257,0.197309,0.251215,0.251215,"chr036871.1",16720001,16820000
"NC_036871.1",16780000,0,0.203651,0.25444,0.25444,"chr036871.1",16730001,16830000
"NC_036871.1",16790000,0,0.187639,0.237153,0.237153,"chr036871.1",16740001,16840000
"NC_036871.1",17140000,0.1525,0.224384,0.221064,0.224384,"chr036871.1",17090001,17190000
"NC_036871.1",17150000,0.152042,0.223347,0.210066,0.223347,"chr036871.1",17100001,17200000
"NC_036871.1",17160000,0.148402,0.210631,0.18748,0.210631,"chr036871.1",17110001,17210000
"NC_036871.1",17170000,0.147857,0.205811,0.158076,0.205811,"chr036871.1",17120001,17220000
"NC_036871.1",17180000,0.154439,0.215431,0.159561,0.215431,"chr036871.1",17130001,17230000
"NC_036871.1",17190000,0.134057,0.222763,0.148756,0.222763,"chr036871.1",17140001,17240000
"NC_036871.1",17200000,0.134737,0.22509,0.150573,0.22509,"chr036871.1",17150001,17250000
"NC_036871.1",17210000,0.136576,0.200597,0.141755,0.200597,"chr036871.1",17160001,17260000
"NC_036871.1",17490000,0,0,0.24493,0.24493,"chr036871.1",17440001,17540000
"NC_036871.1",17500000,0,0,0.224235,0.224235,"chr036871.1",17450001,17550000
"NC_036871.1",17510000,0,0,0.222814,0.222814,"chr036871.1",17460001,17560000
"NC_036871.1",17520000,0,0,0.237759,0.237759,"chr036871.1",17470001,17570000
"NC_036871.1",17530000,0,0,0.265872,0.265872,"chr036871.1",17480001,17580000
"NC_036871.1",17540000,0,0,0.284592,0.284592,"chr036871.1",17490001,17590000
"NC_036871.1",17550000,0,0,0.284107,0.284107,"chr036871.1",17500001,17600000
"NC_036871.1",17560000,0,0,0.29743,0.29743,"chr036871.1",17510001,17610000
"NC_036871.1",17570000,0,0,0.317404,0.317404,"chr036871.1",17520001,17620000
"NC_036871.1",17580000,0,0,0.295695,0.295695,"chr036871.1",17530001,17630000
"NC_036871.1",18030000,0.194269,0.128955,0.233278,0.233278,"chr036871.1",17980001,18080000
"NC_036871.1",18040000,0.282715,0.216911,0.325916,0.325916,"chr036871.1",17990001,18090000
"NC_036871.1",18050000,0.338109,0.332154,0.341728,0.341728,"chr036871.1",18000001,18100000
"NC_036871.1",18060000,0.37796,0.386685,0.350172,0.386685,"chr036871.1",18010001,18110000
"NC_036871.1",18070000,0.415997,0.444115,0.362891,0.444115,"chr036871.1",18020001,18120000
"NC_036871.1",18080000,0.412719,0.445792,0.33394,0.445792,"chr036871.1",18030001,18130000
"NC_036871.1",18090000,0.42647,0.460208,0.328023,0.460208,"chr036871.1",18040001,18140000
"NC_036871.1",18100000,0.425012,0.453073,0.325206,0.453073,"chr036871.1",18050001,18150000
"NC_036871.1",18110000,0.422939,0.45463,0.309307,0.45463,"chr036871.1",18060001,18160000
"NC_036871.1",18120000,0.433242,0.461982,0.310033,0.461982,"chr036871.1",18070001,18170000
"NC_036871.1",18130000,0.448898,0.473506,0.289523,0.473506,"chr036871.1",18080001,18180000
"NC_036871.1",18140000,0.278951,0.308749,0.0636029,0.308749,"chr036871.1",18090001,18190000
"NC_036871.1",18150000,0.24142,0.26336,0.0464013,0.26336,"chr036871.1",18100001,18200000
"NC_036871.1",18220000,0.187656,0.222795,0.0210082,0.222795,"chr036871.1",18170001,18270000
"NC_036871.1",18230000,0.189704,0.224804,0.0232573,0.224804,"chr036871.1",18180001,18280000
"NC_036871.1",18240000,0.277718,0.30985,0.0353925,0.30985,"chr036871.1",18190001,18290000
"NC_036871.1",18250000,0.285476,0.332804,0.0402727,0.332804,"chr036871.1",18200001,18300000
"NC_036871.1",18260000,0.322579,0.384854,0.0469427,0.384854,"chr036871.1",18210001,18310000
"NC_036871.1",18270000,0.24232,0.321895,0.0940349,0.321895,"chr036871.1",18220001,18320000
"NC_036871.1",18280000,0.219272,0.317149,0.0978673,0.317149,"chr036871.1",18230001,18330000
"NC_036871.1",18290000,0.227412,0.316724,0.10088,0.316724,"chr036871.1",18240001,18340000
"NC_036871.1",18300000,0.230025,0.320629,0.114446,0.320629,"chr036871.1",18250001,18350000
"NC_036871.1",18310000,0.173496,0.268772,0.110603,0.268772,"chr036871.1",18260001,18360000
"NC_036871.1",18320000,0.119174,0.216283,0.104094,0.216283,"chr036871.1",18270001,18370000
"NC_036871.1",18330000,0.113411,0.208852,0.0999527,0.208852,"chr036871.1",18280001,18380000
"NC_036871.1",18670000,0.0495471,0.279417,0,0.279417,"chr036871.1",18620001,18720000
"NC_036871.1",18680000,0.0639312,0.352352,0,0.352352,"chr036871.1",18630001,18730000
"NC_036871.1",18690000,0.059537,0.401108,0,0.401108,"chr036871.1",18640001,18740000
"NC_036871.1",18700000,0.021539,0.402954,0,0.402954,"chr036871.1",18650001,18750000
"NC_036871.1",18710000,0.00520294,0.414231,0,0.414231,"chr036871.1",18660001,18760000
"NC_036871.1",18720000,0.00513686,0.432173,0,0.432173,"chr036871.1",18670001,18770000
"NC_036871.1",18730000,0.0269878,0.437841,0.00158025,0.437841,"chr036871.1",18680001,18780000
"NC_036871.1",18740000,0.0660265,0.440424,0.0359648,0.440424,"chr036871.1",18690001,18790000
"NC_036871.1",18750000,0.113641,0.439385,0.0746233,0.439385,"chr036871.1",18700001,18800000
"NC_036871.1",18760000,0.119232,0.43413,0.0783865,0.43413,"chr036871.1",18710001,18810000
"NC_036871.1",18770000,0.119283,0.429764,0.0563803,0.429764,"chr036871.1",18720001,18820000
"NC_036871.1",18780000,0.102925,0.392432,0.0870218,0.392432,"chr036871.1",18730001,18830000
"NC_036871.1",18790000,0.0666404,0.318091,0.159958,0.318091,"chr036871.1",18740001,18840000
"NC_036871.1",18800000,0.0866023,0.35691,0.123023,0.35691,"chr036871.1",18750001,18850000
"NC_036871.1",18810000,0.0771353,0.363896,0.129908,0.363896,"chr036871.1",18760001,18860000
"NC_036871.1",18820000,0.0782592,0.355541,0.138717,0.355541,"chr036871.1",18770001,18870000
"NC_036871.1",18830000,0.0784791,0.369266,0.132577,0.369266,"chr036871.1",18780001,18880000
"NC_036871.1",18840000,0.0736268,0.364546,0.132115,0.364546,"chr036871.1",18790001,18890000
"NC_036871.1",18850000,0.0874862,0.376325,0.122908,0.376325,"chr036871.1",18800001,18900000
"NC_036871.1",18860000,0.091339,0.377598,0.121515,0.377598,"chr036871.1",18810001,18910000
"NC_036871.1",18870000,0.102187,0.376185,0.117062,0.376185,"chr036871.1",18820001,18920000
"NC_036871.1",18880000,0.114551,0.380744,0.110908,0.380744,"chr036871.1",18830001,18930000
"NC_036871.1",18890000,0.0889656,0.364857,0.0977939,0.364857,"chr036871.1",18840001,18940000
"NC_036871.1",18900000,0.10604,0.372792,0.097886,0.372792,"chr036871.1",18850001,18950000
"NC_036871.1",18910000,0.117884,0.357831,0.0921837,0.357831,"chr036871.1",18860001,18960000
"NC_036871.1",18920000,0.127354,0.320185,0.0422559,0.320185,"chr036871.1",18870001,18970000
"NC_036871.1",18930000,0.129004,0.294906,0.0244342,0.294906,"chr036871.1",18880001,18980000
"NC_036871.1",18940000,0.139876,0.267541,0.00641094,0.267541,"chr036871.1",18890001,18990000
"NC_036871.1",18950000,0.136511,0.228359,0,0.228359,"chr036871.1",18900001,1.9e+07
"NC_036871.1",18960000,0.142119,0.21604,0,0.21604,"chr036871.1",18910001,19010000
"NC_036871.1",19170000,0.0423981,0.23718,0.141512,0.23718,"chr036871.1",19120001,19220000
"NC_036871.1",19180000,0.00909069,0.215381,0.130659,0.215381,"chr036871.1",19130001,19230000
"NC_036871.1",19190000,0.0135354,0.228843,0.138022,0.228843,"chr036871.1",19140001,19240000
"NC_036871.1",19200000,0.00953788,0.257207,0.161344,0.257207,"chr036871.1",19150001,19250000
"NC_036871.1",19210000,0.000214652,0.302216,0.204142,0.302216,"chr036871.1",19160001,19260000
"NC_036871.1",19220000,0.00292151,0.302898,0.196845,0.302898,"chr036871.1",19170001,19270000
"NC_036871.1",19230000,0.0167883,0.28957,0.193378,0.28957,"chr036871.1",19180001,19280000
"NC_036871.1",19240000,0.00199338,0.277307,0.20352,0.277307,"chr036871.1",19190001,19290000
"NC_036871.1",19250000,0,0.25955,0.203877,0.25955,"chr036871.1",19200001,19300000
"NC_036871.1",19260000,0,0.231165,0.196039,0.231165,"chr036871.1",19210001,19310000
"NC_036871.1",19280000,0,0.226815,0.228959,0.228959,"chr036871.1",19230001,19330000
"NC_036871.1",19290000,0,0.281187,0.271143,0.281187,"chr036871.1",19240001,19340000
"NC_036871.1",19300000,0,0.280929,0.266176,0.280929,"chr036871.1",19250001,19350000
"NC_036871.1",19310000,0,0.237138,0.22454,0.237138,"chr036871.1",19260001,19360000
"NC_036871.1",19320000,0,0.250727,0.243004,0.250727,"chr036871.1",19270001,19370000
"NC_036871.1",19330000,0,0.25353,0.219378,0.25353,"chr036871.1",19280001,19380000
"NC_036871.1",19340000,0,0.245511,0.219931,0.245511,"chr036871.1",19290001,19390000
"NC_036871.1",19350000,0,0.268042,0.223109,0.268042,"chr036871.1",19300001,19400000
"NC_036871.1",19360000,0.000455625,0.232131,0.165616,0.232131,"chr036871.1",19310001,19410000
"NC_036871.1",19370000,0.00636123,0.255644,0.175372,0.255644,"chr036871.1",19320001,19420000
"NC_036871.1",19380000,0.0102561,0.261654,0.173657,0.261654,"chr036871.1",19330001,19430000
"NC_036871.1",19390000,0.0307828,0.211748,0.117347,0.211748,"chr036871.1",19340001,19440000
"NC_036871.1",20540000,0.00764949,0.233049,0.143111,0.233049,"chr036871.1",20490001,20590000
"NC_036871.1",20550000,0.018437,0.286561,0.166462,0.286561,"chr036871.1",20500001,20600000
"NC_036871.1",20560000,0.0188837,0.325661,0.185723,0.325661,"chr036871.1",20510001,20610000
"NC_036871.1",20570000,0.0149944,0.319045,0.176666,0.319045,"chr036871.1",20520001,20620000
"NC_036871.1",20580000,0.0151033,0.319045,0.177466,0.319045,"chr036871.1",20530001,20630000
"NC_036871.1",20590000,0.0282715,0.322948,0.17271,0.322948,"chr036871.1",20540001,20640000
"NC_036871.1",20600000,0.0286159,0.301726,0.155506,0.301726,"chr036871.1",20550001,20650000
"NC_036871.1",20610000,0.0354919,0.334903,0.174859,0.334903,"chr036871.1",20560001,20660000
"NC_036871.1",20620000,0.0573001,0.419082,0.23201,0.419082,"chr036871.1",20570001,20670000
"NC_036871.1",20630000,0.0589728,0.342562,0.155694,0.342562,"chr036871.1",20580001,20680000
"NC_036871.1",20640000,0.0614193,0.221675,0.0304174,0.221675,"chr036871.1",20590001,20690000
"NC_036871.1",20900000,0.147414,0.238453,0.00364533,0.238453,"chr036871.1",20850001,20950000
"NC_036871.1",20910000,0.139953,0.203529,0,0.203529,"chr036871.1",20860001,20960000
"NC_036871.1",20960000,0.115363,0.216022,0.00673982,0.216022,"chr036871.1",20910001,21010000
"NC_036871.1",21390000,0.0101742,0.0207208,0.20344,0.20344,"chr036871.1",21340001,21440000
"NC_036871.1",21410000,0.0238069,0.00889162,0.253557,0.253557,"chr036871.1",21360001,21460000
"NC_036871.1",21420000,0.0166746,0.00872669,0.218021,0.218021,"chr036871.1",21370001,21470000
"NC_036871.1",21430000,0.019652,0.00320241,0.21317,0.21317,"chr036871.1",21380001,21480000
"NC_036871.1",25300000,0.201449,0.0936121,0.118132,0.201449,"chr036871.1",25250001,25350000
"NC_036871.1",25310000,0.200755,0.0974789,0.135587,0.200755,"chr036871.1",25260001,25360000
"NC_036871.1",25350000,0.203385,0.122723,0.108415,0.203385,"chr036871.1",25300001,25400000
"NC_036871.1",25360000,0.21168,0.113039,0.1081,0.21168,"chr036871.1",25310001,25410000
"NC_036871.1",25370000,0.208281,0.105223,0.112034,0.208281,"chr036871.1",25320001,25420000
"NC_036871.1",25380000,0.217334,0.0933939,0.105173,0.217334,"chr036871.1",25330001,25430000
"NC_036871.1",25390000,0.217982,0.0744851,0.136254,0.217982,"chr036871.1",25340001,25440000
"NC_036871.1",25400000,0.233053,0.0856163,0.139675,0.233053,"chr036871.1",25350001,25450000
"NC_036871.1",25410000,0.241625,0.0924113,0.136484,0.241625,"chr036871.1",25360001,25460000
"NC_036871.1",25420000,0.249121,0.116669,0.137578,0.249121,"chr036871.1",25370001,25470000
"NC_036871.1",25430000,0.237619,0.0941083,0.128838,0.237619,"chr036871.1",25380001,25480000
"NC_036871.1",25440000,0.241943,0.0975196,0.079655,0.241943,"chr036871.1",25390001,25490000
"NC_036871.1",25450000,0.207961,0.0844401,0.0256584,0.207961,"chr036871.1",25400001,25500000
"NC_036871.1",26380000,0,0.202872,0,0.202872,"chr036871.1",26330001,26430000
"NC_036871.1",26560000,0.200456,0.0507108,0.0571042,0.200456,"chr036871.1",26510001,26610000
"NC_036871.1",26570000,0.216327,0.056979,0.0599536,0.216327,"chr036871.1",26520001,26620000
"NC_036871.1",26580000,0.247966,0.0713995,0.0670129,0.247966,"chr036871.1",26530001,26630000
"NC_036871.1",26590000,0.27481,0.0270743,0.0764595,0.27481,"chr036871.1",26540001,26640000
"NC_036871.1",26600000,0.289874,0.01365,0.0751926,0.289874,"chr036871.1",26550001,26650000
"NC_036871.1",26610000,0.232881,0,0.070761,0.232881,"chr036871.1",26560001,26660000
"NC_036871.1",27080000,0,0.200556,0,0.200556,"chr036871.1",27030001,27130000
"NC_036871.1",27090000,0,0.261049,0,0.261049,"chr036871.1",27040001,27140000
"NC_036871.1",27100000,0,0.292074,0,0.292074,"chr036871.1",27050001,27150000
"NC_036871.1",27110000,0,0.218976,0,0.218976,"chr036871.1",27060001,27160000
"NC_036871.1",27720000,0,0.214827,0,0.214827,"chr036871.1",27670001,27770000
"NC_036871.1",27730000,0,0.316564,0,0.316564,"chr036871.1",27680001,27780000
"NC_036871.1",27740000,0.00317273,0.215321,0,0.215321,"chr036871.1",27690001,27790000
"NC_036871.1",27750000,0,0.199402,0,0.199402,"chr036871.1",27700001,27800000
"NC_036871.1",28580000,0,0.212058,0,0.212058,"chr036871.1",28530001,28630000
"NC_036871.1",28590000,0,0.214693,0,0.214693,"chr036871.1",28540001,28640000
"NC_036871.1",29870000,0.0157698,0.0232124,0.211188,0.211188,"chr036871.1",29820001,29920000
"NC_036871.1",29880000,0.0175968,0.0175164,0.231104,0.231104,"chr036871.1",29830001,29930000
"NC_036871.1",29890000,0.0135598,0.0218983,0.219542,0.219542,"chr036871.1",29840001,29940000
"NC_036871.1",29900000,0.0140003,0.0247617,0.241653,0.241653,"chr036871.1",29850001,29950000
"NC_036871.1",29910000,0.0218563,0.0243375,0.238106,0.238106,"chr036871.1",29860001,29960000
"NC_036871.1",29920000,0.0223894,0.031123,0.249839,0.249839,"chr036871.1",29870001,29970000
"NC_036871.1",29930000,0.0471548,0.0526229,0.339254,0.339254,"chr036871.1",29880001,29980000
"NC_036871.1",29940000,0.0437738,0.0528388,0.292267,0.292267,"chr036871.1",29890001,29990000
"NC_036871.1",29950000,0.0330841,0.0364609,0.247257,0.247257,"chr036871.1",29900001,3e+07
"NC_036871.1",29960000,0.0111406,0.00738971,0.201134,0.201134,"chr036871.1",29910001,30010000
"NC_036871.1",30130000,0,0.00350088,0.205167,0.205167,"chr036871.1",30080001,30180000
"NC_036871.1",30140000,0,0.00455227,0.222079,0.222079,"chr036871.1",30090001,30190000
"NC_036871.1",30150000,0,0.0257232,0.23848,0.23848,"chr036871.1",30100001,30200000
"NC_036871.1",36520000,0.218577,0,0,0.218577,"chr036871.1",36470001,36570000
"NC_036871.1",36530000,0.2458,0,0,0.2458,"chr036871.1",36480001,36580000
"NC_036871.1",36540000,0.297985,0,0,0.297985,"chr036871.1",36490001,36590000
"NC_036871.1",36550000,0.274384,0,0,0.274384,"chr036871.1",36500001,36600000
"NC_036871.1",36560000,0.236182,0,0,0.236182,"chr036871.1",36510001,36610000
"NC_036871.1",36570000,0.246739,0,0,0.246739,"chr036871.1",36520001,36620000
"NC_036871.1",36580000,0.235547,0,0,0.235547,"chr036871.1",36530001,36630000
"NC_036871.1",36590000,0.228896,0,0,0.228896,"chr036871.1",36540001,36640000
"NC_036871.1",36600000,0.261561,0,0,0.261561,"chr036871.1",36550001,36650000
"NC_036871.1",36610000,0.26339,0,0,0.26339,"chr036871.1",36560001,36660000
"NC_036871.1",36620000,0.262209,0,0,0.262209,"chr036871.1",36570001,36670000
"NC_036871.1",36630000,0.264012,0,0,0.264012,"chr036871.1",36580001,36680000
"NC_036871.1",36640000,0.215412,0,0,0.215412,"chr036871.1",36590001,36690000
"NC_036871.1",36650000,0.223206,0,0,0.223206,"chr036871.1",36600001,36700000
"NC_036871.1",36660000,0.243892,0,0,0.243892,"chr036871.1",36610001,36710000
"NC_036871.1",36670000,0.255257,0,0,0.255257,"chr036871.1",36620001,36720000
"NC_036871.1",36680000,0.242527,0,0,0.242527,"chr036871.1",36630001,36730000
"NC_036871.1",36690000,0.238487,0,0,0.238487,"chr036871.1",36640001,36740000
"NC_036871.1",36700000,0.22359,0,0,0.22359,"chr036871.1",36650001,36750000
"NC_036871.1",36710000,0.206425,0,0,0.206425,"chr036871.1",36660001,36760000
"NC_036872.1",2240000,0.130816,0,0.231944,0.231944,"chr036872.1",2190001,2290000
"NC_036872.1",2250000,0.0521381,0.00675467,0.380704,0.380704,"chr036872.1",2200001,2300000
"NC_036872.1",2260000,0.0486893,0.0185763,0.394347,0.394347,"chr036872.1",2210001,2310000
"NC_036872.1",2270000,0.0388152,0.0231315,0.364134,0.364134,"chr036872.1",2220001,2320000
"NC_036872.1",2280000,0.0352978,0.0198661,0.298749,0.298749,"chr036872.1",2230001,2330000
"NC_036872.1",2290000,0.0319574,0.0168251,0.264732,0.264732,"chr036872.1",2240001,2340000
"NC_036872.1",2300000,0.0299373,0.0143621,0.257301,0.257301,"chr036872.1",2250001,2350000
"NC_036872.1",2310000,0.0279731,0.0129804,0.250796,0.250796,"chr036872.1",2260001,2360000
"NC_036872.1",2320000,0.0270916,0.0112816,0.248933,0.248933,"chr036872.1",2270001,2370000
"NC_036872.1",2330000,0.0204796,0.00882521,0.226876,0.226876,"chr036872.1",2280001,2380000
"NC_036872.1",2340000,0.0180326,0.00751208,0.220687,0.220687,"chr036872.1",2290001,2390000
"NC_036872.1",3340000,0.0223665,0.229146,0.051412,0.229146,"chr036872.1",3290001,3390000
"NC_036872.1",3360000,0.0236438,0.233678,0.031318,0.233678,"chr036872.1",3310001,3410000
"NC_036872.1",4380000,0,0.219909,0,0.219909,"chr036872.1",4330001,4430000
"NC_036872.1",4390000,0,0.223187,0,0.223187,"chr036872.1",4340001,4440000
"NC_036872.1",4400000,0,0.233312,0,0.233312,"chr036872.1",4350001,4450000
"NC_036872.1",4410000,0,0.249774,0,0.249774,"chr036872.1",4360001,4460000
"NC_036872.1",4420000,0,0.229167,0,0.229167,"chr036872.1",4370001,4470000
"NC_036872.1",4430000,0,0.222831,0,0.222831,"chr036872.1",4380001,4480000
"NC_036872.1",4440000,0,0.223339,0,0.223339,"chr036872.1",4390001,4490000
"NC_036872.1",4450000,0,0.218234,0,0.218234,"chr036872.1",4400001,4500000
"NC_036872.1",4460000,0,0.212197,0,0.212197,"chr036872.1",4410001,4510000
"NC_036872.1",4470000,0,0.209815,0,0.209815,"chr036872.1",4420001,4520000
"NC_036872.1",5360000,0,0.244398,0,0.244398,"chr036872.1",5310001,5410000
"NC_036872.1",5370000,0,0.241159,0,0.241159,"chr036872.1",5320001,5420000
"NC_036872.1",5380000,0,0.236937,0,0.236937,"chr036872.1",5330001,5430000
"NC_036872.1",5390000,0,0.23325,0,0.23325,"chr036872.1",5340001,5440000
"NC_036872.1",5400000,0,0.232968,0.00369457,0.232968,"chr036872.1",5350001,5450000
"NC_036872.1",5410000,0,0.205725,0,0.205725,"chr036872.1",5360001,5460000
"NC_036872.1",6600000,0.222564,0.0698753,0.00287986,0.222564,"chr036872.1",6550001,6650000
"NC_036872.1",6610000,0.203352,0.061765,0.00858186,0.203352,"chr036872.1",6560001,6660000
"NC_036872.1",6660000,0.203075,0.0178327,0.00873612,0.203075,"chr036872.1",6610001,6710000
"NC_036872.1",6820000,0.267113,0.0265857,0,0.267113,"chr036872.1",6770001,6870000
"NC_036872.1",6830000,0.302693,0.0365339,0,0.302693,"chr036872.1",6780001,6880000
"NC_036872.1",6840000,0.22583,0.0340948,0,0.22583,"chr036872.1",6790001,6890000
"NC_036872.1",6850000,0.219101,0.0340322,0,0.219101,"chr036872.1",6800001,6900000
"NC_036872.1",6890000,0.22437,0.0581049,0.129855,0.22437,"chr036872.1",6840001,6940000
"NC_036872.1",6900000,0.253762,0.0488696,0.167687,0.253762,"chr036872.1",6850001,6950000
"NC_036872.1",6910000,0.255485,0.0494346,0.169032,0.255485,"chr036872.1",6860001,6960000
"NC_036872.1",6920000,0.260995,0.0518587,0.169071,0.260995,"chr036872.1",6870001,6970000
"NC_036872.1",6930000,0.279352,0.0541834,0.182435,0.279352,"chr036872.1",6880001,6980000
"NC_036872.1",6940000,0.308536,0.0568098,0.202589,0.308536,"chr036872.1",6890001,6990000
"NC_036872.1",6950000,0.309481,0.0575479,0.202235,0.309481,"chr036872.1",6900001,7e+06
"NC_036872.1",6960000,0.300529,0.0529265,0.18752,0.300529,"chr036872.1",6910001,7010000
"NC_036872.1",6970000,0.291823,0.0519266,0.180493,0.291823,"chr036872.1",6920001,7020000
"NC_036872.1",6980000,0.283992,0.0320968,0.180873,0.283992,"chr036872.1",6930001,7030000
"NC_036872.1",6990000,0.226526,0.0199819,0.140131,0.226526,"chr036872.1",6940001,7040000
"NC_036872.1",7390000,0.0263543,0.0330334,0.221948,0.221948,"chr036872.1",7340001,7440000
"NC_036872.1",7510000,0.0124038,0,0.201749,0.201749,"chr036872.1",7460001,7560000
"NC_036872.1",8670000,0.215612,0,0,0.215612,"chr036872.1",8620001,8720000
"NC_036872.1",8680000,0.281894,0,0,0.281894,"chr036872.1",8630001,8730000
"NC_036872.1",8690000,0.298181,0,0,0.298181,"chr036872.1",8640001,8740000
"NC_036872.1",8700000,0.333105,0,0,0.333105,"chr036872.1",8650001,8750000
"NC_036872.1",8710000,0.37581,0,0,0.37581,"chr036872.1",8660001,8760000
"NC_036872.1",8720000,0.388392,0,0,0.388392,"chr036872.1",8670001,8770000
"NC_036872.1",8730000,0.368431,0,0,0.368431,"chr036872.1",8680001,8780000
"NC_036872.1",8740000,0.317075,0,0,0.317075,"chr036872.1",8690001,8790000
"NC_036872.1",8750000,0.304241,0,0,0.304241,"chr036872.1",8700001,8800000
"NC_036872.1",8760000,0.299719,0,0,0.299719,"chr036872.1",8710001,8810000
"NC_036872.1",8770000,0.267457,0,0,0.267457,"chr036872.1",8720001,8820000
"NC_036872.1",8780000,0.214901,0,0,0.214901,"chr036872.1",8730001,8830000
"NC_036872.1",8910000,0,0.00789093,0.256889,0.256889,"chr036872.1",8860001,8960000
"NC_036872.1",8920000,0,0,0.26941,0.26941,"chr036872.1",8870001,8970000
"NC_036872.1",8930000,0,0,0.286243,0.286243,"chr036872.1",8880001,8980000
"NC_036872.1",8940000,0,0,0.34041,0.34041,"chr036872.1",8890001,8990000
"NC_036872.1",8950000,0,0,0.330772,0.330772,"chr036872.1",8900001,9e+06
"NC_036872.1",8960000,0,0,0.233821,0.233821,"chr036872.1",8910001,9010000
"NC_036872.1",8970000,0,0,0.227088,0.227088,"chr036872.1",8920001,9020000
"NC_036872.1",8980000,0.0059756,0,0.313475,0.313475,"chr036872.1",8930001,9030000
"NC_036872.1",8990000,0.0188905,0.0107803,0.321961,0.321961,"chr036872.1",8940001,9040000
"NC_036872.1",9e+06,0.0317251,0.0356377,0.307426,0.307426,"chr036872.1",8950001,9050000
"NC_036872.1",9010000,0.0405023,0.0401889,0.303093,0.303093,"chr036872.1",8960001,9060000
"NC_036872.1",9020000,0.0535828,0.0404858,0.288932,0.288932,"chr036872.1",8970001,9070000
"NC_036872.1",9030000,0.122742,0.0338486,0.248826,0.248826,"chr036872.1",8980001,9080000
"NC_036872.1",9040000,0.225897,0.0488495,0.224135,0.225897,"chr036872.1",8990001,9090000
"NC_036872.1",9050000,0.248789,0.0456452,0.19273,0.248789,"chr036872.1",9000001,9100000
"NC_036872.1",9060000,0.223507,0.0569701,0.18179,0.223507,"chr036872.1",9010001,9110000
"NC_036872.1",9070000,0.232972,0.044735,0.177106,0.232972,"chr036872.1",9020001,9120000
"NC_036872.1",12290000,0,0.0219539,0.201494,0.201494,"chr036872.1",12240001,12340000
"NC_036872.1",12300000,0,0.174264,0.337166,0.337166,"chr036872.1",12250001,12350000
"NC_036872.1",12310000,0,0.18354,0.374514,0.374514,"chr036872.1",12260001,12360000
"NC_036872.1",12320000,0,0.176167,0.388701,0.388701,"chr036872.1",12270001,12370000
"NC_036872.1",12330000,0,0.18447,0.396359,0.396359,"chr036872.1",12280001,12380000
"NC_036872.1",12340000,0,0.19246,0.402483,0.402483,"chr036872.1",12290001,12390000
"NC_036872.1",12350000,0,0.198755,0.395778,0.395778,"chr036872.1",12300001,12400000
"NC_036872.1",12360000,0.0126641,0.235146,0.455454,0.455454,"chr036872.1",12310001,12410000
"NC_036872.1",12370000,0.0275133,0.252637,0.464041,0.464041,"chr036872.1",12320001,12420000
"NC_036872.1",12380000,0.0367295,0.261687,0.448595,0.448595,"chr036872.1",12330001,12430000
"NC_036872.1",12390000,0.0411706,0.232517,0.448767,0.448767,"chr036872.1",12340001,12440000
"NC_036872.1",12400000,0.0460339,0.10889,0.353132,0.353132,"chr036872.1",12350001,12450000
"NC_036872.1",12410000,0.0483228,0.0721985,0.241903,0.241903,"chr036872.1",12360001,12460000
"NC_036872.1",12480000,0,0.169386,0.199079,0.199079,"chr036872.1",12430001,12530000
"NC_036872.1",12490000,0,0.187233,0.228346,0.228346,"chr036872.1",12440001,12540000
"NC_036872.1",12500000,0,0.19304,0.213423,0.213423,"chr036872.1",12450001,12550000
"NC_036872.1",12510000,0,0.23939,0.216551,0.23939,"chr036872.1",12460001,12560000
"NC_036872.1",12520000,0,0.208335,0.216003,0.216003,"chr036872.1",12470001,12570000
"NC_036872.1",13580000,0,0.0175947,0.229646,0.229646,"chr036872.1",13530001,13630000
"NC_036872.1",13590000,0,0.0182912,0.226586,0.226586,"chr036872.1",13540001,13640000
"NC_036872.1",19780000,0.205107,0,0,0.205107,"chr036872.1",19730001,19830000
"NC_036872.1",20130000,0.199279,0.00514201,0.055943,0.199279,"chr036872.1",20080001,20180000
"NC_036872.1",20140000,0.206281,0.0208997,0.0522364,0.206281,"chr036872.1",20090001,20190000
"NC_036872.1",20160000,0.218567,0.0162086,0.0413293,0.218567,"chr036872.1",20110001,20210000
"NC_036872.1",20170000,0.292572,0.0275242,0.0512675,0.292572,"chr036872.1",20120001,20220000
"NC_036872.1",20180000,0.300094,0.0157346,0.0450661,0.300094,"chr036872.1",20130001,20230000
"NC_036872.1",20190000,0.282156,0.0185985,0.0513313,0.282156,"chr036872.1",20140001,20240000
"NC_036872.1",20200000,0.234165,0.013925,0.0441043,0.234165,"chr036872.1",20150001,20250000
"NC_036872.1",20210000,0.224659,0.0894097,0.0457045,0.224659,"chr036872.1",20160001,20260000
"NC_036872.1",20470000,0,0.26322,0,0.26322,"chr036872.1",20420001,20520000
"NC_036872.1",20480000,0,0.329855,0,0.329855,"chr036872.1",20430001,20530000
"NC_036872.1",20490000,0,0.40332,0,0.40332,"chr036872.1",20440001,20540000
"NC_036872.1",20500000,0,0.41622,0,0.41622,"chr036872.1",20450001,20550000
"NC_036872.1",20510000,0,0.420439,0,0.420439,"chr036872.1",20460001,20560000
"NC_036872.1",20520000,0,0.417064,0,0.417064,"chr036872.1",20470001,20570000
"NC_036872.1",20530000,0,0.378048,0,0.378048,"chr036872.1",20480001,20580000
"NC_036872.1",20540000,0,0.333905,0,0.333905,"chr036872.1",20490001,20590000
"NC_036872.1",20550000,0,0.341319,0,0.341319,"chr036872.1",20500001,20600000
"NC_036872.1",20560000,0,0.344693,0,0.344693,"chr036872.1",20510001,20610000
"NC_036872.1",20570000,0,0.315616,0,0.315616,"chr036872.1",20520001,20620000
"NC_036872.1",20580000,0,0.276291,0,0.276291,"chr036872.1",20530001,20630000
"NC_036872.1",21120000,0.0387096,0.216319,0.0799901,0.216319,"chr036872.1",21070001,21170000
"NC_036872.1",21130000,0.0446877,0.231452,0.0765183,0.231452,"chr036872.1",21080001,21180000
"NC_036872.1",21140000,0.0649852,0.395333,0.107414,0.395333,"chr036872.1",21090001,21190000
"NC_036872.1",21150000,0.0766487,0.411841,0.123307,0.411841,"chr036872.1",21100001,21200000
"NC_036872.1",21160000,0.0673145,0.42105,0.118875,0.42105,"chr036872.1",21110001,21210000
"NC_036872.1",21170000,0.0689952,0.414299,0.126937,0.414299,"chr036872.1",21120001,21220000
"NC_036872.1",21180000,0.0789702,0.41183,0.125358,0.41183,"chr036872.1",21130001,21230000
"NC_036872.1",21190000,0.0749354,0.411617,0.110487,0.411617,"chr036872.1",21140001,21240000
"NC_036872.1",21200000,0.0907523,0.426219,0.102635,0.426219,"chr036872.1",21150001,21250000
"NC_036872.1",21210000,0.0877611,0.413256,0.0917496,0.413256,"chr036872.1",21160001,21260000
"NC_036872.1",21220000,0.101865,0.418383,0.0902815,0.418383,"chr036872.1",21170001,21270000
"NC_036872.1",21230000,0.0988985,0.416409,0.0925186,0.416409,"chr036872.1",21180001,21280000
"NC_036872.1",21240000,0.0973285,0.389124,0.0918153,0.389124,"chr036872.1",21190001,21290000
"NC_036872.1",21250000,0.0891817,0.377298,0.0785779,0.377298,"chr036872.1",21200001,21300000
"NC_036872.1",21260000,0.0626221,0.288033,0.0528478,0.288033,"chr036872.1",21210001,21310000
"NC_036872.1",21270000,0.0653009,0.285531,0.0471423,0.285531,"chr036872.1",21220001,21320000
"NC_036872.1",21280000,0.0600809,0.248462,0.0307166,0.248462,"chr036872.1",21230001,21330000
"NC_036872.1",21650000,0.0089039,0.216611,0.0373836,0.216611,"chr036872.1",21600001,21700000
"NC_036872.1",21660000,0.0201707,0.212524,0.0345724,0.212524,"chr036872.1",21610001,21710000
"NC_036872.1",21670000,0.0246856,0.213006,0.0294783,0.213006,"chr036872.1",21620001,21720000
"NC_036872.1",21680000,0,0.266387,0.0365661,0.266387,"chr036872.1",21630001,21730000
"NC_036872.1",23240000,0.0327084,0.220194,0.0397882,0.220194,"chr036872.1",23190001,23290000
"NC_036872.1",23250000,0,0.222826,0.060898,0.222826,"chr036872.1",23200001,23300000
"NC_036872.1",23260000,0,0.246919,0.0513062,0.246919,"chr036872.1",23210001,23310000
"NC_036872.1",23270000,0,0.268279,0.0569717,0.268279,"chr036872.1",23220001,23320000
"NC_036872.1",23280000,0,0.280936,0.0458077,0.280936,"chr036872.1",23230001,23330000
"NC_036872.1",23290000,0.0125614,0.312296,0.0237324,0.312296,"chr036872.1",23240001,23340000
"NC_036872.1",23300000,0.0096463,0.294645,0.0460109,0.294645,"chr036872.1",23250001,23350000
"NC_036872.1",23310000,0.00176197,0.250761,0.0458249,0.250761,"chr036872.1",23260001,23360000
"NC_036872.1",23320000,0.0579177,0.217441,0.037975,0.217441,"chr036872.1",23270001,23370000
"NC_036872.1",27610000,0.0432238,0.217752,0.0644079,0.217752,"chr036872.1",27560001,27660000
"NC_036872.1",27620000,0.0195016,0.202257,0.057803,0.202257,"chr036872.1",27570001,27670000
"NC_036872.1",27640000,0,0.298647,0.0722379,0.298647,"chr036872.1",27590001,27690000
"NC_036872.1",27650000,0,0.268528,0.0712079,0.268528,"chr036872.1",27600001,27700000
"NC_036872.1",27660000,0,0.254105,0.0783605,0.254105,"chr036872.1",27610001,27710000
"NC_036872.1",27670000,0,0.233777,0.0717189,0.233777,"chr036872.1",27620001,27720000
"NC_036872.1",27680000,0,0.209538,0.0571116,0.209538,"chr036872.1",27630001,27730000
"NC_036872.1",29160000,0.0372101,0.0949051,0.223075,0.223075,"chr036872.1",29110001,29210000
"NC_036872.1",29170000,0.028119,0.13351,0.277557,0.277557,"chr036872.1",29120001,29220000
"NC_036872.1",29180000,0,0.159784,0.3245,0.3245,"chr036872.1",29130001,29230000
"NC_036872.1",29190000,0,0.177252,0.3287,0.3287,"chr036872.1",29140001,29240000
"NC_036872.1",29200000,0,0.162075,0.274443,0.274443,"chr036872.1",29150001,29250000
"NC_036872.1",29210000,0,0.141193,0.2686,0.2686,"chr036872.1",29160001,29260000
"NC_036872.1",29220000,0,0.120378,0.254192,0.254192,"chr036872.1",29170001,29270000
"NC_036872.1",29910000,0,0.213871,0.0494273,0.213871,"chr036872.1",29860001,29960000
"NC_036872.1",29920000,0,0.246068,0.045281,0.246068,"chr036872.1",29870001,29970000
"NC_036872.1",29930000,0.0193471,0.246265,0.0436221,0.246265,"chr036872.1",29880001,29980000
"NC_036872.1",29940000,0.0218992,0.233514,0.0609202,0.233514,"chr036872.1",29890001,29990000
"NC_036872.1",29950000,0.0272058,0.204882,0.0523683,0.204882,"chr036872.1",29900001,3e+07
"NC_036872.1",32750000,0.0403214,0.223596,0.00895258,0.223596,"chr036872.1",32700001,32800000
"NC_036872.1",32760000,0.0344115,0.284291,0.00798169,0.284291,"chr036872.1",32710001,32810000
"NC_036872.1",32770000,0.0219531,0.304465,0.00345174,0.304465,"chr036872.1",32720001,32820000
"NC_036872.1",32780000,0.0149217,0.369636,0,0.369636,"chr036872.1",32730001,32830000
"NC_036872.1",32790000,0,0.455511,0,0.455511,"chr036872.1",32740001,32840000
"NC_036872.1",32800000,0,0.475856,0,0.475856,"chr036872.1",32750001,32850000
"NC_036872.1",32810000,0,0.501958,0,0.501958,"chr036872.1",32760001,32860000
"NC_036872.1",32820000,0,0.479122,0,0.479122,"chr036872.1",32770001,32870000
"NC_036872.1",32830000,0,0.291118,0,0.291118,"chr036872.1",32780001,32880000
"NC_036872.1",33810000,0.202733,0.022268,0.00323564,0.202733,"chr036872.1",33760001,33860000
"NC_036872.1",33820000,0.202547,0.0205377,0.0075506,0.202547,"chr036872.1",33770001,33870000
"NC_036872.1",33830000,0.214039,0.0205239,0.00684848,0.214039,"chr036872.1",33780001,33880000
"NC_036872.1",33840000,0.215069,0.0135988,0.0101739,0.215069,"chr036872.1",33790001,33890000
"NC_036872.1",33850000,0.233972,0.0137898,0.0091953,0.233972,"chr036872.1",33800001,33900000
"NC_036872.1",33860000,0.22903,0.0175749,0.0119108,0.22903,"chr036872.1",33810001,33910000
"NC_036872.1",33870000,0.212796,0.0138501,0.0125201,0.212796,"chr036872.1",33820001,33920000
"NC_036872.1",33910000,0.235192,0.00251734,0.00468847,0.235192,"chr036872.1",33860001,33960000
"NC_036872.1",33930000,0.215572,0.00303252,0.00971309,0.215572,"chr036872.1",33880001,33980000
"NC_036872.1",33940000,0.215771,0.0104202,0.0100038,0.215771,"chr036872.1",33890001,33990000
"NC_036872.1",34060000,0,0,0.212061,0.212061,"chr036872.1",34010001,34110000
"NC_036872.1",37350000,0,0.209106,0,0.209106,"chr036872.1",37300001,37400000
"NC_036872.1",37360000,0,0.240166,0,0.240166,"chr036872.1",37310001,37410000
"NC_036872.1",37370000,0,0.249603,0,0.249603,"chr036872.1",37320001,37420000
"NC_036872.1",37380000,0,0.274752,0,0.274752,"chr036872.1",37330001,37430000
"NC_036872.1",37390000,0,0.274306,0,0.274306,"chr036872.1",37340001,37440000
"NC_036872.1",37400000,0,0.250188,0,0.250188,"chr036872.1",37350001,37450000
"NC_036872.1",37410000,0,0.227736,0,0.227736,"chr036872.1",37360001,37460000
"NC_036872.1",37420000,0,0.219359,0,0.219359,"chr036872.1",37370001,37470000
"NC_036872.1",37430000,0,0.211517,0,0.211517,"chr036872.1",37380001,37480000
"NC_036872.1",38130000,0.132647,0,0.241305,0.241305,"chr036872.1",38080001,38180000
"NC_036873.1",2800000,0.0879112,0.2008,0.0661583,0.2008,"chr036873.1",2750001,2850000
"NC_036873.1",2810000,0.0848938,0.214312,0.0693334,0.214312,"chr036873.1",2760001,2860000
"NC_036873.1",2830000,0.112968,0.246858,0.078458,0.246858,"chr036873.1",2780001,2880000
"NC_036873.1",2840000,0.130939,0.273048,0.0919166,0.273048,"chr036873.1",2790001,2890000
"NC_036873.1",2850000,0.107208,0.272891,0.0784327,0.272891,"chr036873.1",2800001,2900000
"NC_036873.1",2860000,0.119652,0.291187,0.0856854,0.291187,"chr036873.1",2810001,2910000
"NC_036873.1",2870000,0.11952,0.269935,0.0906623,0.269935,"chr036873.1",2820001,2920000
"NC_036873.1",2880000,0.115035,0.269868,0.0847548,0.269868,"chr036873.1",2830001,2930000
"NC_036873.1",2890000,0.1115,0.255642,0.102869,0.255642,"chr036873.1",2840001,2940000
"NC_036873.1",2900000,0.0867299,0.267898,0.116558,0.267898,"chr036873.1",2850001,2950000
"NC_036873.1",2910000,0.0417639,0.212677,0.135219,0.212677,"chr036873.1",2860001,2960000
"NC_036873.1",2920000,0.0388773,0.225553,0.156738,0.225553,"chr036873.1",2870001,2970000
"NC_036873.1",2930000,0.0327102,0.201987,0.150041,0.201987,"chr036873.1",2880001,2980000
"NC_036873.1",2940000,0.0393602,0.201716,0.156922,0.201716,"chr036873.1",2890001,2990000
"NC_036873.1",4100000,0,0.0288333,0.202496,0.202496,"chr036873.1",4050001,4150000
"NC_036873.1",4110000,0,0.0286664,0.203463,0.203463,"chr036873.1",4060001,4160000
"NC_036873.1",4120000,0,0.0291757,0.200764,0.200764,"chr036873.1",4070001,4170000
"NC_036873.1",4130000,0,0.0309441,0.2044,0.2044,"chr036873.1",4080001,4180000
"NC_036873.1",4140000,0,0.0276752,0.270982,0.270982,"chr036873.1",4090001,4190000
"NC_036873.1",4150000,0,0.0255876,0.322002,0.322002,"chr036873.1",4100001,4200000
"NC_036873.1",4160000,0,0.0266682,0.286266,0.286266,"chr036873.1",4110001,4210000
"NC_036873.1",4170000,0,0.0211564,0.218379,0.218379,"chr036873.1",4120001,4220000
"NC_036873.1",5230000,0.0845929,0.173487,0.204495,0.204495,"chr036873.1",5180001,5280000
"NC_036873.1",5240000,0.145748,0.201608,0.245276,0.245276,"chr036873.1",5190001,5290000
"NC_036873.1",5250000,0.163799,0.213076,0.259074,0.259074,"chr036873.1",5200001,5300000
"NC_036873.1",5260000,0.152577,0.264748,0.307774,0.307774,"chr036873.1",5210001,5310000
"NC_036873.1",5270000,0.124381,0.232374,0.417896,0.417896,"chr036873.1",5220001,5320000
"NC_036873.1",5280000,0.125384,0.232978,0.434946,0.434946,"chr036873.1",5230001,5330000
"NC_036873.1",5290000,0.113795,0.221824,0.41819,0.41819,"chr036873.1",5240001,5340000
"NC_036873.1",5300000,0.125688,0.241898,0.454105,0.454105,"chr036873.1",5250001,5350000
"NC_036873.1",5310000,0.0965245,0.228854,0.407524,0.407524,"chr036873.1",5260001,5360000
"NC_036873.1",5320000,0.0901979,0.22473,0.392494,0.392494,"chr036873.1",5270001,5370000
"NC_036873.1",5330000,0.0601292,0.182373,0.405159,0.405159,"chr036873.1",5280001,5380000
"NC_036873.1",5340000,0,0.148541,0.394822,0.394822,"chr036873.1",5290001,5390000
"NC_036873.1",5350000,0,0.143483,0.397642,0.397642,"chr036873.1",5300001,5400000
"NC_036873.1",5360000,0,0.0243019,0.332096,0.332096,"chr036873.1",5310001,5410000
"NC_036873.1",8610000,0.0463682,0.202096,0.0396032,0.202096,"chr036873.1",8560001,8660000
"NC_036873.1",8620000,0.027914,0.216731,0.0416999,0.216731,"chr036873.1",8570001,8670000
"NC_036873.1",8630000,0.0105799,0.210084,0.0340512,0.210084,"chr036873.1",8580001,8680000
"NC_036873.1",8640000,0.0136744,0.219948,0.0215143,0.219948,"chr036873.1",8590001,8690000
"NC_036874.1",2450000,0,0.260374,0,0.260374,"chr036874.1",2400001,2500000
"NC_036874.1",2460000,0,0.264065,0,0.264065,"chr036874.1",2410001,2510000
"NC_036874.1",2470000,0,0.257154,0,0.257154,"chr036874.1",2420001,2520000
"NC_036874.1",2480000,0,0.240698,0,0.240698,"chr036874.1",2430001,2530000
"NC_036874.1",2490000,0,0.270808,0,0.270808,"chr036874.1",2440001,2540000
"NC_036874.1",2500000,0,0.259489,0.00220845,0.259489,"chr036874.1",2450001,2550000
"NC_036874.1",5970000,0,0.030894,0.229832,0.229832,"chr036874.1",5920001,6020000
"NC_036874.1",5980000,0,0.0412929,0.278434,0.278434,"chr036874.1",5930001,6030000
"NC_036874.1",5990000,0,0.0460907,0.283913,0.283913,"chr036874.1",5940001,6040000
"NC_036874.1",6e+06,0,0.042234,0.295193,0.295193,"chr036874.1",5950001,6050000
"NC_036874.1",6010000,0.0188067,0.0399273,0.309456,0.309456,"chr036874.1",5960001,6060000
"NC_036874.1",6020000,0.0094654,0.0397015,0.303808,0.303808,"chr036874.1",5970001,6070000
"NC_036874.1",6030000,0.00326071,0.0405506,0.314352,0.314352,"chr036874.1",5980001,6080000
"NC_036874.1",6040000,0.00523807,0.0393945,0.291258,0.291258,"chr036874.1",5990001,6090000
"NC_036874.1",6050000,0,0.0404158,0.295722,0.295722,"chr036874.1",6000001,6100000
"NC_036874.1",6060000,0,0.0304824,0.272596,0.272596,"chr036874.1",6010001,6110000
"NC_036874.1",6070000,0,0.0300308,0.271697,0.271697,"chr036874.1",6020001,6120000
"NC_036874.1",6080000,0.00190171,0.0217509,0.253571,0.253571,"chr036874.1",6030001,6130000
"NC_036874.1",6090000,0,0.0172027,0.222816,0.222816,"chr036874.1",6040001,6140000
"NC_036874.1",6100000,0,0.0189906,0.202027,0.202027,"chr036874.1",6050001,6150000
"NC_036874.1",6750000,0,0.217042,0,0.217042,"chr036874.1",6700001,6800000
"NC_036874.1",6760000,0,0.221601,0,0.221601,"chr036874.1",6710001,6810000
"NC_036874.1",6770000,0,0.25375,0,0.25375,"chr036874.1",6720001,6820000
"NC_036874.1",6780000,0,0.279583,0,0.279583,"chr036874.1",6730001,6830000
"NC_036874.1",6790000,0,0.210608,0,0.210608,"chr036874.1",6740001,6840000
"NC_036874.1",6800000,0.00027209,0.223224,0,0.223224,"chr036874.1",6750001,6850000
"NC_036874.1",6810000,0,0.22138,0,0.22138,"chr036874.1",6760001,6860000
"NC_036874.1",7670000,0,0,0.200702,0.200702,"chr036874.1",7620001,7720000
"NC_036874.1",8680000,0.249712,0,0,0.249712,"chr036874.1",8630001,8730000
"NC_036874.1",8690000,0.245337,0,0,0.245337,"chr036874.1",8640001,8740000
"NC_036874.1",8700000,0.254965,0,0,0.254965,"chr036874.1",8650001,8750000
"NC_036874.1",8710000,0.224483,0,0,0.224483,"chr036874.1",8660001,8760000
"NC_036874.1",10670000,0,0.00853367,0.215693,0.215693,"chr036874.1",10620001,10720000
"NC_036874.1",10680000,0,0,0.229691,0.229691,"chr036874.1",10630001,10730000
"NC_036874.1",12610000,0.00996584,0.169819,0.234748,0.234748,"chr036874.1",12560001,12660000
"NC_036874.1",12620000,0.00891907,0.23929,0.313285,0.313285,"chr036874.1",12570001,12670000
"NC_036874.1",12630000,0.00553976,0.252144,0.33193,0.33193,"chr036874.1",12580001,12680000
"NC_036874.1",12640000,0.0269553,0.270841,0.354532,0.354532,"chr036874.1",12590001,12690000
"NC_036874.1",12650000,0.0508521,0.297718,0.380722,0.380722,"chr036874.1",12600001,12700000
"NC_036874.1",12660000,0.0565232,0.307027,0.397165,0.397165,"chr036874.1",12610001,12710000
"NC_036874.1",12670000,0.02557,0.331514,0.416167,0.416167,"chr036874.1",12620001,12720000
"NC_036874.1",12680000,0,0.297502,0.445681,0.445681,"chr036874.1",12630001,12730000
"NC_036874.1",12690000,0,0.296282,0.454922,0.454922,"chr036874.1",12640001,12740000
"NC_036874.1",12700000,0,0.2856,0.500623,0.500623,"chr036874.1",12650001,12750000
"NC_036874.1",12710000,0,0.198334,0.472319,0.472319,"chr036874.1",12660001,12760000
"NC_036874.1",12720000,0,0.0293758,0.408562,0.408562,"chr036874.1",12670001,12770000
"NC_036874.1",12730000,0,0,0.396266,0.396266,"chr036874.1",12680001,12780000
"NC_036874.1",12740000,0,0,0.380756,0.380756,"chr036874.1",12690001,12790000
"NC_036874.1",12750000,0,0,0.270045,0.270045,"chr036874.1",12700001,12800000
"NC_036874.1",12760000,0,0,0.285253,0.285253,"chr036874.1",12710001,12810000
"NC_036874.1",12770000,0,0,0.264696,0.264696,"chr036874.1",12720001,12820000
"NC_036874.1",12780000,0,0,0.235279,0.235279,"chr036874.1",12730001,12830000
"NC_036874.1",13190000,0.204301,0.0168563,0,0.204301,"chr036874.1",13140001,13240000
"NC_036874.1",13200000,0.220261,0.0179795,0,0.220261,"chr036874.1",13150001,13250000
"NC_036874.1",13210000,0.258496,0.0188024,0,0.258496,"chr036874.1",13160001,13260000
"NC_036874.1",13220000,0.248167,0.0110938,0,0.248167,"chr036874.1",13170001,13270000
"NC_036874.1",13230000,0.327279,0.00676512,0,0.327279,"chr036874.1",13180001,13280000
"NC_036874.1",13240000,0.319126,0,0,0.319126,"chr036874.1",13190001,13290000
"NC_036874.1",14620000,0.0112373,0,0.20593,0.20593,"chr036874.1",14570001,14670000
"NC_036874.1",14630000,0.0112373,0,0.20593,0.20593,"chr036874.1",14580001,14680000
"NC_036874.1",14640000,0.011142,0.00110501,0.207711,0.207711,"chr036874.1",14590001,14690000
"NC_036874.1",15040000,0.253482,0,0.000519436,0.253482,"chr036874.1",14990001,15090000
"NC_036874.1",15050000,0.308187,0,0.0109771,0.308187,"chr036874.1",15000001,15100000
"NC_036874.1",15060000,0.33154,0.0138842,0.0110098,0.33154,"chr036874.1",15010001,15110000
"NC_036874.1",15070000,0.322593,0.0273718,0.0208891,0.322593,"chr036874.1",15020001,15120000
"NC_036874.1",15080000,0.337067,0.0208468,0.0261614,0.337067,"chr036874.1",15030001,15130000
"NC_036874.1",15090000,0.312004,0.0228307,0.0247974,0.312004,"chr036874.1",15040001,15140000
"NC_036874.1",15100000,0.308356,0.023633,0.025055,0.308356,"chr036874.1",15050001,15150000
"NC_036874.1",15110000,0.288808,0.0245535,0.0175431,0.288808,"chr036874.1",15060001,15160000
"NC_036874.1",15120000,0.285003,0.026068,0.0179268,0.285003,"chr036874.1",15070001,15170000
"NC_036874.1",15130000,0.235606,0.0230157,0.0135359,0.235606,"chr036874.1",15080001,15180000
"NC_036874.1",15930000,0.0741928,0,0.210738,0.210738,"chr036874.1",15880001,15980000
"NC_036874.1",15940000,0.0717505,0,0.219459,0.219459,"chr036874.1",15890001,15990000
"NC_036874.1",15950000,0.071507,0,0.246504,0.246504,"chr036874.1",15900001,1.6e+07
"NC_036874.1",15960000,0.0673681,0,0.2517,0.2517,"chr036874.1",15910001,16010000
"NC_036874.1",15970000,0.0657755,0,0.241146,0.241146,"chr036874.1",15920001,16020000
"NC_036874.1",15980000,0.0668415,0,0.240357,0.240357,"chr036874.1",15930001,16030000
"NC_036874.1",17640000,0.0768229,0.0661854,0.225557,0.225557,"chr036874.1",17590001,17690000
"NC_036874.1",17650000,0.0839254,0.0706912,0.252233,0.252233,"chr036874.1",17600001,17700000
"NC_036874.1",17660000,0.0941695,0.0842471,0.358301,0.358301,"chr036874.1",17610001,17710000
"NC_036874.1",17670000,0.0706032,0.104364,0.312993,0.312993,"chr036874.1",17620001,17720000
"NC_036874.1",17680000,0.00125767,0.114867,0.205455,0.205455,"chr036874.1",17630001,17730000
"NC_036874.1",17690000,0.0049805,0.11505,0.210705,0.210705,"chr036874.1",17640001,17740000
"NC_036874.1",17700000,0,0.0575068,0.200123,0.200123,"chr036874.1",17650001,17750000
"NC_036874.1",20970000,0.0423678,0,0.206255,0.206255,"chr036874.1",20920001,21020000
"NC_036874.1",21120000,0.00389557,0,0.209685,0.209685,"chr036874.1",21070001,21170000
"NC_036874.1",21570000,0,0,0.30251,0.30251,"chr036874.1",21520001,21620000
"NC_036874.1",21580000,0,0,0.34056,0.34056,"chr036874.1",21530001,21630000
"NC_036874.1",21590000,0,0,0.397461,0.397461,"chr036874.1",21540001,21640000
"NC_036874.1",21600000,0,0,0.397461,0.397461,"chr036874.1",21550001,21650000
"NC_036874.1",21610000,0.00307465,0,0.38986,0.38986,"chr036874.1",21560001,21660000
"NC_036874.1",21620000,0.0732235,0.129092,0.30421,0.30421,"chr036874.1",21570001,21670000
"NC_036874.1",21630000,0.00682947,0.0239323,0.339378,0.339378,"chr036874.1",21580001,21680000
"NC_036875.1",210000,0.0218266,0.202758,0,0.202758,"chr036875.1",160001,260000
"NC_036875.1",220000,0.0468229,0.289651,0,0.289651,"chr036875.1",170001,270000
"NC_036875.1",230000,0.0339594,0.322252,0,0.322252,"chr036875.1",180001,280000
"NC_036875.1",240000,0.0221342,0.373884,0,0.373884,"chr036875.1",190001,290000
"NC_036875.1",250000,0.0322935,0.480635,0,0.480635,"chr036875.1",200001,3e+05
"NC_036875.1",260000,0.00539859,0.456962,0,0.456962,"chr036875.1",210001,310000
"NC_036875.1",270000,0,0.486726,0,0.486726,"chr036875.1",220001,320000
"NC_036875.1",280000,0,0.459217,0,0.459217,"chr036875.1",230001,330000
"NC_036875.1",290000,0,0.465187,0,0.465187,"chr036875.1",240001,340000
"NC_036875.1",3e+05,0,0.35998,0,0.35998,"chr036875.1",250001,350000
"NC_036875.1",310000,0,0.348942,0,0.348942,"chr036875.1",260001,360000
"NC_036875.1",320000,0,0.362859,0,0.362859,"chr036875.1",270001,370000
"NC_036875.1",330000,0,0.365936,0.0064501,0.365936,"chr036875.1",280001,380000
"NC_036875.1",340000,0,0.320565,0.00337045,0.320565,"chr036875.1",290001,390000
"NC_036875.1",350000,0,0.271298,0.00175571,0.271298,"chr036875.1",300001,4e+05
"NC_036875.1",360000,0,0.293841,0,0.293841,"chr036875.1",310001,410000
"NC_036875.1",370000,0,0.266971,0,0.266971,"chr036875.1",320001,420000
"NC_036875.1",380000,0,0.223877,0,0.223877,"chr036875.1",330001,430000
"NC_036875.1",390000,0,0.214314,0,0.214314,"chr036875.1",340001,440000
"NC_036875.1",4e+05,0,0.306844,0,0.306844,"chr036875.1",350001,450000
"NC_036875.1",410000,0,0.370098,0,0.370098,"chr036875.1",360001,460000
"NC_036875.1",420000,0,0.34312,0,0.34312,"chr036875.1",370001,470000
"NC_036875.1",430000,0,0.347394,0,0.347394,"chr036875.1",380001,480000
"NC_036875.1",440000,0,0.357952,0,0.357952,"chr036875.1",390001,490000
"NC_036875.1",450000,0,0.384137,0,0.384137,"chr036875.1",400001,5e+05
"NC_036875.1",460000,0,0.38426,0,0.38426,"chr036875.1",410001,510000
"NC_036875.1",470000,0,0.405071,0,0.405071,"chr036875.1",420001,520000
"NC_036875.1",480000,0,0.430393,0,0.430393,"chr036875.1",430001,530000
"NC_036875.1",490000,0,0.346355,0,0.346355,"chr036875.1",440001,540000
"NC_036875.1",5e+05,0,0.317699,0,0.317699,"chr036875.1",450001,550000
"NC_036875.1",510000,0,0.271592,0,0.271592,"chr036875.1",460001,560000
"NC_036875.1",520000,0.00114237,0.300668,0,0.300668,"chr036875.1",470001,570000
"NC_036875.1",530000,0.0122555,0.251503,0,0.251503,"chr036875.1",480001,580000
"NC_036875.1",540000,0.0158887,0.245832,0,0.245832,"chr036875.1",490001,590000
"NC_036875.1",550000,0.00936721,0.24888,0,0.24888,"chr036875.1",500001,6e+05
"NC_036875.1",660000,0,0.212051,0.00903347,0.212051,"chr036875.1",610001,710000
"NC_036875.1",670000,0,0.209866,0.0085944,0.209866,"chr036875.1",620001,720000
"NC_036875.1",680000,0,0.227463,0.0151793,0.227463,"chr036875.1",630001,730000
"NC_036875.1",690000,0,0.219841,0.0204311,0.219841,"chr036875.1",640001,740000
"NC_036875.1",7e+05,0,0.240029,0.00684813,0.240029,"chr036875.1",650001,750000
"NC_036875.1",710000,0,0.264474,0.0042576,0.264474,"chr036875.1",660001,760000
"NC_036875.1",880000,0.00356992,0.226415,0,0.226415,"chr036875.1",830001,930000
"NC_036875.1",890000,0.0186744,0.2516,0.000674962,0.2516,"chr036875.1",840001,940000
"NC_036875.1",9e+05,0.0316087,0.353814,0.00388048,0.353814,"chr036875.1",850001,950000
"NC_036875.1",910000,0.0219573,0.40646,0.00826958,0.40646,"chr036875.1",860001,960000
"NC_036875.1",920000,0.0255111,0.41128,0.0136189,0.41128,"chr036875.1",870001,970000
"NC_036875.1",930000,0.0438533,0.337417,0,0.337417,"chr036875.1",880001,980000
"NC_036875.1",940000,0.0480069,0.302994,0,0.302994,"chr036875.1",890001,990000
"NC_036875.1",950000,0.0488027,0.300762,0,0.300762,"chr036875.1",900001,1e+06
"NC_036875.1",960000,0.0605575,0.299666,0,0.299666,"chr036875.1",910001,1010000
"NC_036875.1",970000,0.060526,0.300638,0,0.300638,"chr036875.1",920001,1020000
"NC_036875.1",980000,0.0604592,0.264373,0,0.264373,"chr036875.1",930001,1030000
"NC_036875.1",990000,0.0665735,0.257653,0,0.257653,"chr036875.1",940001,1040000
"NC_036875.1",1e+06,0.0742331,0.236744,0,0.236744,"chr036875.1",950001,1050000
"NC_036875.1",1010000,0.0848497,0.25258,0,0.25258,"chr036875.1",960001,1060000
"NC_036875.1",1020000,0.0909205,0.33519,0,0.33519,"chr036875.1",970001,1070000
"NC_036875.1",1030000,0.0902258,0.394938,0,0.394938,"chr036875.1",980001,1080000
"NC_036875.1",1040000,0.0934678,0.448818,0,0.448818,"chr036875.1",990001,1090000
"NC_036875.1",1050000,0.0891701,0.454435,0,0.454435,"chr036875.1",1000001,1100000
"NC_036875.1",1060000,0.0733348,0.449272,0.00765127,0.449272,"chr036875.1",1010001,1110000
"NC_036875.1",1070000,0.088693,0.436151,0.00390894,0.436151,"chr036875.1",1020001,1120000
"NC_036875.1",1080000,0.0920121,0.439162,0,0.439162,"chr036875.1",1030001,1130000
"NC_036875.1",1090000,0.100117,0.440819,0,0.440819,"chr036875.1",1040001,1140000
"NC_036875.1",1100000,0.103648,0.355441,0,0.355441,"chr036875.1",1050001,1150000
"NC_036875.1",1110000,0.081424,0.240256,0,0.240256,"chr036875.1",1060001,1160000
"NC_036875.1",1300000,0,0,0.201294,0.201294,"chr036875.1",1250001,1350000
"NC_036875.1",1310000,0,0,0.218155,0.218155,"chr036875.1",1260001,1360000
"NC_036875.1",1320000,0,0,0.217961,0.217961,"chr036875.1",1270001,1370000
"NC_036875.1",1330000,0,0,0.219071,0.219071,"chr036875.1",1280001,1380000
"NC_036875.1",1340000,0,0,0.203569,0.203569,"chr036875.1",1290001,1390000
"NC_036875.1",1360000,0,0,0.199129,0.199129,"chr036875.1",1310001,1410000
"NC_036875.1",3780000,0.0561912,0.042481,0.238643,0.238643,"chr036875.1",3730001,3830000
"NC_036875.1",3790000,0.0597215,0.04685,0.303539,0.303539,"chr036875.1",3740001,3840000
"NC_036875.1",3800000,0.0555401,0.0541611,0.29141,0.29141,"chr036875.1",3750001,3850000
"NC_036875.1",3810000,0.02299,0.0320832,0.289574,0.289574,"chr036875.1",3760001,3860000
"NC_036875.1",3820000,0.0154735,0.0290157,0.207624,0.207624,"chr036875.1",3770001,3870000
"NC_036875.1",3830000,0.0196636,0.033685,0.2301,0.2301,"chr036875.1",3780001,3880000
"NC_036875.1",3840000,0.0139642,0.0307497,0.232591,0.232591,"chr036875.1",3790001,3890000
"NC_036875.1",3850000,0.00895132,0.0361709,0.230042,0.230042,"chr036875.1",3800001,3900000
"NC_036875.1",3860000,0.0214326,0.0397381,0.218457,0.218457,"chr036875.1",3810001,3910000
"NC_036875.1",3870000,0.0153129,0.0291874,0.210495,0.210495,"chr036875.1",3820001,3920000
"NC_036875.1",4430000,0.100713,0.279006,0,0.279006,"chr036875.1",4380001,4480000
"NC_036875.1",4440000,0.0830403,0.275998,0,0.275998,"chr036875.1",4390001,4490000
"NC_036875.1",4450000,0.0785615,0.286093,0,0.286093,"chr036875.1",4400001,4500000
"NC_036875.1",4460000,0.0947053,0.291539,0.00403796,0.291539,"chr036875.1",4410001,4510000
"NC_036875.1",4470000,0.0731687,0.283797,0.010064,0.283797,"chr036875.1",4420001,4520000
"NC_036875.1",4480000,0.075496,0.284684,0.00894597,0.284684,"chr036875.1",4430001,4530000
"NC_036875.1",4490000,0.0764117,0.288757,0.0160829,0.288757,"chr036875.1",4440001,4540000
"NC_036875.1",4500000,0.0742725,0.286139,0.0215435,0.286139,"chr036875.1",4450001,4550000
"NC_036875.1",4510000,0.0356823,0.298819,0.0170431,0.298819,"chr036875.1",4460001,4560000
"NC_036875.1",4520000,0.0343123,0.26932,0.0156741,0.26932,"chr036875.1",4470001,4570000
"NC_036875.1",4530000,0.04937,0.208593,0.000392592,0.208593,"chr036875.1",4480001,4580000
"NC_036875.1",5110000,0,0.0183845,0.200918,0.200918,"chr036875.1",5060001,5160000
"NC_036875.1",5160000,0.0534738,0.245299,0.0835618,0.245299,"chr036875.1",5110001,5210000
"NC_036875.1",5170000,0.0660332,0.235184,0.0691909,0.235184,"chr036875.1",5120001,5220000
"NC_036875.1",5190000,0.0472301,0.216696,0.0612534,0.216696,"chr036875.1",5140001,5240000
"NC_036875.1",5200000,0.0674105,0.223842,0.0510403,0.223842,"chr036875.1",5150001,5250000
"NC_036875.1",5210000,0.0696277,0.20628,0.0226374,0.20628,"chr036875.1",5160001,5260000
"NC_036875.1",5220000,0.0665746,0.218345,0.0039214,0.218345,"chr036875.1",5170001,5270000
"NC_036875.1",5230000,0.0811653,0.202313,0,0.202313,"chr036875.1",5180001,5280000
"NC_036875.1",5240000,0.0766827,0.228276,0.0314089,0.228276,"chr036875.1",5190001,5290000
"NC_036875.1",5990000,0.0411184,0,0.24063,0.24063,"chr036875.1",5940001,6040000
"NC_036875.1",6e+06,0.0465217,0,0.204369,0.204369,"chr036875.1",5950001,6050000
"NC_036875.1",6880000,0,0,0.31814,0.31814,"chr036875.1",6830001,6930000
"NC_036875.1",6890000,0,0,0.350055,0.350055,"chr036875.1",6840001,6940000
"NC_036875.1",6900000,0,0,0.343649,0.343649,"chr036875.1",6850001,6950000
"NC_036875.1",6910000,0,0,0.350173,0.350173,"chr036875.1",6860001,6960000
"NC_036875.1",6920000,0,0,0.358959,0.358959,"chr036875.1",6870001,6970000
"NC_036875.1",6930000,0.135382,0,0.230639,0.230639,"chr036875.1",6880001,6980000
"NC_036875.1",6950000,0.203307,0,0.189947,0.203307,"chr036875.1",6900001,7e+06
"NC_036875.1",6960000,0.2105,0,0.183513,0.2105,"chr036875.1",6910001,7010000
"NC_036875.1",6970000,0.214172,0,0.177089,0.214172,"chr036875.1",6920001,7020000
"NC_036875.1",6980000,0.210103,0,0.16427,0.210103,"chr036875.1",6930001,7030000
"NC_036875.1",6990000,0.243844,0,0.117305,0.243844,"chr036875.1",6940001,7040000
"NC_036875.1",7e+06,0.255029,0,0.104068,0.255029,"chr036875.1",6950001,7050000
"NC_036875.1",7010000,0.260445,0,0.0937354,0.260445,"chr036875.1",6960001,7060000
"NC_036875.1",7020000,0.261886,0,0.0814137,0.261886,"chr036875.1",6970001,7070000
"NC_036875.1",7030000,0.263769,0,0.0516879,0.263769,"chr036875.1",6980001,7080000
"NC_036875.1",7040000,0.281461,0,0,0.281461,"chr036875.1",6990001,7090000
"NC_036875.1",7050000,0.217948,0,0,0.217948,"chr036875.1",7000001,7100000
"NC_036875.1",7070000,0.203258,0,0,0.203258,"chr036875.1",7020001,7120000
"NC_036875.1",7850000,0.0731988,0.262107,0.0148106,0.262107,"chr036875.1",7800001,7900000
"NC_036875.1",7860000,0.0883662,0.246522,0,0.246522,"chr036875.1",7810001,7910000
"NC_036875.1",7870000,0.113841,0.243211,0,0.243211,"chr036875.1",7820001,7920000
"NC_036875.1",7880000,0.113356,0.218366,0,0.218366,"chr036875.1",7830001,7930000
"NC_036875.1",7890000,0.122621,0.222094,0,0.222094,"chr036875.1",7840001,7940000
"NC_036875.1",7900000,0.11088,0.215143,0,0.215143,"chr036875.1",7850001,7950000
"NC_036875.1",8710000,0.052534,0,0.231171,0.231171,"chr036875.1",8660001,8760000
"NC_036875.1",8720000,0.053828,0.00173576,0.309838,0.309838,"chr036875.1",8670001,8770000
"NC_036875.1",8730000,0.0509526,0.015744,0.26256,0.26256,"chr036875.1",8680001,8780000
"NC_036875.1",8740000,0.0508994,0.0130122,0.237041,0.237041,"chr036875.1",8690001,8790000
"NC_036875.1",11440000,0.227305,0,0,0.227305,"chr036875.1",11390001,11490000
"NC_036875.1",12520000,0.0201525,0.00117462,0.209544,0.209544,"chr036875.1",12470001,12570000
"NC_036875.1",12530000,0.0212325,0.00453607,0.235461,0.235461,"chr036875.1",12480001,12580000
"NC_036875.1",12540000,0.0224751,0.00554127,0.220212,0.220212,"chr036875.1",12490001,12590000
"NC_036875.1",12550000,0.032139,0.0133255,0.24001,0.24001,"chr036875.1",12500001,12600000
"NC_036875.1",12560000,0.0315818,0.0133897,0.23483,0.23483,"chr036875.1",12510001,12610000
"NC_036875.1",12570000,0.0175287,0.0186275,0.228563,0.228563,"chr036875.1",12520001,12620000
"NC_036875.1",12580000,0.025263,0.00747076,0.267122,0.267122,"chr036875.1",12530001,12630000
"NC_036875.1",12590000,0.0256765,0.0077567,0.272874,0.272874,"chr036875.1",12540001,12640000
"NC_036875.1",12600000,0.0260246,0.00715611,0.256908,0.256908,"chr036875.1",12550001,12650000
"NC_036875.1",14480000,0.0545888,0.0919449,0.298267,0.298267,"chr036875.1",14430001,14530000
"NC_036875.1",14490000,0.0678954,0.0984642,0.352233,0.352233,"chr036875.1",14440001,14540000
"NC_036875.1",14500000,0.0780373,0.104862,0.370567,0.370567,"chr036875.1",14450001,14550000
"NC_036875.1",14510000,0.0812376,0.111745,0.400499,0.400499,"chr036875.1",14460001,14560000
"NC_036875.1",14520000,0.0833781,0.117399,0.403024,0.403024,"chr036875.1",14470001,14570000
"NC_036875.1",14530000,0.0928235,0.124811,0.404018,0.404018,"chr036875.1",14480001,14580000
"NC_036875.1",14540000,0.104945,0.12475,0.407548,0.407548,"chr036875.1",14490001,14590000
"NC_036875.1",14550000,0.106859,0.112009,0.376916,0.376916,"chr036875.1",14500001,14600000
"NC_036875.1",14560000,0.104461,0.100906,0.374566,0.374566,"chr036875.1",14510001,14610000
"NC_036875.1",14570000,0.0994495,0.100139,0.373102,0.373102,"chr036875.1",14520001,14620000
"NC_036875.1",14580000,0.110376,0.0859958,0.336929,0.336929,"chr036875.1",14530001,14630000
"NC_036875.1",14590000,0.139008,0.0618051,0.309859,0.309859,"chr036875.1",14540001,14640000
"NC_036875.1",14600000,0.158627,0.0268925,0.274283,0.274283,"chr036875.1",14550001,14650000
"NC_036875.1",14610000,0.164235,0.0352243,0.273799,0.273799,"chr036875.1",14560001,14660000
"NC_036875.1",14620000,0.164141,0.0360472,0.257086,0.257086,"chr036875.1",14570001,14670000
"NC_036875.1",14630000,0.166759,0.0268037,0.267351,0.267351,"chr036875.1",14580001,14680000
"NC_036875.1",14640000,0.154369,0.0213943,0.252371,0.252371,"chr036875.1",14590001,14690000
"NC_036875.1",14650000,0.127226,0,0.272099,0.272099,"chr036875.1",14600001,14700000
"NC_036875.1",14660000,0.100415,0,0.254224,0.254224,"chr036875.1",14610001,14710000
"NC_036875.1",14670000,0.110042,0,0.227484,0.227484,"chr036875.1",14620001,14720000
"NC_036875.1",15010000,0.293194,0,0,0.293194,"chr036875.1",14960001,15060000
"NC_036875.1",15020000,0.276942,0,0,0.276942,"chr036875.1",14970001,15070000
"NC_036875.1",15030000,0.276365,0,0,0.276365,"chr036875.1",14980001,15080000
"NC_036875.1",15040000,0.240278,0,0,0.240278,"chr036875.1",14990001,15090000
"NC_036875.1",15640000,0.0299125,0.243822,0.0157193,0.243822,"chr036875.1",15590001,15690000
"NC_036875.1",15650000,0.0376946,0.254994,0.0119557,0.254994,"chr036875.1",15600001,15700000
"NC_036875.1",15660000,0.0330081,0.289093,0.0146521,0.289093,"chr036875.1",15610001,15710000
"NC_036875.1",15670000,0.0436799,0.282333,0.0141438,0.282333,"chr036875.1",15620001,15720000
"NC_036875.1",15680000,0.0371899,0.204485,0.00452458,0.204485,"chr036875.1",15630001,15730000
"NC_036875.1",15880000,0.0383063,0.260713,0.0136042,0.260713,"chr036875.1",15830001,15930000
"NC_036875.1",15890000,0.0358971,0.259452,0.0157316,0.259452,"chr036875.1",15840001,15940000
"NC_036875.1",15900000,0.0384807,0.225062,0.0182424,0.225062,"chr036875.1",15850001,15950000
"NC_036875.1",16210000,0.206264,0,0,0.206264,"chr036875.1",16160001,16260000
"NC_036875.1",16220000,0.22466,0,0,0.22466,"chr036875.1",16170001,16270000
"NC_036875.1",16230000,0.263374,0,0,0.263374,"chr036875.1",16180001,16280000
"NC_036875.1",16240000,0.284135,0,0,0.284135,"chr036875.1",16190001,16290000
"NC_036875.1",16250000,0.255428,0,0,0.255428,"chr036875.1",16200001,16300000
"NC_036875.1",16260000,0.261323,0,0,0.261323,"chr036875.1",16210001,16310000
"NC_036875.1",16270000,0.249012,0,0,0.249012,"chr036875.1",16220001,16320000
"NC_036875.1",16280000,0.214748,0,0,0.214748,"chr036875.1",16230001,16330000
"NC_036875.1",16620000,0.212907,0,0.0148091,0.212907,"chr036875.1",16570001,16670000
"NC_036875.1",16630000,0.220242,0,0.0201206,0.220242,"chr036875.1",16580001,16680000
"NC_036875.1",16860000,0,0.232485,0,0.232485,"chr036875.1",16810001,16910000
"NC_036875.1",16870000,0,0.353018,0,0.353018,"chr036875.1",16820001,16920000
"NC_036875.1",16880000,0,0.42767,0,0.42767,"chr036875.1",16830001,16930000
"NC_036875.1",16890000,0,0.324725,0,0.324725,"chr036875.1",16840001,16940000
"NC_036875.1",16900000,0,0.286768,0,0.286768,"chr036875.1",16850001,16950000
"NC_036875.1",16910000,0,0.31602,0,0.31602,"chr036875.1",16860001,16960000
"NC_036875.1",16920000,0,0.319848,0,0.319848,"chr036875.1",16870001,16970000
"NC_036875.1",16930000,0,0.292891,0,0.292891,"chr036875.1",16880001,16980000
"NC_036875.1",16940000,0,0.292513,0,0.292513,"chr036875.1",16890001,16990000
"NC_036875.1",16950000,0,0.284048,0,0.284048,"chr036875.1",16900001,1.7e+07
"NC_036875.1",16960000,0,0.261048,0,0.261048,"chr036875.1",16910001,17010000
"NC_036875.1",16970000,0,0.211177,0,0.211177,"chr036875.1",16920001,17020000
"NC_036875.1",22230000,0.0891137,0.0148726,0.2058,0.2058,"chr036875.1",22180001,22280000
"NC_036875.1",22240000,0.1108,0.0177706,0.229852,0.229852,"chr036875.1",22190001,22290000
"NC_036875.1",22250000,0.11854,0.0141145,0.219556,0.219556,"chr036875.1",22200001,22300000
"NC_036875.1",22260000,0.114545,0.0187306,0.205974,0.205974,"chr036875.1",22210001,22310000
"NC_036875.1",22280000,0.111559,0.0136147,0.205757,0.205757,"chr036875.1",22230001,22330000
"NC_036875.1",22570000,0,0,0.210204,0.210204,"chr036875.1",22520001,22620000
"NC_036875.1",22680000,0.0113059,0,0.200839,0.200839,"chr036875.1",22630001,22730000
"NC_036875.1",22700000,0.0128691,0.00552789,0.240046,0.240046,"chr036875.1",22650001,22750000
"NC_036875.1",22710000,0.0126709,0.00104083,0.241527,0.241527,"chr036875.1",22660001,22760000
"NC_036875.1",22720000,0.00999989,0.00512238,0.237338,0.237338,"chr036875.1",22670001,22770000
"NC_036875.1",22730000,0.0112585,0.0130926,0.219243,0.219243,"chr036875.1",22680001,22780000
"NC_036875.1",26150000,0,0.205083,0,0.205083,"chr036875.1",26100001,26200000
"NC_036875.1",29760000,0.0643352,0.214716,0.20937,0.214716,"chr036875.1",29710001,29810000
"NC_036875.1",29770000,0.084179,0.246329,0.25721,0.25721,"chr036875.1",29720001,29820000
"NC_036875.1",29780000,0.0865891,0.258449,0.267403,0.267403,"chr036875.1",29730001,29830000
"NC_036875.1",29790000,0.11873,0.330898,0.347627,0.347627,"chr036875.1",29740001,29840000
"NC_036875.1",29800000,0.127677,0.318189,0.349797,0.349797,"chr036875.1",29750001,29850000
"NC_036875.1",29810000,0.136239,0.321054,0.356969,0.356969,"chr036875.1",29760001,29860000
"NC_036875.1",29820000,0.135505,0.308203,0.346412,0.346412,"chr036875.1",29770001,29870000
"NC_036875.1",29830000,0.164711,0.32617,0.358903,0.358903,"chr036875.1",29780001,29880000
"NC_036875.1",29840000,0.188937,0.337018,0.378058,0.378058,"chr036875.1",29790001,29890000
"NC_036875.1",29850000,0.169009,0.32665,0.360807,0.360807,"chr036875.1",29800001,29900000
"NC_036875.1",29860000,0.141784,0.291616,0.325299,0.325299,"chr036875.1",29810001,29910000
"NC_036875.1",29870000,0.11702,0.257949,0.282436,0.282436,"chr036875.1",29820001,29920000
"NC_036875.1",29880000,0.10192,0.234878,0.261354,0.261354,"chr036875.1",29830001,29930000
"NC_036875.1",30110000,0.139244,0.0254028,0.22184,0.22184,"chr036875.1",30060001,30160000
"NC_036875.1",30120000,0.151242,0.0504158,0.254951,0.254951,"chr036875.1",30070001,30170000
"NC_036875.1",30130000,0.159308,0.0430074,0.285404,0.285404,"chr036875.1",30080001,30180000
"NC_036875.1",30140000,0.160734,0.0294061,0.274394,0.274394,"chr036875.1",30090001,30190000
"NC_036875.1",30150000,0.169938,0.0318045,0.328094,0.328094,"chr036875.1",30100001,30200000
"NC_036875.1",30160000,0.172394,0.0423907,0.359087,0.359087,"chr036875.1",30110001,30210000
"NC_036875.1",30170000,0.183135,0.038446,0.396599,0.396599,"chr036875.1",30120001,30220000
"NC_036875.1",30180000,0.185889,0.0464854,0.402269,0.402269,"chr036875.1",30130001,30230000
"NC_036875.1",30190000,0.18062,0.0438839,0.387364,0.387364,"chr036875.1",30140001,30240000
"NC_036875.1",30200000,0.139819,0.0418624,0.278606,0.278606,"chr036875.1",30150001,30250000
"NC_036875.1",30210000,0.118868,0.0369342,0.2312,0.2312,"chr036875.1",30160001,30260000
"NC_036875.1",30220000,0.113008,0.0278478,0.211995,0.211995,"chr036875.1",30170001,30270000
"NC_036875.1",30470000,0.295738,0.0180386,0.248696,0.295738,"chr036875.1",30420001,30520000
"NC_036875.1",30480000,0.283632,0.018391,0.238479,0.283632,"chr036875.1",30430001,30530000
"NC_036875.1",30490000,0.299068,0.0171519,0.257455,0.299068,"chr036875.1",30440001,30540000
"NC_036875.1",30500000,0.364234,0.0178316,0.300432,0.364234,"chr036875.1",30450001,30550000
"NC_036875.1",30510000,0.385314,0.0262736,0.293808,0.385314,"chr036875.1",30460001,30560000
"NC_036875.1",30520000,0.371171,0.0301276,0.288785,0.371171,"chr036875.1",30470001,30570000
"NC_036875.1",30530000,0.349332,0.0299188,0.257975,0.349332,"chr036875.1",30480001,30580000
"NC_036875.1",30540000,0.340169,0.0222257,0.247292,0.340169,"chr036875.1",30490001,30590000
"NC_036875.1",30550000,0.320587,0.0288578,0.237813,0.320587,"chr036875.1",30500001,30600000
"NC_036875.1",30560000,0.329933,0.0373674,0.236014,0.329933,"chr036875.1",30510001,30610000
"NC_036875.1",30570000,0.382469,0.0548303,0.272288,0.382469,"chr036875.1",30520001,30620000
"NC_036875.1",30580000,0.371544,0.0528986,0.261165,0.371544,"chr036875.1",30530001,30630000
"NC_036875.1",30590000,0.372387,0.04925,0.253549,0.372387,"chr036875.1",30540001,30640000
"NC_036875.1",30600000,0.343024,0.0571287,0.238953,0.343024,"chr036875.1",30550001,30650000
"NC_036875.1",30610000,0.341611,0.0440322,0.232131,0.341611,"chr036875.1",30560001,30660000
"NC_036875.1",30620000,0.359623,0.0433019,0.248615,0.359623,"chr036875.1",30570001,30670000
"NC_036875.1",30630000,0.372279,0.0513219,0.275254,0.372279,"chr036875.1",30580001,30680000
"NC_036875.1",30640000,0.340561,0.0500905,0.261791,0.340561,"chr036875.1",30590001,30690000
"NC_036875.1",30650000,0.360383,0.0413798,0.27703,0.360383,"chr036875.1",30600001,30700000
"NC_036875.1",30660000,0.347162,0.0330651,0.272734,0.347162,"chr036875.1",30610001,30710000
"NC_036875.1",30670000,0.364497,0.0184303,0.274591,0.364497,"chr036875.1",30620001,30720000
"NC_036875.1",30680000,0.346684,0.0180246,0.267987,0.346684,"chr036875.1",30630001,30730000
"NC_036875.1",30690000,0.346537,0.00517379,0.269656,0.346537,"chr036875.1",30640001,30740000
"NC_036875.1",30700000,0.303874,0,0.237288,0.303874,"chr036875.1",30650001,30750000
"NC_036875.1",30710000,0.321713,0.00171144,0.258483,0.321713,"chr036875.1",30660001,30760000
"NC_036875.1",30720000,0.300962,0.00351587,0.231298,0.300962,"chr036875.1",30670001,30770000
"NC_036875.1",30730000,0.274391,0.00507155,0.204763,0.274391,"chr036875.1",30680001,30780000
"NC_036875.1",30740000,0.300359,0.0102842,0.210489,0.300359,"chr036875.1",30690001,30790000
"NC_036875.1",30750000,0.290881,0.0210562,0.205333,0.290881,"chr036875.1",30700001,30800000
"NC_036875.1",30760000,0.279132,0.0270021,0.192879,0.279132,"chr036875.1",30710001,30810000
"NC_036875.1",30770000,0.280572,0.0272751,0.197297,0.280572,"chr036875.1",30720001,30820000
"NC_036875.1",30780000,0.271655,0.0252844,0.19458,0.271655,"chr036875.1",30730001,30830000
"NC_036875.1",30790000,0.251061,0.0431716,0.194406,0.251061,"chr036875.1",30740001,30840000
"NC_036875.1",30800000,0.256456,0.0503522,0.205987,0.256456,"chr036875.1",30750001,30850000
"NC_036875.1",30810000,0.243206,0.0472512,0.176232,0.243206,"chr036875.1",30760001,30860000
"NC_036875.1",30820000,0.236288,0.0677767,0.183371,0.236288,"chr036875.1",30770001,30870000
"NC_036875.1",30830000,0.256214,0.0535205,0.168023,0.256214,"chr036875.1",30780001,30880000
"NC_036875.1",30840000,0.253676,0.0492266,0.143602,0.253676,"chr036875.1",30790001,30890000
"NC_036875.1",30850000,0.204438,0.018717,0.090276,0.204438,"chr036875.1",30800001,30900000
"NC_036875.1",30990000,0.204228,0,0,0.204228,"chr036875.1",30940001,31040000
"NC_036875.1",3.1e+07,0.223803,0,0,0.223803,"chr036875.1",30950001,31050000
"NC_036875.1",31040000,0.261008,0,0.141861,0.261008,"chr036875.1",30990001,31090000
"NC_036875.1",31050000,0.286858,0,0.116657,0.286858,"chr036875.1",31000001,31100000
"NC_036875.1",31060000,0.329131,0,0.0922512,0.329131,"chr036875.1",31010001,31110000
"NC_036875.1",31070000,0.340955,0,0.0770265,0.340955,"chr036875.1",31020001,31120000
"NC_036875.1",31080000,0.371799,0,0.0559269,0.371799,"chr036875.1",31030001,31130000
"NC_036875.1",31090000,0.356993,0,0.0771462,0.356993,"chr036875.1",31040001,31140000
"NC_036875.1",31100000,0.320635,0,0.121727,0.320635,"chr036875.1",31050001,31150000
"NC_036875.1",31110000,0.291731,0,0.155665,0.291731,"chr036875.1",31060001,31160000
"NC_036875.1",31120000,0.258301,0,0.143914,0.258301,"chr036875.1",31070001,31170000
"NC_036875.1",31130000,0.23507,0,0.122494,0.23507,"chr036875.1",31080001,31180000
"NC_036875.1",33990000,0,0.218398,0,0.218398,"chr036875.1",33940001,34040000
"NC_036875.1",3.4e+07,0.00566526,0.212918,0,0.212918,"chr036875.1",33950001,34050000
"NC_036875.1",34010000,0.0341281,0.207203,0,0.207203,"chr036875.1",33960001,34060000
"NC_036875.1",34020000,0.0455713,0.200568,0,0.200568,"chr036875.1",33970001,34070000
"NC_036875.1",34030000,0.0587317,0.203555,0.00464832,0.203555,"chr036875.1",33980001,34080000
"NC_036875.1",40460000,0.211093,0,0,0.211093,"chr036875.1",40410001,40510000
"NC_036876.1",1370000,0,0,0.214389,0.214389,"chr036876.1",1320001,1420000
"NC_036876.1",1380000,0,0,0.26308,0.26308,"chr036876.1",1330001,1430000
"NC_036876.1",1390000,0,0,0.275099,0.275099,"chr036876.1",1340001,1440000
"NC_036876.1",1400000,0,0,0.275088,0.275088,"chr036876.1",1350001,1450000
"NC_036876.1",1410000,0,0,0.288345,0.288345,"chr036876.1",1360001,1460000
"NC_036876.1",1420000,0,0,0.341813,0.341813,"chr036876.1",1370001,1470000
"NC_036876.1",1430000,0,0,0.303097,0.303097,"chr036876.1",1380001,1480000
"NC_036876.1",1440000,0,0,0.28757,0.28757,"chr036876.1",1390001,1490000
"NC_036876.1",1450000,0,0,0.284792,0.284792,"chr036876.1",1400001,1500000
"NC_036876.1",1460000,0,0,0.28216,0.28216,"chr036876.1",1410001,1510000
"NC_036876.1",1470000,0,0,0.287034,0.287034,"chr036876.1",1420001,1520000
"NC_036876.1",1480000,0,0,0.275161,0.275161,"chr036876.1",1430001,1530000
"NC_036876.1",1490000,0,0,0.266076,0.266076,"chr036876.1",1440001,1540000
"NC_036876.1",1500000,0,0,0.261967,0.261967,"chr036876.1",1450001,1550000
"NC_036876.1",1510000,0,0,0.268197,0.268197,"chr036876.1",1460001,1560000
"NC_036876.1",1520000,0,0,0.21225,0.21225,"chr036876.1",1470001,1570000
"NC_036876.1",1530000,0,0,0.281335,0.281335,"chr036876.1",1480001,1580000
"NC_036876.1",1540000,0,0,0.256087,0.256087,"chr036876.1",1490001,1590000
"NC_036876.1",1550000,0,0,0.243795,0.243795,"chr036876.1",1500001,1600000
"NC_036876.1",2920000,0.257072,0,0.0707867,0.257072,"chr036876.1",2870001,2970000
"NC_036876.1",2930000,0.320112,0,0.0534289,0.320112,"chr036876.1",2880001,2980000
"NC_036876.1",2940000,0.353193,0,0.0478117,0.353193,"chr036876.1",2890001,2990000
"NC_036876.1",2950000,0.35715,0,0.0288752,0.35715,"chr036876.1",2900001,3e+06
"NC_036876.1",2960000,0.353795,0,0.0210063,0.353795,"chr036876.1",2910001,3010000
"NC_036876.1",2970000,0.373238,0,0.00807956,0.373238,"chr036876.1",2920001,3020000
"NC_036876.1",2980000,0.389985,0,0,0.389985,"chr036876.1",2930001,3030000
"NC_036876.1",2990000,0.414349,0,0,0.414349,"chr036876.1",2940001,3040000
"NC_036876.1",3e+06,0.397586,0,0,0.397586,"chr036876.1",2950001,3050000
"NC_036876.1",3010000,0.388331,0,0,0.388331,"chr036876.1",2960001,3060000
"NC_036876.1",3020000,0.311044,0,0,0.311044,"chr036876.1",2970001,3070000
"NC_036876.1",3030000,0.22359,0,0,0.22359,"chr036876.1",2980001,3080000
"NC_036876.1",3350000,0.217042,0,0.0107752,0.217042,"chr036876.1",3300001,3400000
"NC_036876.1",3360000,0.268879,0,0.0198596,0.268879,"chr036876.1",3310001,3410000
"NC_036876.1",3370000,0.289009,0,0.0199594,0.289009,"chr036876.1",3320001,3420000
"NC_036876.1",3380000,0.266691,0,0.0163745,0.266691,"chr036876.1",3330001,3430000
"NC_036876.1",3390000,0.271355,0,0.0278093,0.271355,"chr036876.1",3340001,3440000
"NC_036876.1",4040000,0.200969,0.0810488,0,0.200969,"chr036876.1",3990001,4090000
"NC_036876.1",4050000,0.207091,0.0510121,0,0.207091,"chr036876.1",4000001,4100000
"NC_036876.1",4060000,0.233333,0.0410885,0.00218478,0.233333,"chr036876.1",4010001,4110000
"NC_036876.1",4070000,0.255072,0.0344569,0.0107559,0.255072,"chr036876.1",4020001,4120000
"NC_036876.1",4080000,0.293096,0.0112096,0.0347195,0.293096,"chr036876.1",4030001,4130000
"NC_036876.1",4090000,0.303052,0,0.0453432,0.303052,"chr036876.1",4040001,4140000
"NC_036876.1",4100000,0.321848,0,0.0711852,0.321848,"chr036876.1",4050001,4150000
"NC_036876.1",4110000,0.326394,0,0.0757366,0.326394,"chr036876.1",4060001,4160000
"NC_036876.1",4120000,0.323443,0,0.0744066,0.323443,"chr036876.1",4070001,4170000
"NC_036876.1",4130000,0.32129,0,0.0685087,0.32129,"chr036876.1",4080001,4180000
"NC_036876.1",4140000,0.293017,0,0.0535899,0.293017,"chr036876.1",4090001,4190000
"NC_036876.1",4150000,0.32101,0,0.0582983,0.32101,"chr036876.1",4100001,4200000
"NC_036876.1",4160000,0.300394,0,0.0499813,0.300394,"chr036876.1",4110001,4210000
"NC_036876.1",4170000,0.285959,0,0.0431979,0.285959,"chr036876.1",4120001,4220000
"NC_036876.1",4180000,0.20247,0,0,0.20247,"chr036876.1",4130001,4230000
"NC_036876.1",4380000,0,0.286516,0.0156484,0.286516,"chr036876.1",4330001,4430000
"NC_036876.1",4390000,0,0.316614,0.0177569,0.316614,"chr036876.1",4340001,4440000
"NC_036876.1",4440000,0,0.203821,0.0222924,0.203821,"chr036876.1",4390001,4490000
"NC_036876.1",4450000,0,0.229121,0.0245225,0.229121,"chr036876.1",4400001,4500000
"NC_036876.1",4460000,0.00171546,0.25594,0.0259152,0.25594,"chr036876.1",4410001,4510000
"NC_036876.1",6610000,0.359855,0,0,0.359855,"chr036876.1",6560001,6660000
"NC_036876.1",6620000,0.356285,0,0,0.356285,"chr036876.1",6570001,6670000
"NC_036876.1",6630000,0.371634,0,0,0.371634,"chr036876.1",6580001,6680000
"NC_036876.1",6640000,0.370988,0,0,0.370988,"chr036876.1",6590001,6690000
"NC_036876.1",6650000,0.255077,0,0,0.255077,"chr036876.1",6600001,6700000
"NC_036876.1",6660000,0.209054,0,0,0.209054,"chr036876.1",6610001,6710000
"NC_036876.1",6940000,0.0595885,0.107657,0.206305,0.206305,"chr036876.1",6890001,6990000
"NC_036876.1",6950000,0.0572015,0.0901891,0.209694,0.209694,"chr036876.1",6900001,7e+06
"NC_036876.1",6960000,0.067183,0.0760289,0.211752,0.211752,"chr036876.1",6910001,7010000
"NC_036876.1",6980000,0.0590545,0.0521869,0.202996,0.202996,"chr036876.1",6930001,7030000
"NC_036876.1",7060000,0.0362103,0,0.206217,0.206217,"chr036876.1",7010001,7110000
"NC_036876.1",7070000,0.0313156,0.00205575,0.233845,0.233845,"chr036876.1",7020001,7120000
"NC_036876.1",7080000,0.0287125,0.000815873,0.232087,0.232087,"chr036876.1",7030001,7130000
"NC_036876.1",7090000,0.011714,0.0203514,0.203642,0.203642,"chr036876.1",7040001,7140000
"NC_036876.1",7250000,0.230682,0.0218099,0.0867048,0.230682,"chr036876.1",7200001,7300000
"NC_036876.1",7260000,0.289315,0.0107246,0.0743354,0.289315,"chr036876.1",7210001,7310000
"NC_036876.1",7270000,0.271464,0.00211237,0.0634282,0.271464,"chr036876.1",7220001,7320000
"NC_036876.1",7280000,0.220953,0,0.0621772,0.220953,"chr036876.1",7230001,7330000
"NC_036876.1",7290000,0.200393,0,0.0737643,0.200393,"chr036876.1",7240001,7340000
"NC_036876.1",8340000,0.230258,0.132553,0.142441,0.230258,"chr036876.1",8290001,8390000
"NC_036876.1",8350000,0.221239,0.12793,0.138735,0.221239,"chr036876.1",8300001,8400000
"NC_036876.1",8360000,0.203786,0.1266,0.128616,0.203786,"chr036876.1",8310001,8410000
"NC_036876.1",8390000,0.234239,0.181118,0.163328,0.234239,"chr036876.1",8340001,8440000
"NC_036876.1",8400000,0.230606,0.17885,0.15967,0.230606,"chr036876.1",8350001,8450000
"NC_036876.1",8410000,0.208464,0.141222,0.13599,0.208464,"chr036876.1",8360001,8460000
"NC_036876.1",9380000,0.213465,0.188019,0.138087,0.213465,"chr036876.1",9330001,9430000
"NC_036876.1",9400000,0.20055,0.145153,0.0964057,0.20055,"chr036876.1",9350001,9450000
"NC_036876.1",9410000,0.202416,0.132544,0.0884016,0.202416,"chr036876.1",9360001,9460000
"NC_036876.1",9460000,0.204436,0.103961,0.0237885,0.204436,"chr036876.1",9410001,9510000
"NC_036876.1",9820000,0.120851,0.0259397,0.247884,0.247884,"chr036876.1",9770001,9870000
"NC_036876.1",9830000,0.134055,0.0136922,0.303975,0.303975,"chr036876.1",9780001,9880000
"NC_036876.1",9840000,0.134407,0.00985523,0.302774,0.302774,"chr036876.1",9790001,9890000
"NC_036876.1",9850000,0.13087,0.00470207,0.30879,0.30879,"chr036876.1",9800001,9900000
"NC_036876.1",9860000,0.10436,0,0.272963,0.272963,"chr036876.1",9810001,9910000
"NC_036876.1",9870000,0.096047,0,0.252654,0.252654,"chr036876.1",9820001,9920000
"NC_036876.1",9880000,0.093345,0,0.248022,0.248022,"chr036876.1",9830001,9930000
"NC_036876.1",9890000,0.0921373,0,0.246887,0.246887,"chr036876.1",9840001,9940000
"NC_036876.1",9900000,0.085613,0,0.226109,0.226109,"chr036876.1",9850001,9950000
"NC_036876.1",9910000,0.0652016,0,0.208967,0.208967,"chr036876.1",9860001,9960000
"NC_036876.1",10390000,0,0,0.225525,0.225525,"chr036876.1",10340001,10440000
"NC_036876.1",10400000,0,0,0.237135,0.237135,"chr036876.1",10350001,10450000
"NC_036876.1",10410000,0,0,0.229713,0.229713,"chr036876.1",10360001,10460000
"NC_036876.1",10420000,0,0,0.260772,0.260772,"chr036876.1",10370001,10470000
"NC_036876.1",10430000,0,0,0.330113,0.330113,"chr036876.1",10380001,10480000
"NC_036876.1",10440000,0,0,0.321453,0.321453,"chr036876.1",10390001,10490000
"NC_036876.1",10450000,0,0,0.326332,0.326332,"chr036876.1",10400001,10500000
"NC_036876.1",10460000,0,0,0.314693,0.314693,"chr036876.1",10410001,10510000
"NC_036876.1",10760000,0,0.23518,0.0265502,0.23518,"chr036876.1",10710001,10810000
"NC_036876.1",10770000,0,0.242278,0.0114227,0.242278,"chr036876.1",10720001,10820000
"NC_036876.1",10940000,0.0352073,0.234583,0.101814,0.234583,"chr036876.1",10890001,10990000
"NC_036876.1",10950000,0.0357186,0.226756,0.0937749,0.226756,"chr036876.1",10900001,1.1e+07
"NC_036876.1",10960000,0.0032388,0.226512,0.103987,0.226512,"chr036876.1",10910001,11010000
"NC_036876.1",10970000,0,0.230575,0.103775,0.230575,"chr036876.1",10920001,11020000
"NC_036876.1",10980000,0,0.214366,0.0987787,0.214366,"chr036876.1",10930001,11030000
"NC_036876.1",10990000,0,0.30953,0.140867,0.30953,"chr036876.1",10940001,11040000
"NC_036876.1",1.1e+07,0,0.347119,0.151673,0.347119,"chr036876.1",10950001,11050000
"NC_036876.1",11010000,0,0.339201,0.142335,0.339201,"chr036876.1",10960001,11060000
"NC_036876.1",11020000,0,0.352717,0.145168,0.352717,"chr036876.1",10970001,11070000
"NC_036876.1",11030000,0,0.33512,0.149627,0.33512,"chr036876.1",10980001,11080000
"NC_036876.1",11040000,0,0.321983,0.144124,0.321983,"chr036876.1",10990001,11090000
"NC_036876.1",11050000,0,0.321041,0.148051,0.321041,"chr036876.1",11000001,11100000
"NC_036876.1",11060000,0,0.292873,0.127505,0.292873,"chr036876.1",11010001,11110000
"NC_036876.1",11070000,0,0.22443,0.0846332,0.22443,"chr036876.1",11020001,11120000
"NC_036876.1",11080000,0,0.216877,0.0818965,0.216877,"chr036876.1",11030001,11130000
"NC_036876.1",12690000,0.223671,0,0.028313,0.223671,"chr036876.1",12640001,12740000
"NC_036876.1",12700000,0.219512,0,0.0101663,0.219512,"chr036876.1",12650001,12750000
"NC_036876.1",14240000,0.232315,0.00262981,0,0.232315,"chr036876.1",14190001,14290000
"NC_036876.1",15050000,0.117798,0.20697,0.000485557,0.20697,"chr036876.1",15000001,15100000
"NC_036876.1",15090000,0.163928,0.2061,0.0642127,0.2061,"chr036876.1",15040001,15140000
"NC_036876.1",15100000,0.107101,0.224747,0.0465861,0.224747,"chr036876.1",15050001,15150000
"NC_036876.1",15110000,0.0798648,0.221972,0.0415965,0.221972,"chr036876.1",15060001,15160000
"NC_036876.1",15120000,0.0721184,0.21575,0.0320088,0.21575,"chr036876.1",15070001,15170000
"NC_036876.1",15130000,0.0661432,0.204055,0.0231933,0.204055,"chr036876.1",15080001,15180000
"NC_036876.1",15340000,0.0427083,0.219819,0,0.219819,"chr036876.1",15290001,15390000
"NC_036876.1",15350000,0.0447773,0.225152,0,0.225152,"chr036876.1",15300001,15400000
"NC_036876.1",15640000,0,0.385418,0,0.385418,"chr036876.1",15590001,15690000
"NC_036876.1",15650000,0,0.432779,0,0.432779,"chr036876.1",15600001,15700000
"NC_036876.1",15660000,0,0.317738,0,0.317738,"chr036876.1",15610001,15710000
"NC_036876.1",15670000,0,0.277162,0,0.277162,"chr036876.1",15620001,15720000
"NC_036876.1",15680000,0,0.29266,0,0.29266,"chr036876.1",15630001,15730000
"NC_036876.1",15690000,0,0.283605,0,0.283605,"chr036876.1",15640001,15740000
"NC_036876.1",15700000,0,0.255762,0,0.255762,"chr036876.1",15650001,15750000
"NC_036876.1",15710000,0,0.222374,0,0.222374,"chr036876.1",15660001,15760000
"NC_036876.1",15720000,0,0.202046,0,0.202046,"chr036876.1",15670001,15770000
"NC_036876.1",17640000,0.14146,0,0.200522,0.200522,"chr036876.1",17590001,17690000
"NC_036876.1",17650000,0.140839,0,0.206536,0.206536,"chr036876.1",17600001,17700000
"NC_036876.1",17660000,0.133478,0,0.22575,0.22575,"chr036876.1",17610001,17710000
"NC_036876.1",17670000,0.0982376,0,0.232262,0.232262,"chr036876.1",17620001,17720000
"NC_036876.1",17680000,0.0431835,0,0.310348,0.310348,"chr036876.1",17630001,17730000
"NC_036876.1",17690000,0.0281349,0,0.319569,0.319569,"chr036876.1",17640001,17740000
"NC_036876.1",17700000,0.0307003,0.00828182,0.332931,0.332931,"chr036876.1",17650001,17750000
"NC_036876.1",17710000,0.0307764,0.0102219,0.334839,0.334839,"chr036876.1",17660001,17760000
"NC_036876.1",17720000,0.0360007,0.00608153,0.244461,0.244461,"chr036876.1",17670001,17770000
"NC_036876.1",17730000,0.0408628,0.00787167,0.21947,0.21947,"chr036876.1",17680001,17780000
