"Residue","Morph_pvalue","Timepoint_pvalue","Sex_pvalue","MorphXTimepoint_pvalue","MorphXSex_pvalue","TimepointXSex_pvalue","chrom","start","temp","NW","NCBI","Morph_pvalue_corrected","Timepoint_pvalue_corrected","Sex_pvalue_corrected","MorphXTimepoint_pvalue_corrected","MorphXSex_pvalue_corrected","TimepointXSex_pvalue_corrected"
"chr036838.1_10287681",0.034129015365771,1.12948154608237e-16,0.106299270436391,0.0220705155297777,0.00378087304981358,0.0374533424673862,"chr036838.1",10287681,36838.1,"NC_","NC_036838.1",1,1.62950302653304e-12,1,1,1,1
"chr036838.1_13656113",0.113076382089842,1.48939531119446e-09,3.11259427377454e-06,0.301229498920654,0.0507354990722478,0.130626105616188,"chr036838.1",13656113,36838.1,"NC_","NC_036838.1",1,2.14875061546025e-05,0.0449053975877453,1,1,1
"chr036838.1_15968726",0.000171337467445725,3.52974540703366e-12,0.664336926269014,0.221813769073963,0.604778542441773,0.182525368383498,"chr036838.1",15968726,36838.1,"NC_","NC_036838.1",1,5.09236369872746e-08,1,1,1,1
"chr036838.1_19998757",0.153363571202233,1.8580818387938e-06,0.635334062992644,0.754701715184293,0.185300288117166,0.707795725649516,"chr036838.1",19998757,36838.1,"NC_","NC_036838.1",1,0.0268065466882782,1,1,1,1
"chr036838.1_19998760",0.00280468423535796,3.32237506947333e-09,0.275640968303858,0.543448594193217,0.167002960149274,0.839724900461718,"chr036838.1",19998760,36838.1,"NC_","NC_036838.1",1,4.79319051272918e-05,1,1,1,1
"chr036838.1_19998786",3.40405629895245e-10,5.54786563091454e-18,0.5619865394951,0.106920471535955,5.12612875547361e-05,0.458250293145329,"chr036838.1",19998786,36838.1,"NC_","NC_036838.1",4.9110320224987e-06,8.00390574572041e-14,1,1,0.739546595552178,1
"chr036838.1_19998855",2.14658329965726e-06,9.53835696693996e-13,0.706084143804998,0.370901280982697,0.71698292383946,0.18248591889779,"chr036838.1",19998855,36838.1,"NC_","NC_036838.1",0.0309687572641553,1.37609875962043e-08,1,1,1,1
"chr036838.1_20191387",0.010687420226741,2.9577823573271e-07,0.449220939968022,0.00555040751709394,0.996053638098167,0.717571144688888,"chr036838.1",20191387,36838.1,"NC_","NC_036838.1",1,0.0042671926069158,1,1,1,1
"chr036838.1_20191505",0.344463407041592,1.87322078476522e-08,0.00105094373606665,0.0217043396320079,0.236705413802836,0.000634944193806726,"chr036838.1",20191505,36838.1,"NC_","NC_036838.1",1,0.000270249562618079,1,1,1,1
"chr036838.1_35670923",0.897472928596422,1.24234471147963e-06,0.458933632117567,0.494295970134192,0.714176954100491,0.775607476529757,"chr036838.1",35670923,36838.1,"NC_","NC_036838.1",1,0.0179233071525166,1,1,1,1
"chr036838.1_48808279",1.1997148569877e-10,1.99096471794367e-17,0.783184568265398,0.0588485069226764,0.0314761891902195,0.00243140197246078,"chr036838.1",48808279,36838.1,"NC_","NC_036838.1",1.73082862417616e-06,2.87236479857733e-13,1,1,1,1
"chr036838.1_48808309",0.000624455058067028,3.65654898109497e-14,0.00255804021718079,0.811415726947656,0.248497029022122,0.358725988588755,"chr036838.1",48808309,36838.1,"NC_","NC_036838.1",1,5.27530321502571e-10,1,1,1,1
"chr036838.1_48808358",9.23757824808429e-05,1.41261239009689e-07,0.0290679925740457,0.937794648734973,0.209117298829387,0.875037330092505,"chr036838.1",48808358,36838.1,"NC_","NC_036838.1",1,0.00203797589519279,1,1,1,1
"chr036838.1_48808374",1.52271727244827e-08,3.40794639868732e-09,0.544043599999182,0.554440117578986,0.00243068674112396,0.00206513358549288,"chr036838.1",48808374,36838.1,"NC_","NC_036838.1",0.000219682420896111,4.9166442693862e-05,1,1,1,1
"chr036839.1_254779",0.0135293971801254,3.39612670191387e-07,0.0220526963655706,0.1369881328116,0.149075406507622,0.165502411823574,"chr036839.1",254779,36839.1,"NC_","NC_036839.1",1,0.00489959199285114,1,1,1,1
"chr036839.1_3598354",0.0902688122585006,3.70794854914439e-08,0.136951252354102,0.000428321986624207,0.0420026731080642,0.0503322600675531,"chr036839.1",3598354,36839.1,"NC_","NC_036839.1",1,0.000534945737185061,1,1,1,1
"chr036839.1_9822082",0.0193147321613344,1.29818157445436e-06,0.856885570057183,0.861033583726415,0.28747533993132,0.0719999129461722,"chr036839.1",9822082,36839.1,"NC_","NC_036839.1",1,0.0187288655746531,1,1,1,1
"chr036839.1_10168356",0.00016626918839376,2.16639468194646e-09,0.788718564663037,0.175123402700198,0.104645796037116,0.683203808156065,"chr036839.1",10168356,36839.1,"NC_","NC_036839.1",1,3.12545760764415e-05,1,1,1,1
"chr036839.1_10974952",0.138761708161685,5.21788357791445e-12,0.935293821680498,0.0179169004368011,0.945316588413568,0.324397291258186,"chr036839.1",10974952,36839.1,"NC_","NC_036839.1",1,7.52784063785718e-08,1,1,1,1
"chr036839.1_28954281",5.03266820623943e-05,1.88108248152463e-07,0.351267478794151,0.276151620925714,0.21589943138599,0.0900023134722644,"chr036839.1",28954281,36839.1,"NC_","NC_036839.1",0.726063042114163,0.00271383769609559,1,1,1,1
"chr036839.1_32818854",0.0512462665140801,2.33247870639967e-06,0.658513046279139,0.082941398747352,0.928012006712244,0.160213775196548,"chr036839.1",32818854,36839.1,"NC_","NC_036839.1",1,0.033650670297228,1,1,1,1
"chr036839.1_32818859",0.108498985435837,9.10250603686701e-09,0.306233216021382,0.0378173882825924,0.997526160000805,0.936731226931345,"chr036839.1",32818859,36839.1,"NC_","NC_036839.1",1,0.00013132185459388,1,1,1,1
"chr036839.1_32818898",0.436001346916632,1.99934207571209e-08,0.630084289046132,0.00911663841070592,0.638546100959762,0.452005941402119,"chr036839.1",32818898,36839.1,"NC_","NC_036839.1",1,0.000288445081262983,1,1,1,1
"chr036839.1_32818903",0.443968565871231,1.93141040977346e-06,0.73103665404629,0.15216838143226,0.962283054116709,0.557453930843507,"chr036839.1",32818903,36839.1,"NC_","NC_036839.1",1,0.0278644579818017,1,1,1,1
"chr036839.1_32818926",0.900051404078804,2.27224187522082e-06,0.624356581519115,0.00527519389113179,0.584290242456813,0.227662050879115,"chr036839.1",32818926,36839.1,"NC_","NC_036839.1",1,0.0327816335338108,1,1,1,1
"chr036839.1_32818950",0.707586898314112,1.49178755306552e-06,0.585702801954851,0.108643899778787,0.933375446528144,0.218861209453075,"chr036839.1",32818950,36839.1,"NC_","NC_036839.1",1,0.0215220190280762,1,1,1,1
"chr036839.1_32818995",0.901137791214324,3.26885077423555e-07,0.264023067732191,0.0870385437831292,0.428978186715179,0.013729304735982,"chr036839.1",32818995,36839.1,"NC_","NC_036839.1",1,0.00471597101198963,1,1,1,1
"chr036839.1_32819034",0.667993511002906,5.3039844715666e-07,0.043173192792494,0.0377632300152157,0.527155940207977,0.046801132098862,"chr036839.1",32819034,36839.1,"NC_","NC_036839.1",1,0.00765205839712913,1,1,1,1
"chr036839.1_34576981",0.896163508412458,1.00807591117094e-06,0.214729207196187,0.460619738888863,0.462854025577609,0.533287474194419,"chr036839.1",34576981,36839.1,"NC_","NC_036839.1",1,0.0145435111704632,1,1,1,1
"chr036840.1_6555804",0.14471737505719,2.57830132357939e-09,0.00711282273954544,0.0520720907793962,0.206845033509925,0.169898055209466,"chr036840.1",6555804,36840.1,"NC_","NC_036840.1",1,3.71971531952799e-05,1,1,1,1
"chr036840.1_14179100",0.0536749388293021,1.73766675992805e-06,0.779112562635817,0.0478021514122796,0.144140874557997,0.117234176039458,"chr036840.1",14179100,36840.1,"NC_","NC_036840.1",1,0.025069318345482,1,1,1,1
"chr036841.1_3616213",0.672637466207983,2.3131183624091e-06,0.623623802253052,0.291327638912429,0.547068549000435,0.432359757744359,"chr036841.1",3616213,36841.1,"NC_","NC_036841.1",1,0.0333713586144761,1,1,1,1
"chr036841.1_3616310",0.0890553789769426,5.14838991949555e-19,0.546639379031357,2.40080004340982e-08,0.665680814796922,0.363669706345728,"chr036841.1",3616310,36841.1,"NC_","NC_036841.1",1,7.42758213685624e-15,1,0.000346363422262735,1,1
"chr036841.1_12406744",0.00013486042818584,8.75037133881252e-11,0.849685321751072,0.39515245891863,0.49041607382232,0.566911516718282,"chr036841.1",12406744,36841.1,"NC_","NC_036841.1",1,1.26241607305048e-06,1,1,1,1
"chr036841.1_15308122",0.485615969092891,7.3079962312677e-08,0.248362225348277,0.0286728294399402,0.839915494023456,0.489581412930626,"chr036841.1",15308122,36841.1,"NC_","NC_036841.1",1,0.00105432461628499,1,1,1,1
"chr036841.1_15997613",0.136989548176502,2.55458233577077e-07,0.826175624334335,0.315994998444163,0.171715402783119,0.124427413378899,"chr036841.1",15997613,36841.1,"NC_","NC_036841.1",1,0.00368549593581649,1,1,1,1
"chr036841.1_15997824",2.48135340186288e-07,3.08465508596196e-15,0.324722751239922,0.614120106755255,0.540670296277174,0.677337179315034,"chr036841.1",15997824,36841.1,"NC_","NC_036841.1",0.00357984855286758,4.45023189251732e-11,1,1,1,1
"chr036841.1_15997853",0.000531259548738782,2.30206623403795e-06,0.335359727124213,0.620339877493607,0.0420819942986456,0.71923555439288,"chr036841.1",15997853,36841.1,"NC_","NC_036841.1",1,0.0332119095584656,1,1,1,1
"chr036841.1_15997945",0.00037227587895244,1.01269683450626e-09,0.452920174085083,0.894552946547298,0.843346677762659,0.327401283469536,"chr036841.1",15997945,36841.1,"NC_","NC_036841.1",1,1.46101772314218e-05,1,1,1,1
"chr036841.1_15997946",0.047147533588565,3.6499139524091e-09,0.460263169333369,0.607878136380665,0.953558684278685,0.511324216388019,"chr036841.1",15997946,36841.1,"NC_","NC_036841.1",1,5.26573085914062e-05,1,1,1,1
"chr036842.1_4406917",0.0173845442880792,3.47586764264504e-10,0.00443048312179361,0.0406154356104832,0.127308382736317,0.545004908461463,"chr036842.1",4406917,36842.1,"NC_","NC_036842.1",1,5.014634248044e-06,1,1,1,1
"chr036842.1_7568501",0.00341292296598091,1.07504846673066e-09,0.491902090567301,0.969614791743404,0.92235368437866,0.262230688743794,"chr036842.1",7568501,36842.1,"NC_","NC_036842.1",1,1.55097242295232e-05,1,1,1,1
"chr036842.1_7568631",0.321721827720384,5.79728068838983e-07,0.148279496570378,0.269136818922497,0.32140112886487,0.0680106268245231,"chr036842.1",7568631,36842.1,"NC_","NC_036842.1",1,0.00836373684914001,1,1,1,1
"chr036842.1_12099809",0.0616684656877336,3.86625508087155e-07,0.578067576041015,0.994943553909876,0.0195550018892689,0.956170719081005,"chr036842.1",12099809,36842.1,"NC_","NC_036842.1",1,0.00557784620517339,1,1,1,1
"chr036842.1_15645613",8.30557848529443e-05,1.11950184109278e-07,0.733160459927396,0.12860010054458,0.9955718548302,0.191661479724128,"chr036842.1",15645613,36842.1,"NC_","NC_036842.1",1,0.00161510530614455,1,1,1,1
"chr036842.1_16641493",0.0272037234732911,6.18962170961595e-08,0.45157651715087,0.810003196267671,0.173314822985025,0.993124070580763,"chr036842.1",16641493,36842.1,"NC_","NC_036842.1",1,0.000892976724046294,1,1,1,1
"chr036842.1_19257371",0.000558241670432136,1.70532007942895e-08,0.901682733599562,0.0012141881326632,0.428688787111094,0.0138334868988263,"chr036842.1",19257371,36842.1,"NC_","NC_036842.1",1,0.000246026527859215,1,1,1,1
"chr036842.1_22612298",0.0625268845860318,1.72927634639773e-14,0.759515293792199,0.908351176923379,0.799362007731963,0.240849597836965,"chr036842.1",22612298,36842.1,"NC_","NC_036842.1",1,2.494826984948e-10,1,1,1,1
"chr036842.1_28823068",0.0202336636799555,8.06059063981867e-07,0.387937266556708,0.0832688799777822,0.615360063801448,0.784687289484775,"chr036842.1",28823068,36842.1,"NC_","NC_036842.1",1,0.0116290141160664,1,1,1,1
"chr036842.1_45834376",0.000240870161025846,1.87793635351608e-11,0.986091523638631,2.73703445264507e-05,0.327493078745224,0.95105659627346,"chr036842.1",45834376,36842.1,"NC_","NC_036842.1",1,2.70929877721764e-07,1,0.394871960483104,1,1
"chr036842.1_45957814",0.0013286783571723,9.33868631619746e-11,0.0203773457611121,0.651444264629607,0.282551106877635,0.210728552671941,"chr036842.1",45957814,36842.1,"NC_","NC_036842.1",1,1.34729227483781e-06,1,1,1,1
"chr036842.1_45957897",0.0707907104079911,3.44968729142053e-10,0.78673519391143,0.00267284618525953,0.396977582023409,0.50143928911584,"chr036842.1",45957897,36842.1,"NC_","NC_036842.1",1,4.9768638553324e-06,1,1,1,1
"chr036842.1_45957986",0.134112548579716,1.1829583200974e-07,0.638262693787013,0.333357108039976,0.0305104434879922,0.520763590149398,"chr036842.1",45957986,36842.1,"NC_","NC_036842.1",1,0.00170665396840452,1,1,1,1
"chr036842.1_45957995",0.011244681960679,1.84735453150902e-14,0.0542793639969165,0.556866284004916,0.789782408777733,0.885526504459987,"chr036842.1",45957995,36842.1,"NC_","NC_036842.1",1,2.66517838260806e-10,1,1,1,1
"chr036842.1_45958013",0.000668120690291542,5.99414959007764e-09,0.10229357735617,0.629701369620646,0.757228425439371,0.952968798052788,"chr036842.1",45958013,36842.1,"NC_","NC_036842.1",1,8.64775961360501e-05,1,1,1,1
"chr036842.1_46562312",0.00087349494088459,2.46166225921378e-07,0.118685135495616,0.036381187245408,0.881720614303718,0.259921678978595,"chr036842.1",46562312,36842.1,"NC_","NC_036842.1",1,0.00355144014136772,1,1,1,1
"chr036842.1_53077583",0.021751754978339,3.9061793495082e-10,0.460314162475732,0.22608624100102,0.165108520175384,0.701334542758026,"chr036842.1",53077583,36842.1,"NC_","NC_036842.1",1,5.63544494753549e-06,1,1,1,1
"chr036842.1_53499118",1.55496704374942e-07,5.48999693507624e-55,0.808242771684042,2.35304703343521e-13,0.0771094302745468,0.55005932411028,"chr036842.1",53499118,36842.1,"NC_","NC_036842.1",0.00224335095401729,7.92041857823449e-51,1,3.39474095513698e-09,1,1
"chr036842.1_53499131",6.78098440862989e-08,3.1529696594492e-53,0.906838353791499,2.8109658430682e-12,0.18289537553614,0.914439542022944,"chr036842.1",53499131,36842.1,"NC_","NC_036842.1",0.000978292620633034,4.54878932768736e-49,1,4.05538042179449e-08,1,1
"chr036842.1_55436012",0.000360014787329689,3.53762892299234e-08,0.435753108219787,0.00105185038878472,0.240008635440183,0.0961562935563395,"chr036842.1",55436012,36842.1,"NC_","NC_036842.1",1,0.000510373724720106,1,1,1,1
"chr036842.1_62181780",0.359828188806425,3.20910276032422e-07,0.981054468878052,0.588723596228613,0.0324975962415792,0.000372927836216381,"chr036842.1",62181780,36842.1,"NC_","NC_036842.1",1,0.00462977255231976,1,1,1,1
"chr036842.1_62183060",0.526081293049683,8.42452550504045e-11,0.536240762186307,0.904773341501416,0.00639969492761642,0.00217885269349581,"chr036842.1",62183060,36842.1,"NC_","NC_036842.1",1,1.21540629461219e-06,1,1,1,1
"chr036842.1_62932148",1.06377618084077e-13,2.60324596260006e-20,0.0103370084089023,0.00314503020747197,0.00293038786435909,0.390313013731798,"chr036842.1",62932148,36842.1,"NC_","NC_036842.1",1.53470989609898e-09,3.7557029502431e-16,1,1,1,1
"chr036842.1_62932166",0.0138215503398531,3.07568609499497e-07,0.808884010932746,0.497562265098656,0.450114577948049,0.936664853745645,"chr036842.1",62932166,36842.1,"NC_","NC_036842.1",1,0.00443729232924924,1,1,1,1
"chr036842.1_62932184",0.0154726870281722,2.25258446441068e-06,0.835288676782494,0.852435515620568,0.174070397655553,0.457192405481886,"chr036842.1",62932184,36842.1,"NC_","NC_036842.1",1,0.0324980360680528,1,1,1,1
"chr036842.1_62932256",0.00103150350059888,1.08275424347145e-06,0.773681075969998,0.256419299304216,0.141139505406434,0.00884332715779714,"chr036842.1",62932256,36842.1,"NC_","NC_036842.1",1,0.0156208954705626,1,1,1,1
"chr036842.1_62932283",7.39623004671083e-23,3.29561026167666e-24,0.370489619470464,0.0431022339279243,0.468607689618857,0.955443254350069,"chr036842.1",62932283,36842.1,"NC_","NC_036842.1",1.06705410883897e-18,4.75457692452091e-20,1,1,1,1
"chr036842.1_62932301",2.99422790790318e-13,8.0837009603307e-15,0.236048011675329,0.483975185893551,0.268594897841086,0.404053472472869,"chr036842.1",62932301,36842.1,"NC_","NC_036842.1",4.31977260273192e-09,1.16623553754691e-10,1,1,1,1
"chr036842.1_63125779",0.000300292999160542,7.27335505186952e-07,0.00501608586762986,0.0396000496065383,2.46118007654511e-06,0.00132925461045093,"chr036842.1",63125779,36842.1,"NC_","NC_036842.1",1,0.0104932693333322,1,1,0.0355074449643163,1
"chr036842.1_70045780",0.0905160423730959,9.8360165030239e-10,0.0268467820968485,0.0757203582912119,0.502854519000588,0.594998317683868,"chr036842.1",70045780,36842.1,"NC_","NC_036842.1",1,1.41904210089126e-05,1,1,1,1
"chr036842.1_74648221",0.00920749132501313,8.54393736224134e-10,0.488660031289408,0.686833292269331,0.716722752209502,0.860280003285833,"chr036842.1",74648221,36842.1,"NC_","NC_036842.1",1,1.23263384325056e-05,1,1,1,1
"chr036842.1_77621472",2.51968206822216e-05,1.20904740647719e-06,0.0308145771918257,8.75559439046098e-05,0.069263120810032,0.0293997545056351,"chr036842.1",77621472,36842.1,"NC_","NC_036842.1",0.363514531982411,0.0174429269332464,1,1,1,1
"chr036842.1_78644781",0.0484101432933302,2.29187132379014e-06,0.912709744503358,0.848542331643232,0.111936831951175,0.951847986338673,"chr036842.1",78644781,36842.1,"NC_","NC_036842.1",1,0.0330648275883203,1,1,1,1
"chr036842.1_78644887",1.04039343117435e-10,3.38100176366849e-35,0.307701798995817,0.011280768307598,0.00125205701117586,0.362868860931123,"chr036842.1",78644887,36842.1,"NC_","NC_036842.1",1.50097560315524e-06,4.87777124444453e-31,1,1,1,1
"chr036842.1_78644940",0.291178376841983,3.01064520217451e-09,0.430662507271338,0.436221002647993,0.775265605559659,0.189801872404515,"chr036842.1",78644940,36842.1,"NC_","NC_036842.1",1,4.34345783317716e-05,1,1,1,1
"chr036842.1_81293711",0.00194122674490031,2.60911119931966e-09,0.248459132344045,0.425031047893676,0.000826548917699285,0.549436514290595,"chr036842.1",81293711,36842.1,"NC_","NC_036842.1",1,3.76416472725847e-05,1,1,1,1
"chr036842.1_87423758",5.30375208632637e-05,2.6749069497048e-07,0.0482633530140559,0.125856295540016,0.456909487811715,0.0719296868621355,"chr036842.1",87423758,36842.1,"NC_","NC_036842.1",0.765172313494306,0.00385908825633911,1,1,1,1
"chr036842.1_87423773",0.000623566868199929,5.02591460021568e-15,0.333969738695622,0.000627261130034423,0.421073509994432,0.458948751442384,"chr036842.1",87423773,36842.1,"NC_","NC_036842.1",1,7.25088699373117e-11,1,1,1,1
"chr036843.1_2527344",0.0443679168613567,1.78964438451694e-10,0.291706770378019,0.63324189702369,0.850256325685272,0.234300209482322,"chr036843.1",2527344,36843.1,"NC_","NC_036843.1",1,2.58191995354259e-06,1,1,1,1
"chr036843.1_2826807",0.0201646612255185,2.35890702693381e-12,8.70837741401878e-07,0.721726282172254,0.0613751109929265,0.221036804911012,"chr036843.1",2826807,36843.1,"NC_","NC_036843.1",1,3.4031951677574e-08,0.0125635760952049,1,1,1
"chr036843.1_16991738",6.12444094431436e-06,6.05280647886853e-32,0.819026035662291,0.018315340574682,0.0217299595128751,0.821719909858529,"chr036843.1",16991738,36843.1,"NC_","NC_036843.1",0.0883573095036233,8.73238390706362e-28,1,1,1,1
"chr036843.1_16991786",1.55775836229495e-12,5.90732207603163e-18,0.430935605890381,0.472704416876984,0.0185342604453818,0.0495954264924869,"chr036843.1",16991786,36843.1,"NC_","NC_036843.1",2.24737798928293e-08,8.52249355909083e-14,1,1,1,1
"chr036843.1_16991833",0.000157381512723963,1.11310669237563e-07,0.22625884193489,0.809115974564258,0.0450144431913379,0.259208746300511,"chr036843.1",16991833,36843.1,"NC_","NC_036843.1",1,0.00160587902509033,1,1,1,1
"chr036843.1_16991889",0.00248395956341865,1.34175507491891e-06,0.815797927636745,0.632832178192332,0.141270530228947,0.142642273261196,"chr036843.1",16991889,36843.1,"NC_","NC_036843.1",1,0.0193575004658552,1,1,1,1
"chr036843.1_17207389",0.00226504710673213,9.25452427825041e-10,0.828658342558146,0.608561394586572,0.371184709260017,0.440009468147158,"chr036843.1",17207389,36843.1,"NC_","NC_036843.1",1,1.33515021762319e-05,1,1,1,1
"chr036843.1_17207435",0.00109292254490374,1.35543246192758e-07,0.260367007969749,0.505619356283473,0.825970184440783,0.076425269405731,"chr036843.1",17207435,36843.1,"NC_","NC_036843.1",1,0.00195548241282292,1,1,1,1
"chr036843.1_17207471",0.012835408774875,1.49239592649993e-06,0.900913265893004,0.947793295654185,0.57241490030082,0.92828119973137,"chr036843.1",17207471,36843.1,"NC_","NC_036843.1",1,0.0215307960316144,1,1,1,1
"chr036843.1_17207496",0.0839587053088863,7.1120622833958e-08,0.406269080643147,0.374076826683184,0.924823493994308,0.858549257753233,"chr036843.1",17207496,36843.1,"NC_","NC_036843.1",1,0.00102605722562551,1,1,1,1
"chr036843.1_18437079",0.925389793044669,1.44324723322564e-08,0.000116870038412953,0.562871421892285,0.72704094075868,0.0725234670223739,"chr036843.1",18437079,36843.1,"NC_","NC_036843.1",1,0.000208217278337463,1,1,1,1
"chr036844.1_10723848",4.79640197144137e-05,3.01985613810957e-15,6.85917595570447e-07,0.0120120412016466,0.000151303286095107,0.0342207523421852,"chr036844.1",10723848,36844.1,"NC_","NC_036844.1",0.691976912419847,4.35674645045067e-11,0.00989573315129484,1,1,1
"chr036844.1_16136545",0.000979743503519099,3.75764221059488e-18,0.00767365582640624,0.00669760979994507,0.295037257093124,0.00575646045766662,"chr036844.1",16136545,36844.1,"NC_","NC_036844.1",1,5.42115041722523e-14,1,1,1,1
"chr036844.1_16136678",0.00140228168427183,2.82122494064947e-22,0.0233135350042366,0.0442313591620327,0.00318068722725918,0.0107208523225451,"chr036844.1",16136678,36844.1,"NC_","NC_036844.1",1,4.07018122187499e-18,1,1,1,1
"chr036844.1_27245991",0.284995651977194,1.99034013993208e-09,0.263432734113089,0.0408663793312219,0.0715206262094131,0.779131892763124,"chr036844.1",27245991,36844.1,"NC_","NC_036844.1",1,2.87146371988001e-05,1,1,1,1
"chr036844.1_29681269",0.549734497384484,2.0500964474282e-06,0.0162660894007003,9.96378422788244e-05,0.0334373815815975,0.414264086154976,"chr036844.1",29681269,36844.1,"NC_","NC_036844.1",1,0.0295767414470466,1,1,1,1
"chr036844.1_31343281",0.23710116921641,9.6763444857828e-07,0.974518484373391,0.76245091568001,0.423505100489194,0.943615151812016,"chr036844.1",31343281,36844.1,"NC_","NC_036844.1",1,0.0139600621896388,1,1,1,1
"chr036844.1_34415424",0.0640525640583107,1.90619941780321e-12,0.981240578133402,0.258263490496641,0.531428573814335,0.258696395040879,"chr036844.1",34415424,36844.1,"NC_","NC_036844.1",1,2.75007390006469e-08,1,1,1,1
"chr036845.1_11948145",0.0833635046454444,2.09527945954381e-26,0.363934475072725,0.0237633368681712,0.401008105885093,0.30410874110703,"chr036845.1",11948145,36845.1,"NC_","NC_036845.1",1,3.02285967628385e-22,1,1,1,1
"chr036845.1_22458653",1.20416701561751e-08,1.53369588102976e-07,0.525807389523797,0.13696589960365,0.0186642940406498,0.17612898975881,"chr036845.1",22458653,36845.1,"NC_","NC_036845.1",0.000173725175343138,0.00221266304756164,1,1,1,1
"chr036845.1_22458738",0.000247307038004321,5.16653793043005e-19,0.760645242045915,0.540148644198297,0.577209848747744,0.601951813583243,"chr036845.1",22458738,36845.1,"NC_","NC_036845.1",1,7.45376427223144e-15,1,1,1,1
"chr036846.1_962954",0.000257663600183179,8.74699841635687e-07,0.791428660797091,0.202097305433551,0.777131515759483,0.353659684242828,"chr036846.1",962954,36846.1,"NC_","NC_036846.1",1,0.0126192946152781,1,1,1,1
"chr036846.1_963136",0.00125061834808432,1.30456436449769e-18,0.791650517582259,0.994233244997089,0.307510674750082,0.488550197136713,"chr036846.1",963136,36846.1,"NC_","NC_036846.1",1,1.88209500866081e-14,1,1,1,1
"chr036846.1_22755166",0.316934293067011,1.49916168310282e-07,0.117259007303628,0.238467557574137,0.262991901557855,0.000241802568973015,"chr036846.1",22755166,36846.1,"NC_","NC_036846.1",1,0.00216284056021243,1,1,1,1
"chr036846.1_22755167",0.0792191893449744,5.27528643683999e-07,0.831668741463323,0.26595110437348,0.960212665205855,0.819702505142092,"chr036846.1",22755167,36846.1,"NC_","NC_036846.1",1,0.00761065574242905,1,1,1,1
"chr036846.1_22755172",0.00500027947382937,6.40350052846937e-07,0.0222944318802811,0.261733281010837,0.201579482592968,0.0292973646392337,"chr036846.1",22755172,36846.1,"NC_","NC_036846.1",1,0.00923833021242277,1,1,1,1
"chr036846.1_22755177",0.0202532859352544,1.28898659963057e-06,0.439239134811698,0.0921290774614076,0.226025684898869,0.000574368885654267,"chr036846.1",22755177,36846.1,"NC_","NC_036846.1",1,0.0185962096728703,1,1,1,1
"chr036846.1_22755274",0.0894399195588944,3.38527376766794e-06,0.895265882140521,0.708101072059516,0.566059752384965,0.00187440481630175,"chr036846.1",22755274,36846.1,"NC_","NC_036846.1",1,0.0488393446461453,1,1,1,1
"chr036846.1_22755286",0.0377747009795769,1.32348403799731e-22,0.248175918525162,1.12461150070451e-05,0.0426858175938906,0.116083964039612,"chr036846.1",22755286,36846.1,"NC_","NC_036846.1",1,1.90939042161871e-18,1,0.162247701206639,1,1
"chr036846.1_22755959",0.198818413048308,2.10943936727219e-06,0.999558119798731,0.915979596387536,0.885754305531204,0.355043550723364,"chr036846.1",22755959,36846.1,"NC_","NC_036846.1",1,0.0304328817516359,1,1,1,1
"chr036846.1_22755996",0.00852326880374629,2.19551099446078e-08,0.66279482724893,0.993742788065706,0.985665777382095,0.196910685897368,"chr036846.1",22755996,36846.1,"NC_","NC_036846.1",1,0.000316746371170856,1,1,1,1
"chr036846.1_22756078",0.0539254820481299,8.97095303007443e-07,0.810559514700143,0.258843412797003,0.176882158687721,0.442019201907859,"chr036846.1",22756078,36846.1,"NC_","NC_036846.1",1,0.0129423939364884,1,1,1,1
"chr036846.1_22756106",0.0869427668733471,2.63807432020288e-08,0.0917242756504296,0.0503991118773865,0.0474198123448101,0.727201551231351,"chr036846.1",22756106,36846.1,"NC_","NC_036846.1",1,0.000380594982175669,1,1,1,1
"chr036847.1_11228930",0.146563368767394,2.06577852939307e-09,0.239635414926187,0.292574443349012,0.232222087105524,0.361311515032886,"chr036847.1",11228930,36847.1,"NC_","NC_036847.1",1,2.98029868435538e-05,1,1,1,1
"chr036847.1_16998563",0.127033360774829,2.94877982846742e-07,0.00928609245256674,0.483099106394805,0.849980778630381,0.025270271350291,"chr036847.1",16998563,36847.1,"NC_","NC_036847.1",1,0.00425420465852995,1,1,1,1
"chr036847.1_16998635",0.00152161939876716,1.43866084226154e-07,0.678804264956744,0.82919257211741,0.129928122424951,0.724654396922477,"chr036847.1",16998635,36847.1,"NC_","NC_036847.1",1,0.00207555599713073,1,1,1,1
"chr036847.1_16998765",0.000176510930209948,3.32691386734928e-10,0.0217130261392188,0.907077155516094,0.0207939707504791,0.116181908356371,"chr036847.1",16998765,36847.1,"NC_","NC_036847.1",1,4.7997386364248e-06,1,1,1,1
"chr036847.1_17337195",0.000166459118293089,2.00613109048254e-07,0.486004896117984,0.0155386100078353,0.0495965556744743,1.47136655250632e-09,"chr036847.1",17337195,36847.1,"NC_","NC_036847.1",1,0.00289424532423916,1,1,1,2.12274052530087e-05
"chr036847.1_17337206",0.00131227261509669,1.99807723993154e-06,0.495204794294184,0.598101885030366,0.671214784772428,0.871616703864475,"chr036847.1",17337206,36847.1,"NC_","NC_036847.1",1,0.0288262603404923,1,1,1,1
"chr036847.1_17337225",0.0355982297953872,1.07364388866006e-08,0.801322120591739,0.0328748210903025,0.324709921413125,0.185961262224951,"chr036847.1",17337225,36847.1,"NC_","NC_036847.1",1,0.000154894603816987,1,1,1,1
"chr036847.1_17337236",1.6300749051252e-05,1.02464569575256e-08,0.339056199766422,0.00805700254337259,0.0596349404132019,0.428701979904177,"chr036847.1",17337236,36847.1,"NC_","NC_036847.1",0.235170906562412,0.000147825634526222,1,1,1,1
"chr036847.1_17337268",0.0311796200361398,2.95223837633316e-07,0.522741381399442,0.616880979860688,0.111523291694298,0.363121070346554,"chr036847.1",17337268,36847.1,"NC_","NC_036847.1",1,0.00425919430553586,1,1,1,1
"chr036847.1_19048253",3.39874518390065e-07,8.5527872389551e-20,0.357610121752384,2.69169390985013e-06,0.393416771019251,0.144231705876312,"chr036847.1",19048253,36847.1,"NC_","NC_036847.1",0.00490336967681347,1.23391061496405e-15,1,0.0388330680374078,1,1
"chr036847.1_19048391",0.0175649882251712,4.53482477878059e-10,0.509520555256015,0.33824761133161,0.572939239841658,0.703425223513778,"chr036847.1",19048391,36847.1,"NC_","NC_036847.1",1,6.54239170834676e-06,1,1,1,1
"chr036847.1_19693546",0.142593153243653,2.41533061708462e-08,0.786743658537569,0.00300967298597409,0.552188540584739,0.0430754690651997,"chr036847.1",19693546,36847.1,"NC_","NC_036847.1",1,0.000348459748126798,1,1,1,1
"chr036847.1_19693653",0.55143167515451,1.29471453914731e-10,0.532549746891682,1.41724053943711e-05,0.355332476691761,0.476859331605187,"chr036847.1",19693653,36847.1,"NC_","NC_036847.1",1,1.86788466562782e-06,1,0.204465292624591,1,1
"chr036847.1_19693673",0.443191797959869,2.7395288106096e-07,0.714635084133429,0.0213507589036072,0.669845904502877,0.674631578624957,"chr036847.1",19693673,36847.1,"NC_","NC_036847.1",1,0.00395231821506648,1,1,1,1
"chr036847.1_22524362",2.08714610782927e-06,1.78052448891427e-10,0.835595304110454,0.474622883802343,0.0954311854257751,0.211795430270359,"chr036847.1",22524362,36847.1,"NC_","NC_036847.1",0.0301112568976528,2.56876268015661e-06,1,1,1,1
"chr036847.1_27436713",0.00958191153457519,2.23235656887597e-06,0.0660267282306033,0.0576365651488962,0.235510496554678,0.950665338274982,"chr036847.1",27436713,36847.1,"NC_","NC_036847.1",1,0.0322062082191736,1,1,1,1
"chr036847.1_27707549",0.318477328196749,1.97410765106417e-12,0.996045429435985,0.0303134243393785,0.537891237205885,0.997002909722658,"chr036847.1",27707549,36847.1,"NC_","NC_036847.1",1,2.84804510819028e-08,1,1,1,1
"chr036848.1_19068225",0.00340416851773283,2.73058647612073e-08,0.0640023315751588,0.368593004599755,0.0985490278002522,0.00316290427323028,"chr036848.1",19068225,36848.1,"NC_","NC_036848.1",1,0.000393941710909938,1,1,1,1
"chr036848.1_24222745",0.00179249474099147,1.60491516575024e-06,0.254992549465453,0.0348825377131558,0.127798762629792,0.947281451427709,"chr036848.1",24222745,36848.1,"NC_","NC_036848.1",1,0.0231541110962788,1,1,1,1
"chr036848.1_24222885",8.69360657416478e-11,3.80082630051128e-11,0.0644725836620524,2.5826493926989e-09,0.815004032675904,0.72277447765685,"chr036848.1",24222885,36848.1,"NC_","NC_036848.1",1.25422662045475e-06,5.48345210374763e-07,1,3.7259882788467e-05,1,1
"chr036848.1_26850446",0.000287893579909857,1.80595927462243e-06,0.260757501932022,0.00108413585147692,0.141708396772882,0.391894315334052,"chr036848.1",26850446,36848.1,"NC_","NC_036848.1",1,0.0260545744549778,1,1,1,1
"chr036849.1_531855",0.00778982907431149,1.17850328252806e-08,0.832677153451828,0.327001559017628,0.555357415525474,0.60346148435695,"chr036849.1",531855,36849.1,"NC_","NC_036849.1",1,0.000170022668570324,1,1,1,1
"chr036849.1_531856",0.240987945913651,7.85353414301409e-23,0.131408776605854,0.0385464984457633,0.25155798206894,0.665969352747773,"chr036849.1",531856,36849.1,"NC_","NC_036849.1",1,1.13302937081264e-18,1,1,1,1
"chr036849.1_531977",0.087665974874017,4.36825184993369e-07,0.61508011375409,0.0288513758005023,0.869978766148968,0.760192193519261,"chr036849.1",531977,36849.1,"NC_","NC_036849.1",1,0.00630207694389933,1,1,1,1
"chr036849.1_1925202",5.51027574587387e-08,7.16133635867259e-09,0.00314920637687099,1.15894154263201e-07,0.136960407685823,0.713659124916137,"chr036849.1",1925202,36849.1,"NC_","NC_036849.1",0.000794967481857223,0.000103316599646569,1,0.0016720049635552,1,1
"chr036849.1_4588240",0.000250290916136975,3.20081531167327e-23,0.151305345599872,0.000217340391576358,0.366312705475254,0.568994872783921,"chr036849.1",4588240,36849.1,"NC_","NC_036849.1",1,4.61781625015103e-19,1,1,1,1
"chr036849.1_4748946",0.253911791989753,1.14023831560749e-06,0.110289701873738,3.30700911737128e-05,0.0100787113924611,0.0568919299293513,"chr036849.1",4748946,36849.1,"NC_","NC_036849.1",1,0.0164502181792692,1,0.477102205363155,1,1
"chr036849.1_5161680",0.428382711761431,2.59150694211274e-07,0.633691355256683,0.494250080729697,0.677198988897809,0.675556997781534,"chr036849.1",5161680,36849.1,"NC_","NC_036849.1",1,0.00373876706538605,1,1,1,1
"chr036849.1_10067038",0.353267154583139,1.19786848525971e-09,0.531572787641763,0.0583809310850491,0.00012355111423491,0.376933031888528,"chr036849.1",10067038,36849.1,"NC_","NC_036849.1",1,1.72816486368418e-05,1,1,1,1
"chr036849.1_10931163",0.122975964677931,3.60446286989353e-11,0.742440478631543,0.0454555102675504,0.544912425394333,0.0405415118360384,"chr036849.1",10931163,36849.1,"NC_","NC_036849.1",1,5.2001585823954e-07,1,1,1,1
"chr036849.1_10931164",2.7420422414524e-06,1.14557466052752e-42,0.0357463805968416,1.74835213245193e-05,0.133807067745029,0.148664582758606,"chr036849.1",10931164,36849.1,"NC_","NC_036849.1",0.0395594434174337,1.65272056274305e-38,1,0.25223476214884,1,1
"chr036849.1_10931334",0.0378413939366077,1.67517540851741e-14,0.882942729882781,0.00360577347343426,0.345164812228556,0.0561931939512654,"chr036849.1",10931334,36849.1,"NC_","NC_036849.1",1,2.41677556186807e-10,1,1,1,1
"chr036849.1_10931335",0.000163948054297796,1.4587006273989e-28,0.14439573107113,0.044849993811727,0.764953042379601,0.0552774095363479,"chr036849.1",10931335,36849.1,"NC_","NC_036849.1",1,2.10446739514839e-24,1,1,1,1
"chr036849.1_10933143",0.0320236960712941,5.46332317955233e-12,0.515135760658825,5.88910162386276e-05,0.980632020961779,0.92110306711445,"chr036849.1",10933143,36849.1,"NC_","NC_036849.1",1,7.88193635114014e-08,1,0.84962069127468,1,1
"chr036849.1_11730893",0.279879639143203,1.29318414952906e-07,0.862137888596265,0.108566761726565,0.249004336287817,0.75600555462864,"chr036849.1",11730893,36849.1,"NC_","NC_036849.1",1,0.00186567677252557,1,1,1,1
"chr036849.1_11730932",0.000365380462066257,1.26734590738052e-07,0.716651398711105,0.00839862058100862,0.432740516111455,0.970339739237382,"chr036849.1",11730932,36849.1,"NC_","NC_036849.1",1,0.00182839994057788,1,1,1,1
"chr036849.1_11730956",0.000172753714415625,1.50926350039595e-13,0.564064046154392,0.175228889477547,0.717397954336953,0.143560440704302,"chr036849.1",11730956,36849.1,"NC_","NC_036849.1",1,2.17741445202124e-09,1,1,1,1
"chr036849.1_11733249",1.92605470552995e-05,2.15858859990852e-19,0.213901664493288,0.243715668568584,0.250998647466393,0.961798671074293,"chr036849.1",11733249,36849.1,"NC_","NC_036849.1",0.277871912366806,3.11419577308802e-15,1,1,1,1
"chr036849.1_11733255",1.18114204006887e-08,1.29898046200202e-16,0.193809883140205,0.169860483000863,0.0325003244163807,0.0661707350308767,"chr036849.1",11733255,36849.1,"NC_","NC_036849.1",0.000170403362120737,1.87403911253032e-12,1,1,1,1
"chr036849.1_11733283",1.22621186640277e-15,2.76220105113163e-45,0.570142901474269,0.66787235270613,0.00786333567940692,0.0325154551026558,"chr036849.1",11733283,36849.1,"NC_","NC_036849.1",1.76905585965928e-11,3.98502745646761e-41,1,1,1,1
"chr036849.1_11733321",5.89403711622778e-18,2.49985319941677e-53,0.207922839358921,0.349164010223778,0.00616571355215671,0.103181832990122,"chr036849.1",11733321,36849.1,"NC_","NC_036849.1",8.50332734758182e-14,3.60653821079858e-49,1,1,1,1
"chr036849.1_11733335",1.27770410893065e-12,3.39725424893411e-44,0.332419917954842,0.287371434500422,0.100181276415478,0.0519221933944331,"chr036849.1",11733335,36849.1,"NC_","NC_036849.1",1.84334371795424e-08,4.90121870493725e-40,1,1,1,1
"chr036849.1_11733382",2.20955707787413e-09,3.36933100499042e-40,0.607743952105405,0.00296749849907617,0.530125819692262,0.418156826774472,"chr036849.1",11733382,36849.1,"NC_","NC_036849.1",3.18772799624901e-05,4.86093384089968e-36,1,1,1,1
"chr036849.1_11733389",0.00265706941447146,8.34967438361957e-15,0.304545173919968,0.564324545899819,0.335701050569734,0.762986130515178,"chr036849.1",11733389,36849.1,"NC_","NC_036849.1",1,1.2046075233248e-10,1,1,1,1
"chr036849.1_11733417",4.90505364423475e-15,2.88856419224468e-44,0.0118452932158311,0.541598252106065,0.0106276605309609,0.00884481371800769,"chr036849.1",11733417,36849.1,"NC_","NC_036849.1",7.07652089253748e-11,4.1673315601514e-40,1,1,1,1
"chr036849.1_11733433",5.14447149142793e-14,6.49637079580244e-37,0.0787728214944077,0.057679494425492,0.00964215218011921,0.11623084789162,"chr036849.1",11733433,36849.1,"NC_","NC_036849.1",7.42192902068307e-10,9.37231414710418e-33,1,1,1,1
"chr036849.1_11733445",2.91809129190486e-21,1.45990634966468e-79,0.41768150079899,0.166028938968493,0.00321444613983383,0.00341330691793763,"chr036849.1",11733445,36849.1,"NC_","NC_036849.1",4.20993030683114e-17,2.10620689066123e-75,1,1,1,1
"chr036849.1_11733468",3.96030111363278e-12,3.41787138378728e-24,0.553957471405344,0.762582967151933,0.00381573692765855,0.0220836507721383,"chr036849.1",11733468,36849.1,"NC_","NC_036849.1",5.71352641663802e-08,4.93096304538991e-20,1,1,1,1
"chr036849.1_16540869",0.112591748302346,2.62033899608698e-06,0.486834702782807,0.135823592306114,0.143497529789118,0.719941101288567,"chr036849.1",16540869,36849.1,"NC_","NC_036849.1",1,0.0378036306965468,1,1,1,1
"chr036849.1_16541006",0.0040996673246931,1.5690215340068e-09,0.84466404180539,0.176200582515467,0.0690969097959161,0.758227213227307,"chr036849.1",16541006,36849.1,"NC_","NC_036849.1",1,2.26362736711161e-05,1,1,1,1
"chr036850.1_3881347",0.330485729636098,3.23065944183801e-07,0.456722079096559,0.0444875039404381,0.0467036347988016,0.00791526156464649,"chr036850.1",3881347,36850.1,"NC_","NC_036850.1",1,0.0046608723767397,1,1,1,1
"chr036850.1_3939951",3.84543669837601e-10,6.0990811573528e-12,0.720769451775293,0.0703212007799899,0.137547568397986,0.00940277523023027,"chr036850.1",3939951,36850.1,"NC_","NC_036850.1",5.54781152474708e-06,8.79914438571289e-08,1,1,1,1
"chr036850.1_10005628",1.30816552244562e-09,9.82302196122647e-15,0.136756806746141,0.00826616581937788,0.00414309275845692,0.395021418053884,"chr036850.1",10005628,36850.1,"NC_","NC_036850.1",1.8872903992323e-05,1.41716737834614e-10,1,1,1,1
"chr036850.1_10005635",5.54737402704888e-06,3.22152887062463e-11,0.0130992051220887,0.37713430933632,0.183016181760309,0.0686884430926805,"chr036850.1",10005635,36850.1,"NC_","NC_036850.1",0.0800319650882342,4.64769970165015e-07,1,1,1,1
"chr036850.1_10005701",0.00247748501295682,1.33024573509177e-07,0.532508109268248,0.698191333531248,0.850565845044538,0.345937607428111,"chr036850.1",10005701,36850.1,"NC_","NC_036850.1",1,0.0019191455220169,1,1,1,1
"chr036850.1_10005810",1.35765274046923e-08,7.43714660777063e-14,0.30419436009867,0.082003083089353,0.764981656501754,0.906947134694499,"chr036850.1",10005810,36850.1,"NC_","NC_036850.1",0.000195868560867495,1.07295714110307e-09,1,1,1,1
"chr036851.1_1577813",0.0351121052588528,5.29528953041587e-11,0.683674282445857,0.00148462473637743,0.759415002367917,0.542356156632445,"chr036851.1",1577813,36851.1,"NC_","NC_036851.1",1,7.63951420553097e-07,1,1,1,1
"chr036851.1_1764270",0.0316227502500174,1.31052887313311e-10,0.647359023019807,0.414375138970135,0.117441616192918,0.724212753037451,"chr036851.1",1764270,36851.1,"NC_","NC_036851.1",1,1.89070000526914e-06,1,1,1,1
"chr036851.1_2435626",0.563238234952197,5.72404893580306e-08,0.816667038964332,0.299600470985047,0.706577178229662,0.435533867304089,"chr036851.1",2435626,36851.1,"NC_","NC_036851.1",1,0.000825808539968308,1,1,1,1
"chr036851.1_2435699",0.0246786118679302,8.04452508055933e-07,0.503799169415737,0.759927055474019,0.438972867465329,0.0108924842120902,"chr036851.1",2435699,36851.1,"NC_","NC_036851.1",1,0.0116058363337229,1,1,1,1
"chr036851.1_2435756",0.675104287456193,7.54750527719353e-08,0.675543848803452,0.32884157831379,0.874747922836972,0.120531499988468,"chr036851.1",2435756,36851.1,"NC_","NC_036851.1",1,0.00108887858634071,1,1,1,1
"chr036851.1_2647131",0.763751563765875,1.71556589036959e-06,0.870563515964081,0.803357763039563,0.750705978935595,0.239370910945644,"chr036851.1",2647131,36851.1,"NC_","NC_036851.1",1,0.0247504691003621,1,1,1,1
"chr036851.1_2647199",0.274152363028925,7.85217684260237e-08,0.875415960604856,0.0745215770426499,0.302370311947992,0.846390775757339,"chr036851.1",2647199,36851.1,"NC_","NC_036851.1",1,0.00113283355308224,1,1,1,1
"chr036851.1_2647209",0.36093958036861,5.44468016706782e-07,0.0621358683672709,0.247725507087172,0.00170430857676345,0.00318521619496603,"chr036851.1",2647209,36851.1,"NC_","NC_036851.1",1,0.00785504007702875,1,1,1,1
"chr036851.1_15425715",0.270888291871714,4.25404336392404e-08,0.190274412301536,0.511222548715456,0.523108674351251,0.121292810928109,"chr036851.1",15425715,36851.1,"NC_","NC_036851.1",1,0.000613730836113321,1,1,1,1
"chr036851.1_20223528",0.00780065023925392,1.96976875760633e-06,0.197002768295218,0.718149660263641,0.626085796805122,0.127894212076497,"chr036851.1",20223528,36851.1,"NC_","NC_036851.1",1,0.0284178538659865,1,1,1,1
"chr036851.1_20223565",2.76626142617011e-07,2.49837856624459e-14,0.0794604256790749,0.6711903503715,0.431207577162828,0.713126283631713,"chr036851.1",20223565,36851.1,"NC_","NC_036851.1",0.00399088535953562,3.60441075752106e-10,1,1,1,1
"chr036851.1_20223648",0.108009734693831,7.55102255235155e-12,0.135576401487279,0.502188909536364,0.173499747205259,0.0309700479085737,"chr036851.1",20223648,36851.1,"NC_","NC_036851.1",1,1.08938602362776e-07,1,1,1,1
"chr036851.1_24960844",0.0603023020588514,1.21226529872034e-14,0.611761233088501,0.370856956621192,0.0354143786098171,0.734341957276462,"chr036851.1",24960844,36851.1,"NC_","NC_036851.1",1,1.74893514646383e-10,1,1,1,1
"chr036851.1_29702942",0.00143852414207944,2.91741838762406e-12,0.246486450898421,0.000400405984954591,0.298942053317412,0.00115525543454357,"chr036851.1",29702942,36851.1,"NC_","NC_036851.1",1,4.20895950782523e-08,1,1,1,1
"chr036851.1_29702988",0.045827953346581,1.83749514553156e-06,0.5411028395272,0.0443729218755966,0.811871954394931,0.258659382373598,"chr036851.1",29702988,36851.1,"NC_","NC_036851.1",1,0.0265095424645838,1,1,1,1
"chr036851.1_30570179",0.0756949662960038,8.83729744430208e-07,0.0504202431164526,0.381998521358286,0.688718785056572,0.964191229987542,"chr036851.1",30570179,36851.1,"NC_","NC_036851.1",1,0.0127495690228946,1,1,1,1
"chr036851.1_30570180",0.0461817121804229,1.09984248363579e-11,0.0665343204641772,0.0722788122023097,0.00112208132001763,0.176606903046024,"chr036851.1",30570180,36851.1,"NC_","NC_036851.1",1,1.58674275114136e-07,1,1,1,1
"chr036851.1_30570182",0.361489833433133,5.41433064633116e-07,0.30575389562981,0.0350131441400413,0.0760182722437224,0.972925722158138,"chr036851.1",30570182,36851.1,"NC_","NC_036851.1",1,0.00781125482346196,1,1,1,1
"chr036851.1_30570194",0.00139255021998283,1.10628540434107e-14,0.0201637892048675,0.0156888923899971,2.61122460551409e-05,0.186017719855388,"chr036851.1",30570194,36851.1,"NC_","NC_036851.1",1,1.59603795284286e-10,1,1,0.376721373837518,1
"chr036851.1_30570219",0.0867385616249989,1.22056472365794e-09,0.00306166837518841,0.164137603948181,0.0677459294640616,0.103601543593173,"chr036851.1",30570219,36851.1,"NC_","NC_036851.1",1,1.76090872682132e-05,1,1,1,1
"chr036851.1_30570281",8.36473354894803e-07,1.98218823283266e-11,0.107891267186386,0.303507922192621,0.0280394141939519,0.770731879930126,"chr036851.1",30570281,36851.1,"NC_","NC_036851.1",0.0120678010910673,2.85970296350767e-07,1,1,1,1
"chr036851.1_30570330",0.0122160770097783,4.05198301150988e-09,0.732184188406856,0.870677058121689,0.68311276339079,0.435887640462687,"chr036851.1",30570330,36851.1,"NC_","NC_036851.1",1,5.84579589070531e-05,1,1,1,1
"chr036851.1_30570336",1.49288864312366e-05,4.60683253593335e-20,0.295917400843933,0.51797090969251,0.0494810002177083,0.697551453524682,"chr036851.1",30570336,36851.1,"NC_","NC_036851.1",0.21537904454345,6.64627729959105e-16,1,1,1,1
"chr036851.1_30570345",0.114938573855601,1.00331940717703e-09,0.946891256782561,0.452750780571862,0.0712096456916751,0.935712399228646,"chr036851.1",30570345,36851.1,"NC_","NC_036851.1",1,1.4474889087343e-05,1,1,1,1
"chr036851.1_30570383",0.0203020319688641,5.24077622920504e-09,0.140578399099725,0.00473463655134843,0.474803032871976,0.643340338527428,"chr036851.1",30570383,36851.1,"NC_","NC_036851.1",1,7.56086786587412e-05,1,1,1,1
"chr036851.1_30570411",8.74278694905231e-12,5.48299403270293e-34,0.00169276746563953,0.149559799646143,0.00335715772422405,0.597121874195265,"chr036851.1",30570411,36851.1,"NC_","NC_036851.1",1.26132187313978e-07,7.91031549098052e-30,1,1,1,1
"chr036851.1_33699059",0.343440459600872,3.10625943670479e-07,0.43354374534159,0.0120862969151625,0.465503275744845,0.0855789424647564,"chr036851.1",33699059,36851.1,"NC_","NC_036851.1",1,0.004481400489334,1,1,1,1
"chr036851.1_33993107",0.00178626852547824,9.56492865593104e-09,0.547325230284741,0.13798487051347,0.48230728713171,0.917536091659732,"chr036851.1",33993107,36851.1,"NC_","NC_036851.1",1,0.000137993225719117,1,1,1,1
"chr036851.1_34972025",0.00711954110579051,1.45770957795051e-11,0.0621104156946971,0.494451209238627,0.08529524950077,0.0238326916363112,"chr036851.1",34972025,36851.1,"NC_","NC_036851.1",1,2.10303760810919e-07,1,1,1,1
"chr036851.1_34972040",0.00100717285883716,3.3623158253639e-06,0.715240713489117,0.325294039258769,0.112271645623454,0.433996499650904,"chr036851.1",34972040,36851.1,"NC_","NC_036851.1",1,0.0485081304125249,1,1,1,1
"chr036851.1_34972049",0.010372322533652,9.48178394429022e-07,0.533002873213107,0.0027446982214494,0.0236541688321076,0.640704420594537,"chr036851.1",34972049,36851.1,"NC_","NC_036851.1",1,0.0136793696964275,1,1,1,1
"chr036851.1_34972192",0.272327925480566,6.48664166746743e-07,0.222029252427818,0.325951242599872,0.327788004407083,0.878994365811027,"chr036851.1",34972192,36851.1,"NC_","NC_036851.1",1,0.00935827793365526,1,1,1,1
"chr036851.1_38441012",0.109603949089975,5.33702572195635e-09,0.460723192616516,0.0627853287788691,0.470257133936937,1.25787988671348e-05,"chr036851.1",38441012,36851.1,"NC_","NC_036851.1",1,7.69972700906642e-05,1,1,1,0.181474331256154
"chr036851.1_41242147",0.197897715980765,4.2597589214536e-07,0.642703985177032,0.0337305309210754,0.156214622834606,0.219752791550872,"chr036851.1",41242147,36851.1,"NC_","NC_036851.1",1,0.00614555419598111,1,1,1,1
"chr036851.1_44198621",0.0895988816614315,5.1037478861666e-07,0.100553632382905,0.290600732286238,0.0967569008287402,0.00465605869650473,"chr036851.1",44198621,36851.1,"NC_","NC_036851.1",1,0.00736317707537255,1,1,1,1
"chr036851.1_44198635",0.00146217421196892,6.9573540087184e-07,0.189502686302267,0.697977390313111,0.052629486542893,0.162503257833433,"chr036851.1",44198635,36851.1,"NC_","NC_036851.1",1,0.010037374628378,1,1,1,1
"chr036851.1_44198668",0.46331625876001,1.53062513714929e-07,0.470495238152909,0.325968741738029,0.127053199041674,0.617616594552464,"chr036851.1",44198668,36851.1,"NC_","NC_036851.1",1,0.00220823288536528,1,1,1,1
"chr036851.1_44198765",4.61853376641402e-15,1.20615867387e-06,0.0109337265951877,5.18343220915461e-08,1.58308832434307e-11,0.0939509794997957,"chr036851.1",44198765,36851.1,"NC_","NC_036851.1",6.66315866480551e-11,0.0174012511879224,1,0.000747813764814735,2.28392152552975e-07,1
"chr036851.1_44198825",0.00574807529230459,1.74269656569266e-06,0.712028395104428,0.252932904851913,0.200619156932509,0.541590927630562,"chr036851.1",44198825,36851.1,"NC_","NC_036851.1",1,0.0251418833532479,1,1,1,1
"chr036852.1_224097",0.00138022662313707,1.14942712784164e-09,6.73238330619029e-11,0.000542671671131408,8.11485213100701e-06,0.0496976385016055,"chr036852.1",224097,36852.1,"NC_","NC_036852.1",1,1.65827851733713e-05,9.71280939584074e-07,1,0.117072971694038,1
"chr036853.1_7883684",0.00583457420189559,2.46453176928182e-06,0.0249875561114422,0.156922553104793,0.719119476311725,0.438901510012949,"chr036853.1",7883684,36853.1,"NC_","NC_036853.1",1,0.0355557998354289,1,1,1,1
"chr036853.1_11463170",0.177385712742815,1.27733802433824e-06,0.115495626423278,0.489033926664503,0.24646379422788,0.124560823902392,"chr036853.1",11463170,36853.1,"NC_","NC_036853.1",1,0.0184281556771278,1,1,1,1
"chr036853.1_14659483",0.330966086321874,7.46106811033585e-09,0.0277533151547172,0.0697157151442623,0.000118360680641636,0.366633521715364,"chr036853.1",14659483,36853.1,"NC_","NC_036853.1",1,0.000107640829627815,1,1,1,1
"chr036853.1_20819179",5.01129973412147e-34,2.55760087207336e-74,0.973839883849393,0.316847830917684,0.790212647895556,0.198908505975928,"chr036853.1",20819179,36853.1,"NC_","NC_036853.1",7.22980212641705e-30,3.68985077814024e-70,1,1,1,1
"chr036853.1_20819193",1.03874732932018e-40,2.91738905040832e-94,0.190350393779114,0.0798528288411454,0.891975481735091,0.456775868596992,"chr036853.1",20819193,36853.1,"NC_","NC_036853.1",1.49860077201022e-36,4.20891718302409e-90,1,1,1,1
"chr036853.1_20819321",6.75515505394158e-15,9.81966119390582e-15,0.0196605140323389,0.191329613453856,0.30814357862955,0.686885926370445,"chr036853.1",20819321,36853.1,"NC_","NC_036853.1",9.74566219632152e-11,1.41668252044479e-10,1,1,1,1
"chr036853.1_41311737",0.000435155712749085,9.76596804677474e-14,0.496933624849143,0.198415006853976,0.284725186244367,0.175523578662383,"chr036853.1",41311737,36853.1,"NC_","NC_036853.1",1,1.40893621010819e-09,1,1,1,1
"chr036853.1_41311765",0.0102378530294939,1.62800843542237e-06,0.650773896153906,0.486619773218155,0.0367310184635263,0.95629240409384,"chr036853.1",41311765,36853.1,"NC_","NC_036853.1",1,0.0234872776978386,1,1,1,1
"chr036853.1_41311861",0.64541646807842,2.48851637874918e-08,0.0116745425284472,0.061896832318227,0.087979333870951,0.430044184737445,"chr036853.1",41311861,36853.1,"NC_","NC_036853.1",1,0.000359018257962144,1,1,1,1
"chr036853.1_41986811",7.52852424760239e-06,8.90808798330177e-07,0.496353496329388,0.0516689562220774,0.00537175077248707,0.789903771794268,"chr036853.1",41986811,36853.1,"NC_","NC_036853.1",0.10861401932016,0.0128516985335095,1,1,1,1
"chr036853.1_41986835",0.0261361463989898,3.33799461023481e-06,0.44608444202109,0.0382536239271283,0.603615329702628,0.316264992434446,"chr036853.1",41986835,36853.1,"NC_","NC_036853.1",1,0.0481572482418576,1,1,1,1
"chr036853.1_41986863",3.93256237232546e-05,3.25410349078131e-06,0.495812653837659,0.780833345616337,0.83758554764257,0.442478873837757,"chr036853.1",41986863,36853.1,"NC_","NC_036853.1",0.567350773455394,0.046946951061502,1,1,1,1
"chr036853.1_43638559",9.84522337917784e-08,4.32040999946766e-07,0.968790882768678,0.245248354693092,0.313964465806841,0.179282974235289,"chr036853.1",43638559,36853.1,"NC_","NC_036853.1",0.00142037037691399,0.00623305550623199,1,1,1,1
"chr036853.1_45579423",0.676349577880961,8.13508231194963e-12,0.0272359516816305,0.0549597432003661,0.693730846566888,0.00797320361324829,"chr036853.1",45579423,36853.1,"NC_","NC_036853.1",1,1.17364832514497e-07,1,1,1,1
"chr036853.1_45581990",1.80648874305606e-11,4.26566176816168e-10,0.498543371920697,0.453268230557866,0.201374989006025,0.808760091174196,"chr036853.1",45581990,36853.1,"NC_","NC_036853.1",2.60622130960698e-07,6.15407023292685e-06,1,1,1,1
"chr036853.1_45582020",0.246755940566151,2.59586215566761e-07,0.767093263899078,0.59200596746499,0.768087883966171,0.934752173471142,"chr036853.1",45582020,36853.1,"NC_","NC_036853.1",1,0.00374505033198166,1,1,1,1
"chr036853.1_45582032",0.0785154931030937,1.50769876778514e-16,0.0793617047550905,0.0322869601718465,0.873407178599498,0.488333900397028,"chr036853.1",45582032,36853.1,"NC_","NC_036853.1",1,2.17515701228362e-12,1,1,1,1
"chr036853.1_45582035",0.207741050703765,2.18519700253789e-08,0.706411368174808,0.125398108860651,0.00130607470628235,0.200246474586217,"chr036853.1",45582035,36853.1,"NC_","NC_036853.1",1,0.000315258371556141,1,1,1,1
"chr036853.1_45582075",0.0113387677500263,1.15553768331293e-10,0.887499786570033,0.549577353709626,0.340342174690543,0.664822556685106,"chr036853.1",45582075,36853.1,"NC_","NC_036853.1",1,1.66709421571557e-06,1,1,1,1
"chr036853.1_45582162",0.0244243716060641,2.94106269873268e-08,0.501433138759797,0.396410840043122,0.455012152748382,0.715407445056649,"chr036853.1",45582162,36853.1,"NC_","NC_036853.1",1,0.000424307115546163,1,1,1,1
"chr036853.1_49356076",0.000247115513207514,2.03707377924386e-06,0.156130410263178,0.231904367994808,0.0839768145507813,0.00142719487442869,"chr036853.1",49356076,36853.1,"NC_","NC_036853.1",1,0.0293888634131511,1,1,1,1
"chr036853.1_50964958",0.0689688811075746,1.17463960928117e-17,0.996811986992197,0.0279586687615884,0.0793332852546209,0.610400225358363,"chr036853.1",50964958,36853.1,"NC_","NC_036853.1",1,1.69465256430995e-13,1,1,1,1
"chr036853.1_50964991",0.488041796844301,9.7807288233196e-22,0.838960113646975,0.152378646100797,0.0873770248012943,0.0172627613703504,"chr036853.1",50964991,36853.1,"NC_","NC_036853.1",1,1.41106574734032e-17,1,1,1,1
"chr036853.1_50964992",0.000123847231082746,2.69801048180313e-25,0.808729301776967,0.185576659875548,0.371197844300571,0.272427281884336,"chr036853.1",50964992,36853.1,"NC_","NC_036853.1",1,3.89241972209738e-21,1,1,1,1
"chr036853.1_50965000",0.871148511227604,9.88956545850506e-18,0.987777895383625,0.00586935259309818,0.851166704690332,0.0131807642379534,"chr036853.1",50965000,36853.1,"NC_","NC_036853.1",1,1.42676760869852e-13,1,1,1,1
"chr036853.1_50965001",0.230846575808659,7.2102505974752e-21,0.778783163669536,0.334692267347036,0.204257834821505,0.0991158881907011,"chr036853.1",50965001,36853.1,"NC_","NC_036853.1",1,1.04022285369775e-16,1,1,1,1
"chr036853.1_50965018",0.409906444254676,7.86520625227397e-17,0.93414371625725,0.00286725339452506,0.287285060296526,0.0289108208246092,"chr036853.1",50965018,36853.1,"NC_","NC_036853.1",1,1.13471330601556e-12,1,1,1,1
"chr036853.1_50965019",0.088789390699285,3.69428385911549e-14,0.606172792415556,0.340161160454149,0.407473558284325,0.28832881299263,"chr036853.1",50965019,36853.1,"NC_","NC_036853.1",1,5.32974332354592e-10,1,1,1,1
"chr036853.1_50965024",0.966110945975019,1.92362157081034e-07,0.993390960538448,5.46629257827766e-05,0.527164481925689,0.00620018853107141,"chr036853.1",50965024,36853.1,"NC_","NC_036853.1",1,0.00277520884020808,1,0.788622030268118,1,1
"chr036853.1_50965025",0.477611414275052,9.21078909202996e-10,0.760593302723822,0.135060564294692,0.524124636724495,0.221821741668056,"chr036853.1",50965025,36853.1,"NC_","NC_036853.1",1,1.32884054230716e-05,1,1,1,1
"chr036853.1_50965032",0.674788737567993,2.29840551003337e-15,0.80403983079635,0.00042130849225227,0.137870430490271,0.0576800784083758,"chr036853.1",50965032,36853.1,"NC_","NC_036853.1",1,3.31590962932514e-11,1,1,1,1
"chr036853.1_50965033",0.179295057299888,3.16337425345639e-11,0.89009339003069,0.208601819448617,0.329783095381536,0.324441254779476,"chr036853.1",50965033,36853.1,"NC_","NC_036853.1",1,4.56380003546154e-07,1,1,1,1
"chr036853.1_50965039",0.319009587055119,1.74431769914264e-11,0.523774864367802,0.0150139960752863,0.140446642233923,0.271160320965321,"chr036853.1",50965039,36853.1,"NC_","NC_036853.1",1,2.51652714455309e-07,1,1,1,1
"chr036853.1_50965040",0.0290198172063235,3.15716318366592e-19,0.975913273690461,0.322118832490709,0.318912669738053,0.304346341094937,"chr036853.1",50965040,36853.1,"NC_","NC_036853.1",1,4.55483932507482e-15,1,1,1,1
"chr036853.1_50965053",0.107513443235394,6.27556222700704e-19,0.966036271301558,0.0797108112238695,0.0458374521876449,0.17150298763658,"chr036853.1",50965053,36853.1,"NC_","NC_036853.1",1,9.05375362490305e-15,1,1,1,1
"chr036853.1_50965054",1.27674116376186e-05,3.88314748767471e-36,0.754977499208511,0.184748995321257,0.063804449424441,0.663764930082573,"chr036853.1",50965054,36853.1,"NC_","NC_036853.1",0.184195447695924,5.6022168804683e-32,1,1,1,1
"chr036853.1_50965071",0.00687887750625759,1.53776863722894e-49,0.799230340749718,0.0125416221085713,0.243162718955955,0.209168356435861,"chr036853.1",50965071,36853.1,"NC_","NC_036853.1",1,2.21853881293019e-45,1,1,1,1
"chr036853.1_50965072",1.98798223493027e-10,2.90956424369072e-55,0.966853468522964,0.0578321522295743,0.241694409594754,0.987405358433822,"chr036853.1",50965072,36853.1,"NC_","NC_036853.1",2.8680619703339e-06,4.1976283343726e-51,1,1,1,1
"chr036853.1_50965078",0.0182413196969178,1.38512095410077e-24,0.204317970837349,0.184337026499106,0.0451119314649554,0.0527856069642512,"chr036853.1",50965078,36853.1,"NC_","NC_036853.1",1,1.99831400048119e-20,1,1,1,1
"chr036853.1_50965079",1.48112271731177e-05,1.5945641054678e-32,0.982701141750784,0.0308103665908389,0.311305756011877,0.83766330388459,"chr036853.1",50965079,36853.1,"NC_","NC_036853.1",0.213681574426569,2.30047763495839e-28,1,1,1,1
"chr036853.1_50965098",0.000658710480195944,3.95354339435065e-24,0.659596981551383,0.517411501294394,0.0794381271059767,0.306274516614232,"chr036853.1",50965098,36853.1,"NC_","NC_036853.1",1,5.70377705502969e-20,1,1,1,1
"chr036853.1_50965099",2.48033441598818e-14,1.93843462218959e-55,0.790661428289763,0.0646565131136391,0.218367655745773,0.803498133272509,"chr036853.1",50965099,36853.1,"NC_","NC_036853.1",3.57837846194615e-10,2.79657962943292e-51,1,1,1,1
"chr036853.1_50965107",4.38138984518243e-07,1.03086029974671e-37,0.26473051763663,0.822096203217033,0.114521607488845,0.299783774858274,"chr036853.1",50965107,36853.1,"NC_","NC_036853.1",0.00632103112964469,1.48722215444459e-33,1,1,1,1
"chr036853.1_50965108",2.15231239254071e-13,1.47686043121863e-49,0.936323410880519,0.269021417687767,0.486972750904177,0.888280455519607,"chr036853.1",50965108,36853.1,"NC_","NC_036853.1",3.10514108871849e-09,2.13066654411912e-45,1,1,1,1
"chr036853.1_50965121",3.48315681059197e-06,3.24498892065445e-34,0.746487926907743,0.616542407893486,0.13082177963876,0.292010027370959,"chr036853.1",50965121,36853.1,"NC_","NC_036853.1",0.0502515033064103,4.68154551582817e-30,1,1,1,1
"chr036853.1_50965122",2.67557653898281e-12,1.01920630882149e-40,0.780496043390988,0.32184272232634,0.350094340252842,0.822932001249805,"chr036853.1",50965122,36853.1,"NC_","NC_036853.1",3.8600542727905e-08,1.47040894173676e-36,1,1,1,1
"chr036853.1_50965139",2.5589423384837e-08,1.31078482328904e-23,0.754867802720816,0.248184743555297,0.0431250755633134,0.329680507180049,"chr036853.1",50965139,36853.1,"NC_","NC_036853.1",0.000369178611173043,1.89106926455909e-19,1,1,1,1
"chr036853.1_50967790",0.000209835329342419,1.15651262408562e-07,0.372996275933216,0.348797733398605,0.0220002657064563,0.769639871901026,"chr036853.1",50967790,36853.1,"NC_","NC_036853.1",1,0.00166850076276832,1,1,1,1
"chr036854.1_7163195",0.150027466643417,6.77129318059352e-09,0.357089645753603,0.317292662822004,0.302353162263386,0.597846209783779,"chr036854.1",7163195,36854.1,"NC_","NC_036854.1",1,9.76894467164227e-05,1,1,1,1
"chr036854.1_7163278",0.369922449388801,2.49388577057491e-06,0.462516948455813,0.766472381667732,0.103022657868609,0.510006953421125,"chr036854.1",7163278,36854.1,"NC_","NC_036854.1",1,0.0359792900120842,1,1,1,1
"chr036854.1_17100989",0.0156053324029537,2.45535487642775e-08,0.184800794391621,0.0378477129639112,0.173185927620155,0.854987939695383,"chr036854.1",17100989,36854.1,"NC_","NC_036854.1",1,0.000354234048022231,1,1,1,1
"chr036854.1_17101105",0.0105550126421139,3.26642843561875e-06,0.231059949009257,0.574248171991985,1.80127372932499e-06,0.335497071673607,"chr036854.1",17101105,36854.1,"NC_","NC_036854.1",1,0.0471247630406718,1,1,0.0259869760929716,1
"chr036854.1_18189847",0.154321130691264,1.10651979879242e-06,0.594656431571391,0.7641761160867,0.56096500170777,0.182364315264851,"chr036854.1",18189847,36854.1,"NC_","NC_036854.1",1,0.0159637611371783,1,1,1,1
"chr036854.1_23113590",0.0519972967690035,5.64669503515608e-07,0.792359432164249,0.925512416713692,0.948169301739314,0.889248878629663,"chr036854.1",23113590,36854.1,"NC_","NC_036854.1",1,0.00814648692721967,1,1,1,1
"chr036854.1_23678843",0.193629387181246,5.68186735077543e-08,0.630904117827771,0.877105580156579,0.557429336689999,0.798564661273104,"chr036854.1",23678843,36854.1,"NC_","NC_036854.1",1,0.000819723002696372,1,1,1,1
"chr036854.1_23679001",3.90780315918696e-05,3.75972894873083e-09,0.0359305698596019,0.351912499016954,0.178880306915608,0.889876227066361,"chr036854.1",23679001,36854.1,"NC_","NC_036854.1",0.563778761775903,5.42416095433396e-05,1,1,1,1
"chr036854.1_23679002",0.0283239213602499,1.16740642573824e-06,0.522954384248377,0.0746668977653008,0.568916600580197,0.726033005881988,"chr036854.1",23679002,36854.1,"NC_","NC_036854.1",1,0.0168421725041256,1,1,1,1
"chr036854.1_36693628",0.00547492276308652,2.08450046630117e-06,0.35217688529292,0.620655198762965,0.876435335104398,0.235008312475118,"chr036854.1",36693628,36854.1,"NC_","NC_036854.1",1,0.030073088227327,1,1,1,1
"chr036854.1_36693782",0.0238158639619041,1.11478868546307e-07,0.522361424712495,0.0301193433368099,0.589896818873959,0.991617539647994,"chr036854.1",36693782,36854.1,"NC_","NC_036854.1",1,0.00160830563651757,1,1,1,1
"chr036854.1_36694088",3.33805825085364e-06,1.62852452030732e-08,0.53025455394307,0.180064284611998,0.217503000735677,0.105652415889135,"chr036854.1",36694088,36854.1,"NC_","NC_036854.1",0.0481581663850654,0.000234947232544737,1,1,1,1
"chr036854.1_36694121",0.00145552852249122,1.51251608820166e-06,0.72168949157635,0.435862796715458,0.368591722341449,0.440173566804361,"chr036854.1",36694121,36854.1,"NC_","NC_036854.1",1,0.0218210696044853,1,1,1,1
"chr036854.1_53661777",0.000641270815837559,1.17249914516122e-28,0.541324478104057,0.00165591272524804,0.814958851197337,0.928856987680923,"chr036854.1",53661777,36854.1,"NC_","NC_036854.1",1,1.69156451672409e-24,1,1,1,1
"chr036854.1_53661778",0.0547395234656359,1.89721133341816e-18,0.911913180189659,0.0749462556758543,0.577131394338247,0.269370636266151,"chr036854.1",53661778,36854.1,"NC_","NC_036854.1",1,2.73710679072238e-14,1,1,1,1
"chr036855.1_9200430",0.0349318551687814,6.47012229190251e-07,0.347720635615438,0.0674801908450291,0.0965765802649175,0.0827174552168451,"chr036855.1",9200430,36855.1,"NC_","NC_036855.1",1,0.00933444543052775,1,1,1,1
"chr036855.1_9200471",0.0129735557244009,8.00863774016324e-07,0.663681528252404,0.177058127359216,1.12090379736459e-05,0.146092079753687,"chr036855.1",9200471,36855.1,"NC_","NC_036855.1",1,0.0115540616677335,1,1,0.16171279084579,1
"chr036855.1_12513662",0.000683690491660494,2.13295320328282e-10,0.936499295758743,0.584290138193045,0.964854390022785,0.572311987234911,"chr036855.1",12513662,36855.1,"NC_","NC_036855.1",1,3.07721158637613e-06,1,1,1,1
"chr036855.1_12513686",0.0178100272617092,6.34518384386886e-11,0.842683303018928,0.686439627966974,0.749988182858314,0.195877860851802,"chr036855.1",12513686,36855.1,"NC_","NC_036855.1",1,9.1541967315496e-07,1,1,1,1
"chr036855.1_12513723",1.06404267659337e-07,2.10122129977335e-16,0.343441923029892,0.824019756364325,0.131178667407215,0.0471598329390504,"chr036855.1",12513723,36855.1,"NC_","NC_036855.1",0.00153509436952126,3.03143196918301e-12,1,1,1,1
"chr036855.1_12513768",0.023485053419517,1.2021864338325e-10,0.738794367368867,0.0499586133466422,0.859113100419896,0.171573733643194,"chr036855.1",12513768,36855.1,"NC_","NC_036855.1",1,1.73439436809015e-06,1,1,1,1
"chr036855.1_12513782",0.0147562174246176,4.34215511727036e-08,0.689907414982263,0.863987332271893,0.794239745709595,0.980936500357608,"chr036855.1",12513782,36855.1,"NC_","NC_036855.1",1,0.000626442718768594,1,1,1,1
"chr036855.1_13045583",0.00272923430518365,1.93548104116866e-13,0.121410491705014,0.00223315111468294,0.194303682802913,0.452044205768964,"chr036855.1",13045583,36855.1,"NC_","NC_036855.1",1,2.79231849809402e-09,1,1,1,1
"chr036855.1_27937702",5.64976569140296e-08,1.09446916324639e-08,0.241723838757473,0.00145640390853723,8.2696207760076e-05,0.00237198132241378,"chr036855.1",27937702,36855.1,"NC_","NC_036855.1",0.000815091696298705,0.000157899066181557,1,1,1,1
"chr036855.1_37994593",0.0209760171796025,1.56437930299872e-12,0.519410109580979,0.583774841570932,0.299736710428525,0.361418245116229,"chr036855.1",37994593,36855.1,"NC_","NC_036855.1",1,2.25693002043625e-08,1,1,1,1
"chr036855.1_47404708",0.0974915028521334,1.44982866788081e-15,0.463396989036601,0.508854275935808,0.655380648442456,0.15074430666715,"chr036855.1",47404708,36855.1,"NC_","NC_036855.1",1,2.09166781915165e-11,1,1,1,1
"chr036855.1_59384147",0.00178353880027402,3.38929070363224e-09,0.497676369108781,0.101861286323302,0.901977075365612,0.856543921737684,"chr036855.1",59384147,36855.1,"NC_","NC_036855.1",1,4.88972969813024e-05,1,1,1,1
"chr036855.1_62847388",0.00518071139138243,1.13356371116084e-11,0.380749051753314,0.0694796939159722,0.37402087409483,7.01305795204643e-06,"chr036855.1",62847388,36855.1,"NC_","NC_036855.1",1,1.63539236609175e-07,1,1,1,0.101177387074174
"chr036855.1_62847434",0.183071003843768,2.46139070135045e-08,0.458525111417852,0.91433312357556,0.347671388342298,0.661861377386316,"chr036855.1",62847434,36855.1,"NC_","NC_036855.1",1,0.000355104836483829,1,1,1,1
"chr036855.1_63094229",0.0516457536082145,1.30590664638598e-07,0.977207871613499,0.330289718867187,0.00557553435820566,0.146168813914549,"chr036855.1",63094229,36855.1,"NC_","NC_036855.1",1,0.00188403151874105,1,1,1,1
"chr036856.1_20397054",0.0777338439696065,7.50387229206338e-07,0.351566962425623,0.32048025085156,0.0875760724015285,0.280072479293896,"chr036856.1",20397054,36856.1,"NC_","NC_036856.1",1,0.0108258365557598,1,1,1,1
"chr036856.1_22105326",0.00387412830531729,6.88897029969288e-07,0.147301736296869,0.117889621690159,0.678367289621882,0.377785516057864,"chr036856.1",22105326,36856.1,"NC_","NC_036856.1",1,0.00993871745136692,1,1,1,1
"chr036856.1_26748611",4.09641376888774e-08,4.07023581996884e-15,0.000989004486613691,0.592828839212657,0.137576077950315,0.459573709507531,"chr036856.1",26748611,36856.1,"NC_","NC_036856.1",0.000590989614437434,5.87212921746904e-11,1,1,1,1
"chr036856.1_26748621",7.42784396605996e-09,1.27186241974117e-12,0.0594481897164191,0.384847246476093,0.000400519402182562,0.896965902473038,"chr036856.1",26748621,36856.1,"NC_","NC_036856.1",0.000107161504898347,1.83491591296059e-08,1,1,1,1
"chr036856.1_26748730",0.0588665997521874,2.58691640913184e-06,0.458757689816644,0.452118462784037,0.48097775387029,0.782863478919205,"chr036856.1",26748730,36856.1,"NC_","NC_036856.1",1,0.0373214430345451,1,1,1,1
"chr036856.1_30771428",0.00100328161355397,2.47818400174729e-12,0.565659893256278,0.0180521523546919,0.55198554526918,0.101688408279439,"chr036856.1",30771428,36856.1,"NC_","NC_036856.1",1,3.57527605932082e-08,1,1,1,1
"chr036856.1_30771471",1.26228993384923e-06,2.84571742046796e-07,0.156558782886813,0.302732064651285,0.138645719026295,0.431543248620895,"chr036856.1",30771471,36856.1,"NC_","NC_036856.1",0.0182110568756429,0.00410551652250912,1,1,1,1
"chr036856.1_37257443",0.000329459324428845,4.31569077701328e-08,0.968615561708567,0.533899445205155,0.947171493025319,0.0120300567083062,"chr036856.1",37257443,36856.1,"NC_","NC_036856.1",1,0.000622624708399706,1,1,1,1
"chr036856.1_37257483",0.0189832598077406,1.08549389604816e-07,0.464667772289953,0.839121914207449,0.687659345472223,0.297172773329575,"chr036856.1",37257483,36856.1,"NC_","NC_036856.1",1,0.00156604204382869,1,1,1,1
"chr036857.1_6451574",2.78583133452891e-07,2.03110571523538e-11,0.641838114348742,0.0939449330360643,0.251537781538712,0.483423018660723,"chr036857.1",6451574,36857.1,"NC_","NC_036857.1",0.00401911886632486,2.93027621537008e-07,1,1,1,1
"chr036857.1_6451640",0.034535777597344,4.28602810491421e-11,0.653222137375522,0.698987071987424,0.705747054981973,0.248499712036515,"chr036857.1",6451640,36857.1,"NC_","NC_036857.1",1,6.18345274695973e-07,1,1,1,1
"chr036857.1_6451700",0.0758979257008092,1.31215432127917e-06,0.370546326507774,0.563853069307158,0.230748884255202,0.168466960255973,"chr036857.1",6451700,36857.1,"NC_","NC_036857.1",1,0.0189304503930946,1,1,1,1
"chr036857.1_9402550",0.334435759444175,1.04371227402269e-14,0.755597300813716,0.746398048625094,0.513874460551986,0.543181155857659,"chr036857.1",9402550,36857.1,"NC_","NC_036857.1",1,1.50576369773254e-10,1,1,1,1
"chr036857.1_9402569",0.392594713148759,3.87384343029421e-10,0.106894212853177,0.00076754852842867,0.177105330413302,0.213284779430682,"chr036857.1",9402569,36857.1,"NC_","NC_036857.1",1,5.58879391688545e-06,1,1,1,1
"chr036857.1_9402647",0.15081410918425,8.65478924388322e-15,0.0125177620935976,0.00083287729707902,0.265357568067068,0.00478266545107978,"chr036857.1",9402647,36857.1,"NC_","NC_036857.1",1,1.24862644421503e-10,1,1,1,1
"chr036857.1_11297705",0.00102321447469874,1.29026106592865e-14,0.0348714725913621,0.520247857749176,0.952304687646166,0.785288084895514,"chr036857.1",11297705,36857.1,"NC_","NC_036857.1",1,1.86145963981526e-10,1,1,1,1
"chr036857.1_12868842",0.994453702172514,1.72332060361175e-09,0.614910854252119,0.0837071470692262,0.110704278805839,0.480551616190912,"chr036857.1",12868842,36857.1,"NC_","NC_036857.1",1,2.48623463483067e-05,1,1,1,1
"chr036857.1_13725208",0.131043607871678,1.46254352458027e-08,0.00914233283121647,0.700284291246455,0.0940202347033622,0.739189417440921,"chr036857.1",13725208,36857.1,"NC_","NC_036857.1",1,0.000211001154291195,1,1,1,1
"chr036857.1_17675139",0.029812442924922,1.24758499802529e-07,0.0622168570160089,0.00835377545068579,0.00849714396399796,0.298103208249524,"chr036857.1",17675139,36857.1,"NC_","NC_036857.1",1,0.00179989087665108,1,1,1,1
"chr036857.1_19336670",0.413566127524845,8.97298381761275e-14,0.880909897515235,0.00563696046562961,0.158322223563472,0.304481599371939,"chr036857.1",19336670,36857.1,"NC_","NC_036857.1",1,1.29453237536699e-09,1,1,1,1
"chr036857.1_19336760",0.0979239344341882,2.16776152511636e-09,0.0361149656020423,0.134824591780383,0.39011073059781,0.447253650503987,"chr036857.1",19336760,36857.1,"NC_","NC_036857.1",1,3.12742955228537e-05,1,1,1,1
"chr036857.1_25324540",0.00260449363350267,1.59355052464138e-14,0.655493703152836,0.214809861391901,0.993261615635721,0.327907596736618,"chr036857.1",25324540,36857.1,"NC_","NC_036857.1",1,2.29901534190011e-10,1,1,1,1
"chr036857.1_27348619",0.00965958278906829,1.87748409740174e-07,0.400861359124073,0.569283925558179,0.296131193594086,0.284319950131372,"chr036857.1",27348619,36857.1,"NC_","NC_036857.1",1,0.0027086463073215,1,1,1,1
"chr036857.1_27348737",3.44877880953731e-09,3.93704477693719e-39,0.650742958119998,0.277220770562823,0.00284299470286707,8.47114254320092e-06,"chr036857.1",27348737,36857.1,"NC_","NC_036857.1",4.97555318851948e-05,5.67997449968728e-35,1,1,1,0.12221317347076
"chr036857.1_27348740",0.00794021091112151,4.60264030949251e-09,0.0408500211104628,0.118690808080691,0.871195837893438,0.0470651323154392,"chr036857.1",27348740,36857.1,"NC_","NC_036857.1",1,6.64022917450485e-05,1,1,1,1
"chr036857.1_33773720",0.0132397858877237,1.33998995139847e-07,0.00138905201580731,3.10987798471e-05,0.296154115384607,0.0402697278258765,"chr036857.1",33773720,36857.1,"NC_","NC_036857.1",1,0.00193320350288257,1,0.448662096854112,1,1
"chr036857.1_38431324",1.14788023771817e-06,9.06399951114457e-07,0.659215280299435,0.542296753107828,0.086453401497435,0.584366602214472,"chr036857.1",38431324,36857.1,"NC_","NC_036857.1",0.0165604681895601,0.0130766320947283,1,1,1,1
"chr036857.1_38431370",2.34463714656219e-06,1.51815058258828e-06,0.597208455441696,0.850759233091613,0.352757156316683,0.634590393950771,"chr036857.1",38431370,36857.1,"NC_","NC_036857.1",0.0338260801134527,0.0219023584550011,1,1,1,1
"chr036857.1_38431407",4.15311703748196e-25,2.31229940533652e-20,0.625343211959389,0.0378967907626819,0.00634096069460143,0.964882382316608,"chr036857.1",38431407,36857.1,"NC_","NC_036857.1",5.99170194997522e-21,3.335954352079e-16,1,1,1,1
"chr036857.1_38431446",2.48194505630816e-12,3.87301490229464e-17,0.635680039004853,0.796179726274736,0.156641955138019,0.407628091285013,"chr036857.1",38431446,36857.1,"NC_","NC_036857.1",3.58070213273578e-08,5.58759859954048e-13,1,1,1,1
"chr036857.1_39004019",0.959210796247877,3.14958168398329e-06,0.104258580646974,0.830371955746519,0.687394207338587,0.270975811225675,"chr036857.1",39004019,36857.1,"NC_","NC_036857.1",1,0.0454390149548269,1,1,1,1
"chr036857.1_39239591",0.0252570988348243,3.08297890190081e-14,0.000617405580786283,0.439104176438747,0.123674551925599,0.000738126890783866,"chr036857.1",39239591,36857.1,"NC_","NC_036857.1",1,4.4478136617723e-10,1,1,1,1
"chr036857.1_41767447",0.0979861410484297,1.39990576911051e-11,0.652223744334735,0.0105684189773643,0.0171054210220759,0.88647963159876,"chr036857.1",41767447,36857.1,"NC_","NC_036857.1",1,2.01964405309574e-07,1,1,1,1
"chr036857.1_41767846",0.0163016440920251,6.082207112296e-07,0.0477061372588007,0.334673915906863,0.27037891891389,0.230807194088014,"chr036857.1",41767846,36857.1,"NC_","NC_036857.1",1,0.00877480020090944,1,1,1,1
"chr036858.1_1082563",0.0293390490451222,9.45779829040464e-09,0.430245779769695,0.0652991768664416,0.252803383440383,0.0843078256475966,"chr036858.1",1082563,36858.1,"NC_","NC_036858.1",1,0.000136447655935668,1,1,1,1
"chr036858.1_1082670",2.00193088153453e-08,4.24136892043644e-09,0.774556731350124,0.959992715488566,0.0710832333430014,0.241901707846973,"chr036858.1",1082670,36858.1,"NC_","NC_036858.1",0.000288818568278987,6.11902294151365e-05,1,1,1,1
"chr036858.1_1082844",0.000522834371838234,9.70307894193831e-07,0.372170250758988,0.422840853732489,0.053022043275597,0.359527896392033,"chr036858.1",1082844,36858.1,"NC_","NC_036858.1",1,0.0139986319895344,1,1,1,1
"chr036858.1_1082861",0.0217002195240471,1.88642528576084e-07,0.767686024003868,0.806350480495723,0.940931722690696,0.836728217321282,"chr036858.1",1082861,36858.1,"NC_","NC_036858.1",1,0.00272154575976716,1,1,1,1
"chr036858.1_11864846",0.105941407754953,4.71056830471556e-07,0.179646894032334,0.345419078893735,7.8099801623948e-05,0.422214958430586,"chr036858.1",11864846,36858.1,"NC_","NC_036858.1",1,0.00679593689321314,1,1,1,1
"chr036858.1_11865047",0.0709748013431402,6.63493649112965e-10,0.910002840475484,0.598754140944382,4.83047667971186e-06,0.0714749667573434,"chr036858.1",11865047,36858.1,"NC_","NC_036858.1",1,9.57222287575274e-06,1,1,0.0696892870582031,1
"chr036858.1_13819835",4.7709467053176e-07,3.21901590277459e-06,0.0815686482603556,0.212498428915521,0.0473207857349169,0.00277384909936933,"chr036858.1",13819835,36858.1,"NC_","NC_036858.1",0.0068830448117617,0.0464407424293289,1,1,1,1
"chr036858.1_15871304",0.761778695109306,2.7986363653025e-06,0.840945648141381,0.899525788142628,0.0777203898044568,0.215213074960769,"chr036858.1",15871304,36858.1,"NC_","NC_036858.1",1,0.0403759268422191,1,1,1,1
"chr036858.1_15871421",0.0923036428552839,1.92994202723438e-07,0.884641188266024,0.00014235696475835,0.00731436978118483,0.00169140623461753,"chr036858.1",15871421,36858.1,"NC_","NC_036858.1",1,0.00278432736269104,1,1,1,1
"chr036858.1_22653875",0.924246586367703,2.13759350738532e-06,0.916594387245332,0.414886631646162,0.116241694570829,0.503353903186691,"chr036858.1",22653875,36858.1,"NC_","NC_036858.1",1,0.030839061531048,1,1,1,1
"chr036858.1_25995585",0.0048069739813465,1.32506823833956e-07,0.271891741074053,0.269461055234419,0.0205682281033627,0.506008619239559,"chr036858.1",25995585,36858.1,"NC_","NC_036858.1",1,0.00191167594745249,1,1,1,1
"chr036858.1_25995603",0.101368361982833,1.42551125627773e-06,0.0645425834554393,0.0839224267479024,0.78374862920685,0.281128710503935,"chr036858.1",25995603,36858.1,"NC_","NC_036858.1",1,0.0205658508943188,1,1,1,1
"chr036858.1_25995674",2.34186875536487e-07,3.96232526665198e-14,0.154589011547368,0.136748672530245,0.581403083786942,0.403772866736014,"chr036858.1",25995674,36858.1,"NC_","NC_036858.1",0.00337861405336489,5.7164466621988e-10,1,1,1,1
"chr036858.1_25995718",5.03395710023482e-08,3.52110281240004e-13,0.709455314342888,0.0637867554698533,0.000976122295599233,0.670335298888612,"chr036858.1",25995718,36858.1,"NC_","NC_036858.1",0.000726248990850877,5.07989502744954e-09,1,1,1,1
"chr036858.1_25995735",0.15154972931604,2.55790595795106e-14,0.0853850314810865,1.89059282552836e-07,0.995454957912536,0.136861563792247,"chr036858.1",25995735,36858.1,"NC_","NC_036858.1",1,3.69029092553599e-10,1,0.00272755826938977,1,1
"chr036858.1_39408208",0.164814474294949,5.82492324585224e-09,0.114802591324368,0.118441430477217,0.00317397120146268,0.977940027079576,"chr036858.1",39408208,36858.1,"NC_","NC_036858.1",1,8.40361676679103e-05,1,1,1,1
"chr036858.1_39718174",0.317120111954007,4.78807671400163e-10,0.389543111953263,0.000245659283168103,0.698842556445797,0.0984296399067502,"chr036858.1",39718174,36858.1,"NC_","NC_036858.1",1,6.90775827529016e-06,1,1,1,1
"chr036858.1_39718175",0.0015206924929743,1.37887867238661e-06,0.55351919277969,0.515265143919716,0.205699717296233,0.45456110226816,"chr036858.1",39718175,36858.1,"NC_","NC_036858.1",1,0.0198930826065217,1,1,1,1
"chr036858.1_39718351",3.11217754166508e-07,7.62215507836616e-30,0.0412724770121828,5.56424757195296e-11,0.0795655439666389,0.0350844333824107,"chr036858.1",39718351,36858.1,"NC_","NC_036858.1",0.00448993853936021,1.09964831315589e-25,1,8.02753997205653e-07,1,1
"chr036858.1_47150890",0.404188943190272,8.73009756484984e-10,0.00297390227874548,0.00496971268248336,0.0538043600901242,0.0133458435338544,"chr036858.1",47150890,36858.1,"NC_","NC_036858.1",1,1.25949117568089e-05,1,1,1,1
"chr036858.1_50420850",0.279143094478771,5.86169111921142e-08,0.445302592474829,0.573289194765329,0.551714320945466,0.393846443857983,"chr036858.1",50420850,36858.1,"NC_","NC_036858.1",1,0.000845666177768632,1,1,1,1
"chr036858.1_50420866",0.0598372845676929,1.11364076847328e-08,0.255810182155543,0.0216253955453574,0.12110079968354,0.0375158381642532,"chr036858.1",50420866,36858.1,"NC_","NC_036858.1",1,0.000160664953667641,1,1,1,1
"chr036858.1_59386540",0.0097879035958328,3.66736570165825e-11,0.99254337545745,0.0123917135315107,0.143969460406523,0.0614302635112738,"chr036858.1",59386540,36858.1,"NC_","NC_036858.1",1,5.29090849778235e-07,1,1,1,1
"chr036858.1_62528669",0.750752229744739,3.76500667758308e-08,0.996598952526733,0.00387741273992129,0.129600973861201,0.0292407650413539,"chr036858.1",62528669,36858.1,"NC_","NC_036858.1",1,0.000543177513374911,1,1,1,1
"chr036858.1_62528779",0.272226199541774,1.78726897837141e-06,0.928807428436289,0.477999226430037,0.885227624341478,0.474718295500179,"chr036858.1",62528779,36858.1,"NC_","NC_036858.1",1,0.0257849295509644,1,1,1,1
"chr036858.1_62528792",0.486287015515711,5.00423878593875e-09,0.107080701655602,0.215956252336082,0.976560775259731,0.910772766933511,"chr036858.1",62528792,36858.1,"NC_","NC_036858.1",1,7.21961529647383e-05,1,1,1,1
"chr036859.1_48859",0.0538037267936329,1.58581611317956e-06,0.223400686732301,0.550882669384085,0.845837530886958,0.0777264870455929,"chr036859.1",48859,36859.1,"NC_","NC_036859.1",1,0.0228785690648415,1,1,1,1
"chr036859.1_48953",3.80531200213144e-07,3.31141337350892e-27,0.353184851886157,0.0281525368559929,0.114887853354338,0.0384872235635615,"chr036859.1",48953,36859.1,"NC_","NC_036859.1",0.00548992362547502,4.77737607396132e-23,1,1,1,1
"chr036859.1_48994",0.000238595726191496,3.6108917807846e-07,0.701978596249291,0.345450882130074,0.0249619950326142,0.4541902861287,"chr036859.1",48994,36859.1,"NC_","NC_036859.1",1,0.00520943357213795,1,1,1,1
"chr036859.1_7264748",8.97180748476569e-08,2.39713827969869e-07,0.00863225877294966,0.00510751647116117,0.723519988639788,0.000133076457812015,"chr036859.1",7264748,36859.1,"NC_","NC_036859.1",0.00129436266582715,0.0034583513961213,1,1,1,1
"chr036859.1_10963693",0.148625746864636,5.99515190321324e-26,0.00203818162206839,0.0014324928225079,0.533384039679299,0.117730073362472,"chr036859.1",10963693,36859.1,"NC_","NC_036859.1",1,8.64920565076574e-22,1,1,1,1
"chr036859.1_18412513",0.13653804393028,8.83897474602045e-07,0.706994493124987,0.0492947756005667,0.246732978338348,0.000455402224012284,"chr036859.1",18412513,36859.1,"NC_","NC_036859.1",1,0.0127519888660837,1,1,1,1
"chr036859.1_21022125",0.0299681068673951,1.56417492340996e-06,0.944847565459188,0.715050079383315,0.121853454900778,0.150289507148755,"chr036859.1",21022125,36859.1,"NC_","NC_036859.1",1,0.0225663516200355,1,1,1,1
"chr036859.1_34108102",3.66829812195386e-08,1.99819238443926e-12,0.0177466911648902,0.133120669428817,9.03679515161458e-07,0.0391060573524012,"chr036859.1",34108102,36859.1,"NC_","NC_036859.1",0.000529225370054284,2.88279215303052e-08,1,1,0.0130373843652344,1
"chr036859.1_34108179",0.410973569791557,8.44372981212586e-10,0.0293183294460117,0.000295723086621905,0.612359318287268,0.381803231222613,"chr036859.1",34108179,36859.1,"NC_","NC_036859.1",1,1.2181768999954e-05,1,1,1,1
"chr036860.1_1830434",0.299699468124943,1.28719377082298e-08,0.00140708851857396,0.00562069387702,0.157909503615571,0.89474618234243,"chr036860.1",1830434,36860.1,"NC_","NC_036860.1",1,0.000185703445316631,1,1,1,1
"chr036860.1_13760790",0.387654196958648,4.06240184133673e-08,0.364172885614649,0.00290115541092236,0.734149682669449,0.974641212799734,"chr036860.1",13760790,36860.1,"NC_","NC_036860.1",1,0.00058608271364965,1,1,1,1
"chr036860.1_17383411",2.74384364092808e-09,1.99405636466466e-09,0.789483323930149,0.635587609968251,0.879204715393064,0.527329637579843,"chr036860.1",17383411,36860.1,"NC_","NC_036860.1",3.95854322076694e-05,2.87682511730171e-05,1,1,1,1
"chr036860.1_17383591",4.16834831008201e-07,2.38527753234189e-15,0.00577185699782417,0.196417961287522,0.636730719180203,0.246797306420748,"chr036860.1",17383591,36860.1,"NC_","NC_036860.1",0.00601367610695531,3.44123989590964e-11,1,1,1,1
"chr036860.1_18737343",0.0417668886905042,8.08302682771051e-09,0.342628612383597,0.0771420087479898,0.00479948200233178,0.635589667993959,"chr036860.1",18737343,36860.1,"NC_","NC_036860.1",1,0.00011661382804338,1,1,1,1
"chr036860.1_23503629",0.949591934311776,6.09053453827897e-08,0.45505273721319,0.363569105077684,0.446091219733152,0.990906762706349,"chr036860.1",23503629,36860.1,"NC_","NC_036860.1",1,0.000878681417837507,1,1,1,1
"chr036860.1_24921898",0.296087818570563,6.5139287073594e-09,0.748283593188026,0.338197669300345,2.22520729673586e-06,0.066613541060163,"chr036860.1",24921898,36860.1,"NC_","NC_036860.1",1,9.39764494610741e-05,1,1,0.0321030656700082,1
"chr036860.1_32517204",0.00248695340512508,3.86225035806502e-08,0.969233670018084,0.266244468171668,0.000824984513694639,0.0392643506344175,"chr036860.1",32517204,36860.1,"NC_","NC_036860.1",1,0.000557206859158041,1,1,1,1
"chr036860.1_32711462",4.08406720476995e-05,1.20485146900548e-06,0.401915754833947,0.788079906664209,0.62255493051837,0.461434189903381,"chr036860.1",32711462,36860.1,"NC_","NC_036860.1",0.589208375632161,0.0173823921433421,1,1,1,1
"chr036860.1_32711480",8.22130231196377e-07,6.25689203933943e-09,0.417239891716456,0.723022236448769,0.454258006725995,0.955631743972655,"chr036860.1",32711480,36860.1,"NC_","NC_036860.1",0.0118608728454701,9.02681814515499e-05,1,1,1,1
"chr036860.1_32711507",4.70172562324906e-05,5.3661833356223e-08,0.648505202034972,0.620378720522051,0.654780643954754,0.498610845730113,"chr036860.1",32711507,36860.1,"NC_","NC_036860.1",0.678317955666141,0.00077417926983023,1,1,1,1
"chr036860.1_32711515",0.00224320294856558,8.03786938531791e-11,0.306606435576805,0.891762075693797,0.0357659160148484,0.386702679423545,"chr036860.1",32711515,36860.1,"NC_","NC_036860.1",1,1.15962341621982e-06,1,1,1,1
"chr036860.1_32711575",5.33116960737446e-05,8.71887543903752e-07,0.616253881900359,0.552467835103308,0.421041969535672,0.136970229792277,"chr036860.1",32711575,36860.1,"NC_","NC_036860.1",0.769127839255913,0.0125787215958994,1,1,1,1
"chr036860.1_42744939",0.229581749316205,3.28455755611074e-06,0.475924100746892,0.546492689914678,0.418819834765781,0.262769509005139,"chr036860.1",42744939,36860.1,"NC_","NC_036860.1",1,0.0473863118620096,1,1,1,1
"chr036860.1_49327783",0.0176858057798746,2.37841356531194e-10,0.262752356274847,0.0315608349758832,0.505182854815966,0.528780200118098,"chr036860.1",49327783,36860.1,"NC_","NC_036860.1",1,3.43133725067553e-06,1,1,1,1
"chr036860.1_56327682",0.00082985520719399,3.01990762179568e-07,0.57685747381779,0.235127711615046,0.989425415453558,0.319844223339129,"chr036860.1",56327682,36860.1,"NC_","NC_036860.1",1,0.00435682072596463,1,1,1,1
"chr036860.1_60541365",0.000261418384450056,1.71426028405199e-07,0.267270928240666,0.791838890402875,0.0478842809230872,0.768316703758557,"chr036860.1",60541365,36860.1,"NC_","NC_036860.1",1,0.0024731633118018,1,1,1,1
"chr036860.1_60541366",1.2710726203648e-09,5.05473926736555e-16,0.790685426118314,0.344443650861118,0.442889243208591,0.263951803598008,"chr036860.1",60541366,36860.1,"NC_","NC_036860.1",1.83377646940029e-05,7.29247234102828e-12,1,1,1,1
"chr036860.1_60541408",0.00518877074975577,1.13916508081588e-06,0.757093248312291,0.271144017491468,0.938563779711678,0.376516472579835,"chr036860.1",60541408,36860.1,"NC_","NC_036860.1",1,0.0164347346209307,1,1,1,1
"chr036861.1_379506",0.0340917528414095,1.32015740496416e-08,0.255446630380077,0.00993021861891084,0.466671263566062,0.125740710261596,"chr036861.1",379506,36861.1,"NC_","NC_036861.1",1,0.000190459108814179,1,1,1,1
"chr036861.1_1369593",0.0384787573182575,4.65295976365845e-10,0.0659553924779964,0.783567683275939,0.849702444100051,0.934929260538864,"chr036861.1",1369593,36861.1,"NC_","NC_036861.1",1,6.71282505103004e-06,1,1,1,1
"chr036861.1_1515446",0.00101621044173185,8.85189299487148e-07,0.862208074047514,0.138877942547651,0.013990466287953,0.72334679736421,"chr036861.1",1515446,36861.1,"NC_","NC_036861.1",1,0.0127706260237011,1,1,1,1
"chr036862.1_1283968",0.00246551525181088,3.19675738483897e-11,0.000666120567935679,0.134264538706189,0.961665657600912,0.0102134476254935,"chr036862.1",1283968,36862.1,"NC_","NC_036862.1",1,4.61196187910719e-07,1,1,1,1
"chr036862.1_1284011",0.000316840223187454,4.11237732624694e-12,0.349312590488931,0.00217344912142495,6.31929639118265e-06,0.000286594907600988,"chr036862.1",1284011,36862.1,"NC_","NC_036862.1",1,5.93292676857647e-08,1,1,0.0911684890355921,1
"chr036862.1_4725295",0.658518568467288,1.4208230352152e-09,0.348099996000271,0.284276509818579,0.96046050766658,0.634636764055737,"chr036862.1",4725295,36862.1,"NC_","NC_036862.1",1,2.04982139290497e-05,1,1,1,1
"chr036862.1_4725314",0.292160454854962,6.91369799524434e-07,0.503869451293906,0.59858661594438,0.984362090636292,0.741233411512975,"chr036862.1",4725314,36862.1,"NC_","NC_036862.1",1,0.00997439209773901,1,1,1,1
"chr036862.1_4725328",0.901335484339417,3.99206709752735e-07,0.844161386523455,0.763484945804649,0.668061096188394,0.886970044763066,"chr036862.1",4725328,36862.1,"NC_","NC_036862.1",1,0.00575935520160271,1,1,1,1
"chr036862.1_4725329",0.384347016525858,1.90709996809873e-07,0.695946621879726,0.568220799417414,0.851037632244646,0.966274889736032,"chr036862.1",4725329,36862.1,"NC_","NC_036862.1",1,0.00275137312397604,1,1,1,1
"chr036862.1_4725365",0.600732021435896,1.72590985899866e-06,0.657981417326998,0.416610931654189,0.627394369374201,0.92300923706671,"chr036862.1",4725365,36862.1,"NC_","NC_036862.1",1,0.0248997015357737,1,1,1,1
"chr036862.1_4725367",0.721669016506401,1.4195597877895e-07,0.868581729334283,0.474188270836343,0.987665427236256,0.292729693073941,"chr036862.1",4725367,36862.1,"NC_","NC_036862.1",1,0.00204799890584391,1,1,1,1
"chr036862.1_4725368",0.288137896814423,6.49509609700602e-09,0.460518792826885,0.382466426837773,0.822471895824043,0.978440537841108,"chr036862.1",4725368,36862.1,"NC_","NC_036862.1",1,9.37047513915059e-05,1,1,1,1
"chr036862.1_4725373",0.675337551904486,1.24351764489366e-06,0.963186979765345,0.642761583568303,0.890756574341437,0.732287495476958,"chr036862.1",4725373,36862.1,"NC_","NC_036862.1",1,0.0179402290628809,1,1,1,1
"chr036862.1_4725374",0.524571841468179,1.50240577773148e-06,0.707198888630604,0.780666158099146,0.813982541576854,0.565296475419476,"chr036862.1",4725374,36862.1,"NC_","NC_036862.1",1,0.0216752081553321,1,1,1,1
"chr036862.1_4725451",0.826442414123626,6.30387730254799e-07,0.709089231042292,0.568710333758373,0.791977321336544,0.881979240448791,"chr036862.1",4725451,36862.1,"NC_","NC_036862.1",1,0.00909460378438599,1,1,1,1
"chr036862.1_4725460",0.745534003986244,9.5816737945164e-07,0.605123247326591,0.40800202954732,0.802743114192541,0.968621671879601,"chr036862.1",4725460,36862.1,"NC_","NC_036862.1",1,0.0138234807833488,1,1,1,1
"chr036862.1_4725472",0.925607115670194,2.10767919581083e-06,0.791174192999999,0.138911562471173,0.958581807385863,0.865570287389213,"chr036862.1",4725472,36862.1,"NC_","NC_036862.1",1,0.0304074877579628,1,1,1,1
"chr036862.1_4725473",0.332044022486435,5.09147719159732e-10,0.587821537488372,0.786215259718347,0.819273077638004,0.796531173624815,"chr036862.1",4725473,36862.1,"NC_","NC_036862.1",1,7.34547414431745e-06,1,1,1,1
"chr036862.1_4725481",0.630218208647934,3.98035365331225e-08,0.723063400418884,0.202071695671062,0.844653704842874,0.694544133819033,"chr036862.1",4725481,36862.1,"NC_","NC_036862.1",1,0.000574245621563359,1,1,1,1
"chr036862.1_4725482",0.297296100623125,7.44781002089243e-13,0.638324513041573,0.450815946815475,0.698569419791233,0.964278034712344,"chr036862.1",4725482,36862.1,"NC_","NC_036862.1",1,1.07449555171415e-08,1,1,1,1
"chr036862.1_4725505",0.584120466421631,7.24434874438584e-08,0.608980413090822,0.38209912124926,0.861748518140107,0.934725116085908,"chr036862.1",4725505,36862.1,"NC_","NC_036862.1",1,0.00104514219335255,1,1,1,1
"chr036862.1_4725512",0.340582066179134,3.08125039722493e-09,0.768650732939692,0.554370763789732,0.608363989186618,0.905347906271593,"chr036862.1",4725512,36862.1,"NC_","NC_036862.1",1,4.44531994807641e-05,1,1,1,1
"chr036862.1_4725519",0.503168167229069,1.1460875044414e-07,0.83800737557275,0.553625584398832,0.388420356851792,0.967938697414787,"chr036862.1",4725519,36862.1,"NC_","NC_036862.1",1,0.00165346044265761,1,1,1,1
"chr036862.1_6747451",7.74959375588095e-06,2.27969108676435e-06,0.29639125186171,0.810824845204715,0.802383381936213,0.485070392823053,"chr036862.1",6747451,36862.1,"NC_","NC_036862.1",0.111803389116095,0.0328891033087493,1,1,1,1
"chr036862.1_7066077",0.0275173694388498,1.25889036041411e-08,0.829584500724242,0.26879285466377,0.188471758868778,0.369934736065055,"chr036862.1",7066077,36862.1,"NC_","NC_036862.1",1,0.000181620112296944,1,1,1,1
"chr036862.1_25301467",1.86325860555051e-06,8.53260182047677e-08,0.236084996473474,0.0279566541444482,0.320443290060531,0.330342312076447,"chr036862.1",25301467,36862.1,"NC_","NC_036862.1",0.0268812319022773,0.00123099846464018,1,1,1,1
"chr036862.1_28681520",0.132962487489146,1.74732748224763e-06,0.369456914110053,0.691528824404555,0.700390130706086,0.172652768276334,"chr036862.1",28681520,36862.1,"NC_","NC_036862.1",1,0.0252086935863865,1,1,1,1
"chr036862.1_29495440",0.0462963079572046,3.81909960667392e-08,0.0372933414383953,0.000381782019932485,0.00710018249550449,0.3217450427527,"chr036862.1",29495440,36862.1,"NC_","NC_036862.1",1,0.000550981500254846,1,1,1,1
"chr036863.1_3506698",0.00175109615477445,8.7792667731373e-09,0.983390818114268,0.246601634095523,0.817653315524947,0.802377533558779,"chr036863.1",3506698,36863.1,"NC_","NC_036863.1",1,0.000126658481736052,1,1,1,1
"chr036863.1_5173791",0.0542602020446615,1.13810602093305e-06,0.0709502691437405,0.267621653041275,0.0462660070222392,0.563217732983742,"chr036863.1",5173791,36863.1,"NC_","NC_036863.1",1,0.0164194555640011,1,1,1,1
"chr036863.1_5175621",0.0330184278921609,9.55478545859469e-16,0.41261967483618,0.667311273434416,0.729476734558436,0.268308451910098,"chr036863.1",5175621,36863.1,"NC_","NC_036863.1",1,1.37846889811146e-11,1,1,1,1
"chr036863.1_9691781",6.94448922695674e-12,2.96888925118917e-06,0.337640539897123,0.889064891249201,0.618848297127135,0.83907427176922,"chr036863.1",9691781,36863.1,"NC_","NC_036863.1",1.00188146077305e-07,0.0428321652269061,1,1,1,1
"chr036863.1_25899468",0.000628185982856418,1.37266392053554e-19,0.0173318245434876,1.46102742320031e-05,0.0734981180097633,2.38752486853514e-06,"chr036863.1",25899468,36863.1,"NC_","NC_036863.1",1,1.98034223815662e-15,1,0.210782426345109,1,0.0344448212783565
"chr036863.1_26533996",0.000110345791638816,5.25681523050942e-26,0.050683973779411,0.197651105626263,4.51172095810021e-06,0.453731459458761,"chr036863.1",26533996,36863.1,"NC_","NC_036863.1",1,7.58400733305594e-22,1,1,0.0650905982625118,1
"chr036863.1_26707163",0.0798275515917097,1.91978044938365e-09,0.881682499362903,0.881607579185161,0.505118187806816,0.976696231152131,"chr036863.1",26707163,36863.1,"NC_","NC_036863.1",1,2.76966725432579e-05,1,1,1,1
"chr036863.1_26707311",0.0831069281571284,1.13098150822573e-06,0.0209974919842749,0.304078441031237,0.252505750323823,0.338923492638209,"chr036863.1",26707311,36863.1,"NC_","NC_036863.1",1,0.0163166702191726,1,1,1,1
"chr036863.1_44759158",0.193107084084926,5.27718979036807e-10,0.00541063585331288,0.585886281843756,0.36945964722279,0.653158934771432,"chr036863.1",44759158,36863.1,"NC_","NC_036863.1",1,7.61340171056401e-06,1,1,1,1
"chr036863.1_44759267",1.08904187573229e-09,3.1244686300812e-21,0.000213961568443362,0.0150416485815844,7.30903648387923e-05,0.541980712965939,"chr036863.1",44759267,36863.1,"NC_","NC_036863.1",1.57116071411898e-05,4.50767089261814e-17,1,1,1,1
"chr036863.1_46743567",6.48973023629016e-10,1.87235588483259e-09,0.411018183257517,0.141559511594909,0.151244979510005,0.000698042345311144,"chr036863.1",46743567,36863.1,"NC_","NC_036863.1",9.36273381189581e-06,2.70124783504798e-05,1,1,1,1
"chr036863.1_46743718",0.0010898525056086,1.55166998672466e-10,0.630215845307739,0.623676754837452,0.398113220632994,0.341909032139483,"chr036863.1",46743718,36863.1,"NC_","NC_036863.1",1,2.23859428984766e-06,1,1,1,1
"chr036864.1_204402",7.50194530946258e-06,3.39549632671471e-07,0.576816223974486,0.815319658506321,0.536036844848372,0.793427429802383,"chr036864.1",204402,36864.1,"NC_","NC_036864.1",0.108230564979617,0.00489868255055132,1,1,1,1
"chr036864.1_204480",3.52175541732653e-05,1.14895764619298e-13,0.336668327159555,0.532867065605423,0.175701455357189,0.0360169323304065,"chr036864.1",204480,36864.1,"NC_","NC_036864.1",0.508083654057699,1.65760119616261e-09,1,1,1,1
"chr036864.1_204594",5.38431124248588e-06,1.63491557866116e-08,0.735901056761066,0.210329582475538,0.108974322028167,0.801799683927999,"chr036864.1",204594,36864.1,"NC_","NC_036864.1",0.0776794582953437,0.000235869270533445,1,1,1,1
"chr036865.1_7412081",0.000730128688599534,2.94043881293874e-34,0.37977702461641,0.119045038057871,0.000107504604334042,0.40553792092082,"chr036865.1",7412081,36865.1,"NC_","NC_036865.1",1,4.24217107542671e-30,1,1,1,1
"chr036865.1_24650697",3.17199202149756e-08,3.08676987992567e-14,0.551069916805216,0.904013253831751,0.764185973161361,0.72389466602356,"chr036865.1",24650697,36865.1,"NC_","NC_036865.1",0.000457623288941453,4.45328290576877e-10,1,1,1,1
"chr036865.1_24650796",0.0448636045889928,1.06727362177595e-55,0.084849472000116,0.00910813823405757,0.179579041831317,0.00132205829873824,"chr036865.1",24650796,36865.1,"NC_","NC_036865.1",1,1.53975565413616e-51,1,1,1,1
"chr036865.1_24650797",0.00215314205971147,1.71359577466621e-12,0.376551821666189,0.778200301312513,0.989655726791664,0.281425705781475,"chr036865.1",24650797,36865.1,"NC_","NC_036865.1",1,2.47220462411095e-08,1,1,1,1
"chr036865.1_24650836",0.199758643371674,6.73131988414969e-07,0.830872459186396,0.0701845552345029,0.458018325570417,0.801158827726161,"chr036865.1",24650836,36865.1,"NC_","NC_036865.1",1,0.00971127519686276,1,1,1,1
"chr036866.1_4594602",0.00703233218069381,1.81220594903006e-07,0.455926568162706,0.00639237065608408,0.711921494311602,0.682743808561685,"chr036866.1",4594602,36866.1,"NC_","NC_036866.1",1,0.00261446952266567,1,1,1,1
"chr036866.1_9238855",0.07330107821528,2.51366468081402e-06,0.0663690293158527,0.000259745890190064,0.000364103695064932,0.0328417315528906,"chr036866.1",9238855,36866.1,"NC_","NC_036866.1",1,0.0362646403501038,1,1,1,1
"chr036866.1_19865613",0.0914372365636266,3.06498286790355e-07,0.962732777747824,0.244974662895857,0.256339479451557,0.966167309231233,"chr036866.1",19865613,36866.1,"NC_","NC_036866.1",1,0.00442185078352445,1,1,1,1
"chr036866.1_19865749",0.00642712596436392,3.3969072075334e-07,0.22380067897165,0.639151714848159,0.916838340003786,0.375500141604754,"chr036866.1",19865749,36866.1,"NC_","NC_036866.1",1,0.00490071802830844,1,1,1,1
"chr036866.1_27658415",0.468699548744408,7.09214341788402e-13,0.0868608258894221,0.105562240427011,0.803266770002576,0.0830513870329613,"chr036866.1",27658415,36866.1,"NC_","NC_036866.1",1,1.02318353089813e-08,1,1,1,1
"chr036866.1_35656554",0.000106454103366256,5.17018240139273e-18,0.18854156591781,0.0280527879447747,0.370072920785171,0.907167822073735,"chr036866.1",35656554,36866.1,"NC_","NC_036866.1",1,7.4590221504893e-14,1,1,1,1
"chr036866.1_35656883",0.138733107217348,7.65968045208008e-18,0.911055486190776,0.0272321575182172,0.273181773073566,0.713694874853338,"chr036866.1",35656883,36866.1,"NC_","NC_036866.1",1,1.10506209882159e-13,1,1,1,1
"chr036866.1_35656884",0.00896368797736831,7.19263620840868e-07,0.473759454210388,0.413426661921063,0.988180995940037,0.901670472983121,"chr036866.1",35656884,36866.1,"NC_","NC_036866.1",1,0.0103768162578712,1,1,1,1
"chr036866.1_35656890",0.000228124708446425,1.14995158447492e-06,0.58710575164518,2.6784498708723e-08,0.0640199740346942,0.24714715572609,"chr036866.1",35656890,36866.1,"NC_","NC_036866.1",1,0.0165903515092197,1,0.000386419962870746,1,1
"chr036866.1_35656911",2.65128155892166e-07,1.69274037382677e-09,0.827803294404399,7.1833285324864e-05,0.0289170091911878,0.165534225476094,"chr036866.1",35656911,36866.1,"NC_","NC_036866.1",0.00382500390505628,2.44211653731988e-05,1,1,1,1
"chr036866.1_35656931",2.86643327140152e-05,1.76949615432936e-07,0.887875416798893,0.777710989410371,0.696783535735431,0.704314149145434,"chr036866.1",35656931,36866.1,"NC_","NC_036866.1",0.413540328065097,0.00255285210185097,1,1,1,1
"chr036866.1_35656940",0.000238037193935858,6.02644614196721e-07,0.195184445404541,0.133366151619114,0.102388749824425,0.0945811563907788,"chr036866.1",35656940,36866.1,"NC_","NC_036866.1",1,0.0086943538490161,1,1,1,1
"chr036866.1_44339794",1.84881407114904e-05,8.67265707402148e-07,0.418012920101606,0.814218889814581,0.100456477555099,0.868416937314347,"chr036866.1",44339794,36866.1,"NC_","NC_036866.1",0.266728406044672,0.0125120423606908,1,1,1,1
"chr036866.1_49036349",1.46565740813489e-05,7.85744100520922e-07,0.202210462809678,0.002977235806928,0.049313595058081,0.269994233350975,"chr036866.1",49036349,36866.1,"NC_","NC_036866.1",0.211450394271621,0.0113359301382153,1,1,1,1
"chr036866.1_49036933",0.111698546990676,1.84261448799899e-08,0.0428898706246022,0.79835553759738,6.05061923043957e-05,0.59853577828985,"chr036866.1",49036933,36866.1,"NC_","NC_036866.1",1,0.000265833992183615,1,1,0.872922836375516,1
"chr036867.1_5984034",0.545689140964853,2.39194796977186e-10,0.54383834895043,0.0577715069931309,0.740472114128892,0.692192257544884,"chr036867.1",5984034,36867.1,"NC_","NC_036867.1",1,3.45086333598987e-06,1,1,1,1
"chr036867.1_9316811",3.82210890873533e-07,3.40841225009667e-10,0.446177174611345,2.09054149655383e-06,0.044172825139533,0.0957281569033123,"chr036867.1",9316811,36867.1,"NC_","NC_036867.1",0.00551415652263245,4.91731635321447e-06,1,0.0301602421707822,1,1
"chr036867.1_9316856",9.03678847587068e-10,2.26771343131308e-07,0.987961408895083,0.0067612514397789,0.278202530698109,0.0815906659549435,"chr036867.1",9316856,36867.1,"NC_","NC_036867.1",1.30373747341386e-05,0.00327163016735538,1,1,1,1
"chr036867.1_9317030",0.383885651122729,1.64177536735259e-13,0.757695421902864,0.0470857789506699,0.236080748744992,0.093707091648979,"chr036867.1",9317030,36867.1,"NC_","NC_036867.1",1,2.36858932247958e-09,1,1,1,1
"chr036867.1_17635829",0.829137520108854,7.34189427888528e-07,0.551395183629208,0.271719732335857,0.0243979496257401,0.191544970261886,"chr036867.1",17635829,36867.1,"NC_","NC_036867.1",1,0.0105921508761478,1,1,1,1
"chr036867.1_18664931",0.0226378104262766,3.08940770260063e-06,0.615764578673379,0.61219769717905,0.101477274303355,0.106321427354712,"chr036867.1",18664931,36867.1,"NC_","NC_036867.1",1,0.0445708849254193,1,1,1,1
"chr036867.1_21318060",0.287969349315469,8.12264402161087e-09,0.0613988886618131,0.125911533276914,0.0779931900572652,0.188278689759664,"chr036867.1",21318060,36867.1,"NC_","NC_036867.1",1,0.00011718538529978,1,1,1,1
"chr036867.1_26053875",1.35489665243101e-05,2.24934961025444e-13,0.0289760688656775,0.135113708438008,0.699281519585706,0.132091205836032,"chr036867.1",26053875,36867.1,"NC_","NC_036867.1",0.195470940046221,3.24513668271407e-09,1,1,1,1
"chr036867.1_26500475",0.3715745814818,3.41745822062061e-10,0.0274930942298642,0.627019703236681,0.750165905604152,0.496455957525556,"chr036867.1",26500475,36867.1,"NC_","NC_036867.1",1,4.93036697488936e-06,1,1,1,1
"chr036867.1_26500681",0.000160623692300707,2.4289507504926e-08,0.856591824574332,0.456564927017066,0.326287842371867,0.240609555211563,"chr036867.1",26500681,36867.1,"NC_","NC_036867.1",1,0.000350424724773567,1,1,1,1
"chr036867.1_26500685",2.73765945807711e-08,1.95206530137269e-06,0.176462002872399,0.350544994480753,0.258596469005677,0.563981728994822,"chr036867.1",26500685,36867.1,"NC_","NC_036867.1",0.000394962130016785,0.0281624461029039,1,1,1,1
"chr036867.1_27912741",4.43637843531668e-07,1.32159909312233e-09,0.0522364476147902,0.171487826138859,0.729117003384396,2.68957608526454e-05,"chr036867.1",27912741,36867.1,"NC_","NC_036867.1",0.00640036316863138,1.90667101164759e-05,1,1,1,0.388025141821115
"chr036867.1_27912843",0.0219159510246609,9.99866129834316e-07,0.508654795743809,0.108743507861377,0.0273194623255648,0.323933482370165,"chr036867.1",27912843,36867.1,"NC_","NC_036867.1",1,0.0144250686551197,1,1,1,1
"chr036867.1_28906184",0.440897011199502,1.44497684384793e-06,0.354938062503829,0.285274379794887,0.137245669413041,0.0339608797088544,"chr036867.1",28906184,36867.1,"NC_","NC_036867.1",1,0.0208466809261941,1,1,1,1
"chr036867.1_33083473",0.198151122534843,3.61336762381877e-07,0.882948193501165,0.21937815740517,0.589810156111609,0.720409889356017,"chr036867.1",33083473,36867.1,"NC_","NC_036867.1",1,0.00521300547088335,1,1,1,1
"chr036867.1_38731671",0.441158123035832,3.76658871649111e-08,0.834773986247196,0.0558970222144093,0.471694658453984,0.0637406417771908,"chr036867.1",38731671,36867.1,"NC_","NC_036867.1",1,0.000543405754128173,1,1,1,1
"chr036867.1_38731675",0.000792094080167338,1.05934410446069e-10,0.477789775069943,0.923813946754124,0.200833532460817,0.201613987149498,"chr036867.1",38731675,36867.1,"NC_","NC_036867.1",1,1.52831573950543e-06,1,1,1,1
"chr036867.1_38731676",0.0745273023413215,3.45030579984205e-13,0.731453143280718,0.279802249515996,0.508053280906738,0.196392844345642,"chr036867.1",38731676,36867.1,"NC_","NC_036867.1",1,4.97775617743213e-09,1,1,1,1
"chr036867.1_38731701",0.00843462961214087,2.3248852912874e-06,0.381114642550856,0.184402743675584,0.105738485866086,0.0814069865775306,"chr036867.1",38731701,36867.1,"NC_","NC_036867.1",1,0.0335411200974033,1,1,1,1
"chr036867.1_38731737",0.0453102571469537,1.47168979751917e-07,0.133453938440946,5.51405699424086e-05,0.101454899289658,0.720856109161159,"chr036867.1",38731737,36867.1,"NC_","NC_036867.1",1,0.00212320687088091,1,0.795513002559128,1,1
"chr036867.1_38731788",0.0262064499780571,1.23219240927582e-22,0.0265039029832885,0.00646949755445848,0.166643062781428,0.021715821021322,"chr036867.1",38731788,36867.1,"NC_","NC_036867.1",1,1.77768398886223e-18,1,1,1,1
"chr036867.1_38731789",0.0547477208575379,4.30325441343316e-07,0.277772889775235,0.972354236735339,0.653617180334981,0.673824533092519,"chr036867.1",38731789,36867.1,"NC_","NC_036867.1",1,0.00620830514226002,1,1,1,1
"chr036867.1_38731792",0.0580500909796669,2.54938316868475e-07,0.332193450932892,0.676738054625699,0.154521987130548,0.153439518752697,"chr036867.1",38731792,36867.1,"NC_","NC_036867.1",1,0.00367799509746149,1,1,1,1
"chr036867.1_38731842",0.00163756060079572,8.71211568889134e-16,0.400418091858389,0.00634307030736766,0.403067994753812,0.00310352671489462,"chr036867.1",38731842,36867.1,"NC_","NC_036867.1",1,1.25689693043635e-11,1,1,1,1
"chr036868.1_10315363",0.245156218325852,3.68513776629432e-07,0.133775291558454,0.0376378295963487,0.758242533855204,0.0629022195863918,"chr036868.1",10315363,36868.1,"NC_","NC_036868.1",1,0.00531654825543282,1,1,1,1
"chr036868.1_11397151",0.141588590016224,4.60959866962519e-08,0.288325450697569,0.374046881533618,0.144359059157768,0.296408998812409,"chr036868.1",11397151,36868.1,"NC_","NC_036868.1",1,0.000665026800066826,1,1,1,1
"chr036868.1_11397332",0.830887643933922,3.91902396932538e-09,0.988677411166305,0.0300577071562445,4.58163306559967e-10,0.844530244270523,"chr036868.1",11397332,36868.1,"NC_","NC_036868.1",1,5.65397588054572e-05,1,1,6.60992202374064e-06,1
"chr036868.1_18078371",1.54523364102264e-13,1.96247199736037e-14,0.223873477143645,0.700748522312811,0.817173070502641,0.187724428486299,"chr036868.1",18078371,36868.1,"NC_","NC_036868.1",2.22930857390336e-09,2.83125835059181e-10,1,1,1,1
"chr036868.1_25026330",0.00553576464321317,2.70930653592614e-07,0.875502923259881,0.382983806734396,0.195068376782073,0.863632671076067,"chr036868.1",25026330,36868.1,"NC_","NC_036868.1",1,0.00390871653938064,1,1,1,1
"chr036868.1_25026336",4.31569451757926e-08,4.13431896767786e-12,0.873129734982485,0.00473869097643323,0.356169677067987,0.604958602903459,"chr036868.1",25026336,36868.1,"NC_","NC_036868.1",0.000622625248051159,5.96458197466885e-08,1,1,1,1
"chr036868.1_25026360",5.37891398082233e-13,2.16627064524311e-18,0.0163216763379342,0.566481626498627,0.000125031198468673,0.293539358274389,"chr036868.1",25026360,36868.1,"NC_","NC_036868.1",7.76015920013238e-09,3.12527865989223e-14,1,1,1,1
"chr036868.1_25026443",0.0156430415051121,1.52238259771313e-10,7.00310452789135e-06,0.0118191495587545,0.0325933401556025,0.00288085122960289,"chr036868.1",25026443,36868.1,"NC_","NC_036868.1",1,2.19634137372073e-06,0.101033789023888,1,1,1
"chr036868.1_25026491",0.0219493909959461,3.84986961279302e-07,0.512244672902827,0.206474925358558,0.01405518656976,0.103757021149404,"chr036868.1",25026491,36868.1,"NC_","NC_036868.1",1,0.00555420689037649,1,1,1,1
"chr036869.1_24694587",8.85629832839848e-11,8.58081093920404e-09,0.667789608140376,0.905834079226467,0.92967087856028,0.429414005821127,"chr036869.1",24694587,36869.1,"NC_","NC_036869.1",1.27769815983805e-06,0.000123795359419897,1,1,1,1
"chr036869.1_24753232",0.000824279687108982,9.00034125134537e-11,0.539351448871836,0.281692907939316,0.0052575141774288,0.00226748238504002,"chr036869.1",24753232,36869.1,"NC_","NC_036869.1",1,1.2984792323316e-06,1,1,1,1
"chr036869.1_24753258",0.00874656681857193,2.98829366451475e-07,0.374414151009993,0.826476124980097,0.132517060081963,0.0614051462728033,"chr036869.1",24753258,36869.1,"NC_","NC_036869.1",1,0.00431121126979543,1,1,1,1
"chr036869.1_24753268",0.04700575891295,5.94400565819706e-07,0.11335659433857,0.698608036938723,0.0142842365823626,0.00312942062590325,"chr036869.1",24753268,36869.1,"NC_","NC_036869.1",1,0.0085754169630809,1,1,1,1
"chr036869.1_24753306",0.0968168829908222,1.36258528911233e-06,0.710569467493063,0.0781339758965101,0.488152551153123,0.00662924798590426,"chr036869.1",24753306,36869.1,"NC_","NC_036869.1",1,0.0196580179660236,1,1,1,1
"chr036869.1_24753356",5.58744963279239e-05,2.45942875958056e-07,0.180082116259589,0.0171658852892954,0.000593099976089669,0.136519194666872,"chr036869.1",24753356,36869.1,"NC_","NC_036869.1",0.806101358522958,0.00354821787144688,1,1,1,1
"chr036869.1_24753406",0.00484046009682909,1.0602798498624e-06,0.76346691015204,0.621426748611777,0.238254604717358,0.00106628744555806,"chr036869.1",24753406,36869.1,"NC_","NC_036869.1",1,0.0152966573939649,1,1,1,1
"chr036869.1_24753446",0.0244751547611294,6.33820760470809e-07,0.365359237874416,0.626181211775808,0.971500940472112,0.00465744337443509,"chr036869.1",24753446,36869.1,"NC_","NC_036869.1",1,0.00914413211131236,1,1,1,1
"chr036870.1_6401135",2.76220787669035e-05,4.33760935955122e-07,0.532252313184666,0.722611550100667,0.997446224000887,0.101249825409921,"chr036870.1",6401135,36870.1,"NC_","NC_036870.1",0.398503730370116,0.00625786902302454,1,1,1,1
"chr036870.1_6401149",0.194036559007188,2.51130882974833e-08,0.888457115180153,0.497697427965681,0.573319218799791,0.795847022480693,"chr036870.1",6401149,36870.1,"NC_","NC_036870.1",1,0.000362306524867791,1,1,1,1
"chr036870.1_19671550",9.75933039198669e-05,1.15568906139065e-07,0.852698972238938,0.122448735659837,0.20575796803687,0.506402477104406,"chr036870.1",19671550,36870.1,"NC_","NC_036870.1",1,0.00166731260886829,1,1,1,1
"chr036870.1_19671574",0.00030049776269235,3.42920184036684e-07,0.94140968021896,0.735762341643066,0.196042606164601,0.91559172772256,"chr036870.1",19671574,36870.1,"NC_","NC_036870.1",1,0.00494730949509724,1,1,1,1
"chr036870.1_19671577",2.25422714790519e-07,1.850779988404e-12,0.127510452955252,0.841933049315893,0.0663602651196068,0.399553386342497,"chr036870.1",19671577,36870.1,"NC_","NC_036870.1",0.00325217350628282,2.67012028927045e-08,1,1,1,1
"chr036870.1_19671593",0.000108411551230139,1.34630850001536e-07,0.0771799060588031,0.890857652926129,0.838450723633319,0.433939935532399,"chr036870.1",19671593,36870.1,"NC_","NC_036870.1",1,0.00194231927297216,1,1,1,1
"chr036870.1_23024582",0.0155573060123076,2.44551865382825e-09,0.348429455340617,0.929486836164097,0.480554538024427,0.994988580380226,"chr036870.1",23024582,36870.1,"NC_","NC_036870.1",1,3.52814976187801e-05,1,1,1,1
"chr036870.1_23024596",0.014740981101341,1.41227834438947e-06,0.610791740399669,0.780034979460195,0.354137125317095,0.31088290648079,"chr036870.1",23024596,36870.1,"NC_","NC_036870.1",1,0.0203749396745069,1,1,1,1
"chr036870.1_23024600",0.00366062459646871,2.26832488734433e-06,0.481638492439912,0.570055415401237,0.696438767589929,0.601001835616009,"chr036870.1",23024600,36870.1,"NC_","NC_036870.1",1,0.0327251231497167,1,1,1,1
"chr036870.1_23024617",0.00160470881517293,1.55701289697777e-07,0.927285927433568,0.75266131170628,0.338058651408377,0.858006996924481,"chr036870.1",23024617,36870.1,"NC_","NC_036870.1",1,0.00224630250646983,1,1,1,1
"chr036870.1_23024636",0.00124204218949941,2.34178486005364e-07,0.937333510792355,0.558645919155828,0.928351292437343,0.999931267187892,"chr036870.1",23024636,36870.1,"NC_","NC_036870.1",1,0.00337849301759938,1,1,1,1
"chr036870.1_23024645",0.0104386434731755,8.11823049561126e-10,0.311693230213862,0.6928530414036,0.26420439103337,0.994156001689566,"chr036870.1",23024645,36870.1,"NC_","NC_036870.1",1,1.17121711360184e-05,1,1,1,1
"chr036870.1_23024736",0.00326373146260842,1.28736067036022e-19,0.340028860786521,0.747067147092033,0.907998834425244,0.0576877196119802,"chr036870.1",23024736,36870.1,"NC_","NC_036870.1",1,1.85727523912869e-15,1,1,1,1
"chr036870.1_23024745",0.0544613746790249,6.5979033969212e-09,0.378599770443287,0.534609886163417,0.238897173559631,0.324206712731832,"chr036870.1",23024745,36870.1,"NC_","NC_036870.1",1,9.51879523073822e-05,1,1,1,1
"chr036870.1_23024753",0.0870134831156687,1.00953820476165e-07,0.137053493524045,0.861152745941574,0.802724691416447,0.432357239254378,"chr036870.1",23024753,36870.1,"NC_","NC_036870.1",1,0.00145646076800963,1,1,1,1
"chr036870.1_23024762",0.000519280896749783,6.65329271355393e-16,0.380045817063285,0.639173729374098,0.995392560992491,0.501083367891376,"chr036870.1",23024762,36870.1,"NC_","NC_036870.1",1,9.59870539784426e-12,1,1,1,1
"chr036870.1_23024780",0.0138386951484536,4.31388872905255e-09,0.287867875770211,0.833855574345054,0.950937436211876,0.0563933325147152,"chr036870.1",23024780,36870.1,"NC_","NC_036870.1",1,6.22364726940411e-05,1,1,1,1
"chr036870.1_29661350",0.0214856547459736,6.6244006506486e-10,0.679655230289299,0.211980561781436,0.500457041060027,0.477009235126572,"chr036870.1",29661350,36870.1,"NC_","NC_036870.1",1,9.55702281869074e-06,1,1,1,1
"chr036871.1_1522810",0.000778851855937383,2.81958252036111e-11,0.123647815269567,0.778251102892013,0.0223933044224816,0.282310914681536,"chr036871.1",1522810,36871.1,"NC_","NC_036871.1",1,4.06781170212497e-07,1,1,1,1
"chr036871.1_9320191",0.341348689941573,2.45154624565836e-09,0.518865947557268,0.985769173093605,0.177277948399705,0.46366997700605,"chr036871.1",9320191,36871.1,"NC_","NC_036871.1",1,3.53684576861132e-05,1,1,1,1
"chr036871.1_9320204",0.456923609128335,2.81475087444039e-06,0.210583880969841,0.437040648874776,0.434943341797761,0.867335906085259,"chr036871.1",9320204,36871.1,"NC_","NC_036871.1",1,0.0406084108655515,1,1,1,1
"chr036871.1_9320205",0.0258927734448871,1.94267981974619e-08,0.456098866897711,0.66577660226582,0.630881969827419,0.832280967839426,"chr036871.1",9320205,36871.1,"NC_","NC_036871.1",1,0.000280270417594782,1,1,1,1
"chr036871.1_9320223",0.0868762742851025,2.57746852913393e-07,0.644633128110724,0.611488338177498,0.787281549603229,0.387986039455254,"chr036871.1",9320223,36871.1,"NC_","NC_036871.1",1,0.00371851384698153,1,1,1,1
"chr036871.1_9320253",2.18031556650785e-06,3.38560738613558e-26,0.382790368056111,0.811992077581415,0.829013466612999,0.105636423934027,"chr036871.1",9320253,36871.1,"NC_","NC_036871.1",0.0314554126780088,4.88441577597779e-22,1,1,1,1
"chr036871.1_25762920",0.017136312284494,6.39919242682924e-09,0.829326023257097,0.902231737841292,0.737134767428256,0.985173494191646,"chr036871.1",25762920,36871.1,"NC_","NC_036871.1",1,9.23211491418655e-05,1,1,1,1
"chr036871.1_28086250",0.000333841703490879,5.86529176228465e-13,0.469944322320971,0.000386786186551002,0.590434661024135,0.527564633226848,"chr036871.1",28086250,36871.1,"NC_","NC_036871.1",1,8.46185642544806e-09,1,1,1,1
"chr036871.1_28086347",3.91633117463848e-08,1.28675662362718e-06,0.336116398950566,0.35802044176138,0.0657411683515992,0.388053573626225,"chr036871.1",28086347,36871.1,"NC_","NC_036871.1",0.000565009098565093,0.0185640378090693,1,1,1,1
"chr036871.1_28086370",0.0020074583336491,3.63416215577962e-07,0.752444440017099,0.0346102542455768,0.549914035277433,0.618364218163898,"chr036871.1",28086370,36871.1,"NC_","NC_036871.1",1,0.00524300574214325,1,1,1,1
"chr036871.1_28086381",0.214042018254234,1.10195162255099e-10,0.262755209600234,0.0884249467445311,0.171918096213089,0.0559332275835088,"chr036871.1",28086381,36871.1,"NC_","NC_036871.1",1,1.58978560585431e-06,1,1,1,1
"chr036871.1_28086403",0.0920826331395064,3.62533773524249e-09,0.356146255039197,0.564778881315885,0.126282060796339,0.517030856962783,"chr036871.1",28086403,36871.1,"NC_","NC_036871.1",1,5.23027475063434e-05,1,1,1,1
"chr036872.1_11006765",0.348771065337327,1.55223380506277e-08,0.676788247025419,0.596904441106459,0.225852165373047,0.684758597674922,"chr036872.1",11006765,36872.1,"NC_","NC_036872.1",1,0.000223940771056406,1,1,1,1
"chr036872.1_11006847",0.00711742098619854,2.20388629128885e-08,0.293702841266963,0.408684669608587,0.682352013805745,0.207450953988341,"chr036872.1",11006847,36872.1,"NC_","NC_036872.1",1,0.000317954675244242,1,1,1,1
"chr036872.1_11006848",0.000130520105978069,6.51932672026046e-07,0.803127748868045,0.761791435227576,0.446394123742861,0.569369635922389,"chr036872.1",11006848,36872.1,"NC_","NC_036872.1",1,0.00940543265931977,1,1,1,1
"chr036872.1_11006910",0.000924319176537136,1.33831883086255e-09,0.0942973777822192,0.545348383889518,0.364315202748663,0.14634779008865,"chr036872.1",11006910,36872.1,"NC_","NC_036872.1",1,1.9307925772854e-05,1,1,1,1
"chr036872.1_11006931",0.000538454126713241,1.04595211554397e-06,0.766811191893243,0.578628678817415,0.235725375659874,0.61111244089217,"chr036872.1",11006931,36872.1,"NC_","NC_036872.1",1,0.0150899511709529,1,1,1,1
"chr036872.1_11007028",0.000125310999519498,1.20298972453238e-06,0.355641599190343,0.579324275808019,0.67476883538886,0.437287282880242,"chr036872.1",11007028,36872.1,"NC_","NC_036872.1",1,0.0173555327558287,1,1,1,1
"chr036872.1_21594185",4.25771804887204e-05,3.70565054203806e-13,0.811961676661383,0.215320995064257,0.00125410070216714,0.794085089429308,"chr036872.1",21594185,36872.1,"NC_","NC_036872.1",0.614260982910769,5.34614203699831e-09,1,1,1,1
"chr036872.1_21594262",0.00220793868024738,2.25314140124273e-11,0.0941675921837989,0.0338987706284837,0.012469182000178,0.293014465562941,"chr036872.1",21594262,36872.1,"NC_","NC_036872.1",1,3.25060709957289e-07,1,1,1,1
"chr036872.1_21594320",9.13330072228221e-08,4.06334337094123e-11,0.00417923934056338,3.38041826638454e-05,0.0350831277462844,0.376491984254186,"chr036872.1",21594320,36872.1,"NC_","NC_036872.1",0.00131766129520365,5.86218548125692e-07,1,0.487692943291298,1,1
"chr036872.1_21594321",0.237878398280424,2.48264647198475e-08,0.327968034669471,0.719571319064471,0.609509956083305,0.681601573243262,"chr036872.1",21594321,36872.1,"NC_","NC_036872.1",1,0.00035817140651324,1,1,1,1
"chr036872.1_32455921",0.113457233084677,1.26978497157268e-08,0.391060236305539,0.658298041842368,0.914775804239119,0.254090918474822,"chr036872.1",32455921,36872.1,"NC_","NC_036872.1",1,0.000183191877848791,1,1,1,1
"chr036872.1_32455922",0.146054940466803,2.18079864207553e-16,0.179803497967475,0.446953371202596,0.994337930961256,0.967462871894934,"chr036872.1",32455922,36872.1,"NC_","NC_036872.1",1,3.14623820092236e-12,1,1,1,1
"chr036872.1_32456017",0.0285683652909619,5.52845308506459e-07,0.0581736314911487,0.0395145259408936,0.158420916434337,0.903225353928997,"chr036872.1",32456017,36872.1,"NC_","NC_036872.1",1,0.00797589926582269,1,1,1,1
"chr036872.1_32456045",0.00116709220243079,8.39473735027439e-07,0.0545135346354053,0.699830131606628,0.915128355272265,0.646862563113913,"chr036872.1",32456045,36872.1,"NC_","NC_036872.1",1,0.0121110875752409,1,1,1,1
"chr036874.1_14568774",0.00249742787808208,2.09752769319461e-06,0.850043162441616,0.176972298849343,0.937347160099838,0.0922057009803639,"chr036874.1",14568774,36874.1,"NC_","NC_036874.1",1,0.0302610320297186,1,1,1,1
"chr036875.1_267794",0.121311324379004,3.09923991642205e-06,4.56162975545996e-06,0.00204493069266976,0.0702014348499199,0.170608846062483,"chr036875.1",267794,36875.1,"NC_","NC_036875.1",1,0.044712734274221,0.0658106324820208,1,1,1
"chr036875.1_2908995",0.0150268480687661,3.26157147764669e-28,0.100479925850867,0.000186081077238841,0.674151171850725,0.438221622592775,"chr036875.1",2908995,36875.1,"NC_","NC_036875.1",1,4.70546917080088e-24,1,1,1,1
"chr036875.1_5459564",0.000229018884832083,4.05459644067632e-09,0.00157423873437451,0.569883127173367,0.620669236297869,0.431994678759999,"chr036875.1",5459564,36875.1,"NC_","NC_036875.1",1,5.84956628496373e-05,1,1,1,1
"chr036875.1_16156648",0.267235360098178,6.19928361552169e-09,0.683858213014067,0.327467077737966,0.827327549152109,0.810791735264829,"chr036875.1",16156648,36875.1,"NC_","NC_036875.1",1,8.94370647211314e-05,1,1,1,1
"chr036875.1_18374585",2.45721533867909e-11,4.10414041666141e-07,0.695414985017198,6.16220290917724e-15,0.0659586689614419,0.464856691302896,"chr036875.1",18374585,36875.1,"NC_","NC_036875.1",3.54502456911232e-07,0.00592104337911741,1,8.89021013707001e-11,1,1
"chr036875.1_19324691",0.0437351332024143,2.37158589397759e-09,0.490803941557969,0.00582829161828998,0.188878606850745,0.37808977941136,"chr036875.1",19324691,36875.1,"NC_","NC_036875.1",1,3.42148696924147e-05,1,1,1,1
"chr036875.1_21566548",0.581539919497117,1.85575136104342e-06,0.0884441801693349,0.415331464953279,0.00287923205428692,0.0241348169269833,"chr036875.1",21566548,36875.1,"NC_","NC_036875.1",1,0.0267729248857734,1,1,1,1
"chr036875.1_31152425",0.301787128210873,2.77160671939741e-07,0.463264530789429,0.00734511112597566,0.0418050110283589,0.101109878609758,"chr036875.1",31152425,36875.1,"NC_","NC_036875.1",1,0.00399859701407464,1,1,1,1
"chr036875.1_33148435",0.852664973625269,7.22728930731635e-07,0.129037638365312,0.00211035992734887,0.0486358537008298,0.94186945428935,"chr036875.1",33148435,36875.1,"NC_","NC_036875.1",1,0.0104268102836653,1,1,1,1
"chr036875.1_33926550",0.00250647347843729,2.89417970771422e-06,0.0733123267385913,0.603452101634421,0.413037980257765,0.0535495594762897,"chr036875.1",33926550,36875.1,"NC_","NC_036875.1",1,0.041754330643193,1,1,1,1
"chr036875.1_33926592",2.08262483648359e-06,1.29417513576975e-14,0.538327311373699,0.545792653433414,0.526356008108002,0.774669973945772,"chr036875.1",33926592,36875.1,"NC_","NC_036875.1",0.0300460285159487,1.86710646837502e-10,1,1,1,1
"chr036875.1_33926598",1.12738680133705e-06,1.03662451936204e-07,0.0495399080684718,0.209710684513031,0.0136046084158411,0.939650810896172,"chr036875.1",33926598,36875.1,"NC_","NC_036875.1",0.0162648093828896,0.00149553819408362,1,1,1,1
"chr036875.1_33926645",0.00019984895053693,3.9472696753023e-07,0.432182849679721,0.980689207468144,0.910644358374399,0.94840033297154,"chr036875.1",33926645,36875.1,"NC_","NC_036875.1",1,0.00569472596055863,1,1,1,1
"chr036875.1_33926763",0.0205140989638446,4.62068654941716e-11,0.062651884315853,0.00735737223592186,0.276974915798877,0.0264914223812253,"chr036875.1",33926763,36875.1,"NC_","NC_036875.1",1,6.66626448484414e-07,1,1,1,1
"chr036875.1_33926792",0.108589333564402,6.04585389894956e-11,0.434647662684267,0.00967772736865127,0.0182662235038405,0.996231213026818,"chr036875.1",33926792,36875.1,"NC_","NC_036875.1",1,8.72235342001453e-07,1,1,1,1
"chr036875.1_33926801",3.55481885675307e-07,8.29539396461098e-11,0.07943730584448,0.483563191294679,0.235366279028046,0.105870806743465,"chr036875.1",33926801,36875.1,"NC_","NC_036875.1",0.00512853716463765,1.19677648727443e-06,1,1,1,1
"chr036875.1_38337075",0.288801583590666,1.51304596870872e-06,0.742808225968727,0.00989422300269755,0.547758392745372,0.258146848594037,"chr036875.1",38337075,36875.1,"NC_","NC_036875.1",1,0.0218287141905607,1,1,1,1
"chr036875.1_38337358",0.0300869966168233,3.33418151984399e-10,0.000389539444780827,0.0949162030916445,0.523362610315107,0.00116016392739216,"chr036875.1",38337358,36875.1,"NC_","NC_036875.1",1,4.81022367867892e-06,1,1,1,1
"chr036875.1_39898387",7.24763721660572e-10,7.6620231378196e-10,0.0111845014749897,0.862150553883576,0.0876707469830817,0.232352964814457,"chr036875.1",39898387,36875.1,"NC_","NC_036875.1",1.04561662123971e-05,1.10540007809323e-05,1,1,1,1
"chr036876.1_6158763",0.00243004477409071,6.72390677840131e-11,0.00101213674533735,0.301626728352952,0.0203283977220368,0.0812634868598703,"chr036876.1",6158763,36876.1,"NC_","NC_036876.1",1,9.70058030919958e-07,1,1,1,1
"chr036876.1_6158955",2.37578111501678e-05,2.24130896326248e-08,0.0143784448282712,0.263287016787677,0.000673566067711383,0.394356575582651,"chr036876.1",6158955,36876.1,"NC_","NC_036876.1",0.342753941463471,0.000323353644129878,1,1,1,1
"chr036876.1_8226768",0.000105118592721236,1.36192604406401e-09,0.240871118392472,0.0836585987538148,0.0420822518335896,0.107374306659398,"chr036876.1",8226768,36876.1,"NC_","NC_036876.1",1,1.96485070377115e-05,1,1,1,1
"chr036876.1_8226837",0.553119432598357,2.37940375071999e-07,0.863393788797135,0.0348383613047375,0.566963417051368,0.230829286800792,"chr036876.1",8226837,36876.1,"NC_","NC_036876.1",1,0.00343276579116373,1,1,1,1
